+Meta 	 AgamaH/pAshupataH/meta/
+MT 	 AgamaH/pAshupataH/meta/MT/
+pAshupataH 	 AgamaH/pAshupataH/
+आगमः 	 AgamaH/
+शैवः 	 
The Vyomavyāpin in the 	 AgamaH/pAshupataH/meta/MT/2023-01-03_the-vyomavyapin-in-the-pasupata-tantra-and-a-discu/
+Articles 	 meta/articles/
+अधिशैवम् 	 meta/
The vyomavyApin mantra 	 meta/articles/MT/2008-02-10_the-vyomavyapin-mantra/
शैवतन्त्रे मानसतरङ्गिणीकृल्लेखाः 	 meta/articles/MT/
+Articles 	 sampradAyaH/kaulaH_shAktaH/articles/
+कौलः शाक्तः 	 sampradAyaH/kaulaH_shAktaH/
+मानसतरङ्गिणीकृल्-लेखाः 	 sampradAyaH/kaulaH_shAktaH/articles/MT_lekhAH/
+सम्प्रदायः 	 sampradAyaH/
The devAlaya at mAlinIthan 	 sampradAyaH/kaulaH_shAktaH/articles/MT_lekhAH/2007-05-14_the-devalaya-at-malinithan/
shrIvidyA beyond the pa~nchadashI and classical phase 	 sampradAyaH/kaulaH_shAktaH/articles/MT_lekhAH/2006-07-23_shrividya-beyond-the-panchadashi-and-classical-phase/
The hAdi krama 	 sampradAyaH/kaulaH_shAktaH/articles/MT_lekhAH/2006-04-15_the-hadi-krama/
shrI shyAmol rAm’s exposition of mahAchInakrama 	 sampradAyaH/kaulaH_shAktaH/articles/MT_lekhAH/2006-02-25_shri-shyamol-rams-exposition-of-mahachinakrama/
The herb grids of the kubjikA mata 	 sampradAyaH/kaulaH_shAktaH/articles/MT_lekhAH/2006-02-03_the-herb-grids-of-the-kubjika-mata/
+Articles 	 sampradAyaH/kaulaH_shAktaH/sampradAyaH/pUrvAmnAyaH_trikam/articles/
+MT 	 sampradAyaH/kaulaH_shAktaH/sampradAyaH/pUrvAmnAyaH_trikam/articles/MT/
+पूर्वाम्नायः - त्रिकम् 	 sampradAyaH/kaulaH_shAktaH/sampradAyaH/pUrvAmnAyaH_trikam/
+सम्प्रदायः 	 sampradAyaH/kaulaH_shAktaH/sampradAyaH/
A description of abhinavagupta by madhurAja yogin 	 sampradAyaH/kaulaH_shAktaH/sampradAyaH/pUrvAmnAyaH_trikam/articles/MT/2005-11-15_a-description-of-abhinavagupta-by-madhuraja-yogin/
The heart of vArAhI 	 sampradAyaH/kaulaH_shAktaH/articles/MT_lekhAH/2005-05-02_the-heart-of-varahi/
The AmnAyas of the chi~nchinI-mata-sAra-sammuchaya 	 sampradAyaH/kaulaH_shAktaH/articles/MT_lekhAH/2005-04-24_the-amnayas-of-the-chinchini-mata-sara-sammuchaya/
The tantric manual of the atharvan-a~Ngiras 	 sampradAyaH/kaulaH_shAktaH/articles/MT_lekhAH/2005-04-23_the-tantric-manual-of-the-atharvan-angiras/
Formal definition of the shrichakra 	 sampradAyaH/kaulaH_shAktaH/articles/MT_lekhAH/2005-04-09_formal-definition-of-the-shrichakra/
Forms of the pratya~NgirA R^ik 	 sampradAyaH/kaulaH_shAktaH/articles/MT_lekhAH/2005-03-05_forms-of-the-pratyangira-rik/
pratya~NgirA and kR^ityA prayoga 	 sampradAyaH/kaulaH_shAktaH/articles/MT_lekhAH/2005-02-20_pratyangira-and-kritya-prayoga/
 	 sampradAyaH/kaulaH_shAktaH/sampradAyaH/pashchimAmnAyaH_kubjikA/kubjikA-tantram/
+ लल् देद् भास्कर 	 sampradAyaH/kaulaH_shAktaH/sampradAyaH/pUrvAmnAyaH_trikam/mukta-bodha-mUlam/_lal_ded_bhAskara/
+0 	 meta/articles/shaivism_and_the_Tantric_Traditions/0/
+0 	 sampradAyaH/kaulaH_shAktaH/sampradAyaH/daxiNAmnAyaH_shrI-kulam/AgamaH/yoginI-hRdayam/padoux-jeanty/0/
+0 	 sampradAyaH/kaulaH_shAktaH/sampradAyaH/pUrvAmnAyaH_trikam/tattvam/abhinava-gupta-mUlam/tantrAlokaH/meta/articles/rastogi-navajIvana-intro/0/
+० 	 sampradAyaH/kaulaH_shAktaH/sampradAyaH/pUrvAmnAyaH_trikam/articles/rastogi-navajIvanaH/pramANa-chintana/0/
+० सूत्रपाठः 	 shiva-sUtrANi/mUlam/
+00 	 meta/articles/schwartz-jason/shaiva-age-end/00/
+00 	 sampradAyaH/kaulaH_shAktaH/sampradAyaH/pUrvAmnAyaH_trikam/tattvam/abhinava-gupta-mUlam/tantrAlokaH/tantra-sAraH/00/
+०० 	 sampradAyaH/vIra-shaivaH/kriyA/mari-toNDArya-kaivalya-sAraH/00/
+०० तन्त्रम् 	 sampradAyaH/kaulaH_shAktaH/sampradAyaH/pUrvAmnAyaH_trikam/00_tantram/
+०१ अङ्ग-स्थलम् 	 sampradAyaH/vIra-shaivaH/kriyA/mari-toNDArya-kaivalya-sAraH/01_anga-sthalam/
+०१ क्रियापादः 	 sampradAyaH/vIra-shaivaH/AgamaH/vIrashaiva-makuTAgamaH/01_kriyApAdaH/
+०१ योगपादः 	 sampradAyaH/28-Agama-sampradAyaH/AgamaH/sarvajnAnottaraH/01_yogapAdaH/
+०१ विद्यापदः 	 sampradAyaH/28-Agama-sampradAyaH/AgamaH/28/rauravAgamaH/01_vidyApAdaH/
+०१ विद्यापादः 	 sampradAyaH/28-Agama-sampradAyaH/AgamaH/28/svAyambhuvAgamaH/01_vidyApAdaH/
+०१-०३ 	 sampradAyaH/kaulaH_shAktaH/sampradAyaH/pUrvAmnAyaH_trikam/tattvam/abhinava-gupta-mUlam/tantrAlokaH/pariShkAryam/chaturvedi-rAdheshyAmaH/p1_01-03/
+०१-०३ 	 sampradAyaH/kaulaH_shAktaH/sampradAyaH/pUrvAmnAyaH_trikam/tattvam/abhinava-gupta-mUlam/tantrAlokaH/pariShkAryam/paramahaMsa-mishraH/p1_01-03/
+०२ उत्तरसूत्रम् 	 sampradAyaH/28-Agama-sampradAyaH/AgamaH/28/svAyambhuvAgamaH/02_uttarasUtram/
+०२ चर्यापादः 	 sampradAyaH/vIra-shaivaH/AgamaH/vIrashaiva-makuTAgamaH/02_charyApAdaH/
+०२ ज्ञानपादः 	 sampradAyaH/28-Agama-sampradAyaH/AgamaH/sarvajnAnottaraH/02_jnAnapAdaH/
+०२ प्रतिष्ठातन्त्रम् 	 sampradAyaH/28-Agama-sampradAyaH/AgamaH/28/svAyambhuvAgamaH/03_uttarasvAyambhuve_prakIrNam/02_pratiShThAtantram/
+०२ लिङ्ग-स्थलम् 	 sampradAyaH/vIra-shaivaH/kriyA/mari-toNDArya-kaivalya-sAraH/02_linga-sthalam/
+०३ उत्तरस्वायम्भुवे प्रकीर्णम् 	 sampradAyaH/28-Agama-sampradAyaH/AgamaH/28/svAyambhuvAgamaH/03_uttarasvAyambhuve_prakIrNam/
+०३ क्रियापादः 	 sampradAyaH/28-Agama-sampradAyaH/AgamaH/sarvajnAnottaraH/03_kriyApAdaH/
+०४ प्रकीर्णम् 	 sampradAyaH/28-Agama-sampradAyaH/AgamaH/28/svAyambhuvAgamaH/04_prakIrNam/
+०४ सर्वज्ञानोत्तरपादः 	 sampradAyaH/28-Agama-sampradAyaH/AgamaH/sarvajnAnottaraH/04_sarvajnAnottarapAdaH/
+०४-०७ 	 sampradAyaH/kaulaH_shAktaH/sampradAyaH/pUrvAmnAyaH_trikam/tattvam/abhinava-gupta-mUlam/tantrAlokaH/pariShkAryam/chaturvedi-rAdheshyAmaH/p2_04-07/
+०४-०७ 	 sampradAyaH/kaulaH_shAktaH/sampradAyaH/pUrvAmnAyaH_trikam/tattvam/abhinava-gupta-mUlam/tantrAlokaH/pariShkAryam/paramahaMsa-mishraH/p2_04-07/
+०८-०९ 	 sampradAyaH/kaulaH_shAktaH/sampradAyaH/pUrvAmnAyaH_trikam/tattvam/abhinava-gupta-mUlam/tantrAlokaH/pariShkAryam/paramahaMsa-mishraH/p3_08-09/
+०८-१० 	 sampradAyaH/kaulaH_shAktaH/sampradAyaH/pUrvAmnAyaH_trikam/tattvam/abhinava-gupta-mUlam/tantrAlokaH/pariShkAryam/chaturvedi-rAdheshyAmaH/p3_08-10/
+१ 	 sampradAyaH/28-Agama-sampradAyaH/AgamaH/28/kAmikAgamaH/1/
+१ 	 sampradAyaH/28-Agama-sampradAyaH/AgamaH/28/kAraNAgamaH/1/
+1 Early Śaivism 	 meta/articles/shaivism_and_the_Tantric_Traditions/1_Early_shaivism/
+१ क्रियापादः 	 sampradAyaH/28-Agama-sampradAyaH/AgamaH/28/suprabhedAgamaH/1_kriyApAdaH/
+१ क्रियापादः 	 sampradAyaH/28-Agama-sampradAyaH/AgamaH/achintya-vishva-sAd-Akhyam/1_kriyApAdaH/
+१ ज्ञानाधिकारः 	 sampradAyaH/kaulaH_shAktaH/sampradAyaH/pUrvAmnAyaH_trikam/tattvam/praty-abhijnA/utpala-devaH_Ishvara-pratyabhiJNA-kArikA/abhinava-gupta-vimarshinI/bhAskarakaNTha-TIkA/1_jnAnAdhikAraH/
+१ ज्ञानाधिकारः 	 sampradAyaH/kaulaH_shAktaH/sampradAyaH/pUrvAmnAyaH_trikam/tattvam/praty-abhijnA/utpala-devaH_Ishvara-pratyabhiJNA-kArikA/vRttiH/abhinava-gupta-vivRti-vimarshinI/1_jnAnAdhikAraH/
+१ ज्ञानाधिकारः 	 sampradAyaH/kaulaH_shAktaH/sampradAyaH/pUrvAmnAyaH_trikam/tattvam/praty-abhijnA/utpala-devaH_Ishvara-pratyabhiJNA-kArikA/vRttiH/mUlam/1_jnAnAdhikAraH/
+१ प्रमाण 	 sampradAyaH/kaulaH_shAktaH/sampradAyaH/pUrvAmnAyaH_trikam/articles/rastogi-navajIvanaH/pramANa-chintana/1_pramANa/
+१ विद्यापादः 	 sampradAyaH/28-Agama-sampradAyaH/AgamaH/mRgendrAgamaH/sarva-prastutiH/1_vidyApAdaH/
+१०-१३ 	 sampradAyaH/kaulaH_shAktaH/sampradAyaH/pUrvAmnAyaH_trikam/tattvam/abhinava-gupta-mUlam/tantrAlokaH/pariShkAryam/paramahaMsa-mishraH/p4_10-13/
+११-२० 	 sampradAyaH/kaulaH_shAktaH/sampradAyaH/pUrvAmnAyaH_trikam/tattvam/abhinava-gupta-mUlam/tantrAlokaH/pariShkAryam/chaturvedi-rAdheshyAmaH/p4_11-20/
+१४-१५ 	 sampradAyaH/kaulaH_shAktaH/sampradAyaH/pUrvAmnAyaH_trikam/tattvam/abhinava-gupta-mUlam/tantrAlokaH/pariShkAryam/paramahaMsa-mishraH/p5_14-15/
+१६-२७ 	 sampradAyaH/kaulaH_shAktaH/sampradAyaH/pUrvAmnAyaH_trikam/tattvam/abhinava-gupta-mUlam/tantrAlokaH/pariShkAryam/paramahaMsa-mishraH/p6_16-27/
+२ 	 sampradAyaH/28-Agama-sampradAyaH/AgamaH/28/kAmikAgamaH/2/
+२ 	 sampradAyaH/28-Agama-sampradAyaH/AgamaH/28/kAraNAgamaH/2/
+2 Exegetical and Philosophical Traditions ∵ 	 meta/articles/shaivism_and_the_Tantric_Traditions/2_Exegetical_and_Philosophical_Traditions/
+२ क्रियाधिकारः 	 sampradAyaH/kaulaH_shAktaH/sampradAyaH/pUrvAmnAyaH_trikam/tattvam/praty-abhijnA/utpala-devaH_Ishvara-pratyabhiJNA-kArikA/abhinava-gupta-vimarshinI/bhAskarakaNTha-TIkA/2_kriyAdhikAraH/
+२ क्रियाधिकारः 	 sampradAyaH/kaulaH_shAktaH/sampradAyaH/pUrvAmnAyaH_trikam/tattvam/praty-abhijnA/utpala-devaH_Ishvara-pratyabhiJNA-kArikA/vRttiH/abhinava-gupta-vivRti-vimarshinI/2_kriyAdhikAraH/
+२ क्रियाधिकारः 	 sampradAyaH/kaulaH_shAktaH/sampradAyaH/pUrvAmnAyaH_trikam/tattvam/praty-abhijnA/utpala-devaH_Ishvara-pratyabhiJNA-kArikA/vRttiH/mUlam/2_kriyAdhikAraH/
+२ क्रियापादः 	 sampradAyaH/28-Agama-sampradAyaH/AgamaH/28/kAraNAgamaH/2_kriyA-pAdaH/
+२ चर्यापादः 	 sampradAyaH/28-Agama-sampradAyaH/AgamaH/28/suprabhedAgamaH/2_charyApAdaH/
+२ प्रमाण-भेद 	 sampradAyaH/kaulaH_shAktaH/sampradAyaH/pUrvAmnAyaH_trikam/articles/rastogi-navajIvanaH/pramANa-chintana/2_pramANa-bheda/
+२१-३७ 	 sampradAyaH/kaulaH_shAktaH/sampradAyaH/pUrvAmnAyaH_trikam/tattvam/abhinava-gupta-mUlam/tantrAlokaH/pariShkAryam/chaturvedi-rAdheshyAmaH/p5_21-37/
+28 	 sampradAyaH/28-Agama-sampradAyaH/AgamaH/28/
+२८-२९ 	 sampradAyaH/kaulaH_shAktaH/sampradAyaH/pUrvAmnAyaH_trikam/tattvam/abhinava-gupta-mUlam/tantrAlokaH/pariShkAryam/paramahaMsa-mishraH/p7_28-29/
+3 Religion, the State, and Social History 	 meta/articles/shaivism_and_the_Tantric_Traditions/3_Religion_the_State_and_Social_History/
+३ आगमाधिकारः 	 sampradAyaH/kaulaH_shAktaH/sampradAyaH/pUrvAmnAyaH_trikam/tattvam/praty-abhijnA/utpala-devaH_Ishvara-pratyabhiJNA-kArikA/abhinava-gupta-vimarshinI/bhAskarakaNTha-TIkA/3_AgamAdhikAraH/
+३ आगमाधिकारः 	 sampradAyaH/kaulaH_shAktaH/sampradAyaH/pUrvAmnAyaH_trikam/tattvam/praty-abhijnA/utpala-devaH_Ishvara-pratyabhiJNA-kArikA/vRttiH/mUlam/3_AgamAdhikAraH/
+३ योगपादः 	 sampradAyaH/28-Agama-sampradAyaH/AgamaH/28/suprabhedAgamaH/3_yogapAdaH/
+3_AgamAdhikAraH 	 sampradAyaH/kaulaH_shAktaH/sampradAyaH/pUrvAmnAyaH_trikam/tattvam/praty-abhijnA/utpala-devaH_Ishvara-pratyabhiJNA-kArikA/vRttiH/abhinava-gupta-vivRti-vimarshinI/3_AgamAdhikAraH/
+३०-३७ 	 sampradAyaH/kaulaH_shAktaH/sampradAyaH/pUrvAmnAyaH_trikam/tattvam/abhinava-gupta-mUlam/tantrAlokaH/pariShkAryam/paramahaMsa-mishraH/p8_30-37_pariShiShTAni/
+4 Mantra, Ritual, and Yoga 	 meta/articles/shaivism_and_the_Tantric_Traditions/4_Mantra_Ritual_and_Yoga/
+४ ज्ञानपादः 	 sampradAyaH/28-Agama-sampradAyaH/AgamaH/28/suprabhedAgamaH/4_jnAnapAdaH/
+४ तत्त्वसङ्ग्रहाधिकारः 	 sampradAyaH/kaulaH_shAktaH/sampradAyaH/pUrvAmnAyaH_trikam/tattvam/praty-abhijnA/utpala-devaH_Ishvara-pratyabhiJNA-kArikA/vRttiH/abhinava-gupta-vivRti-vimarshinI/4_tattvasangrahAdhikAraH/
+5 Art and Architecture 	 meta/articles/shaivism_and_the_Tantric_Traditions/5_Art_and_Architecture/
+7 APPENDICES 	 sampradAyaH/kaulaH_shAktaH/sampradAyaH/pUrvAmnAyaH_trikam/tattvam/abhinava-gupta-mUlam/tantrAlokaH/meta/articles/rastogi-navajIvana-intro/7_APPENDICES/
+Articles 	 kAlAmukhAH/articles/
+Articles 	 sampradAyaH/28-Agama-sampradAyaH/articles/
+Articles 	 sampradAyaH/28-Agama-sampradAyaH/tattvam/sampradAyaH/aShTa-prakaraNa-shAkhA/parichaya-sanxepaH/articles/
+Articles 	 sampradAyaH/bali-matam/articles/
+Articles 	 sampradAyaH/kaulaH_shAktaH/kriyA/articles/
+Articles 	 sampradAyaH/kaulaH_shAktaH/sampradAyaH/daxiNAmnAyaH_shrI-kulam/articles/
+Articles 	 sampradAyaH/kaulaH_shAktaH/sampradAyaH/pashchimAmnAyaH_kubjikA/articles/
+Articles 	 sampradAyaH/kaulaH_shAktaH/sampradAyaH/pUrvAmnAyaH_trikam/paramparA/articles/
+Articles 	 sampradAyaH/kaulaH_shAktaH/sampradAyaH/pUrvAmnAyaH_trikam/tattvam/abhinava-gupta-mUlam/tantrAlokaH/meta/articles/
+Articles 	 sampradAyaH/kaulaH_shAktaH/sampradAyaH/sarvAmnAyaH/articles/
+Articles 	 sampradAyaH/kaulaH_shAktaH/sampradAyaH/shAmbhavaH/articles/
+Articles 	 sampradAyaH/kaulaH_shAktaH/sampradAyaH/uttarAmnAyaH_kAlI-kulam_kramaH/articles/
+Articles 	 sampradAyaH/matsyendra-nAtha-sampradAyaH/articles/
+Articles 	 sampradAyaH/nIlAmbarAH_nIlapaTAH/articles/
+Articles 	 sampradAyaH/vIra-shaivaH/articles/
+bali-matam 	 sampradAyaH/bali-matam/
+bhairava art religion 	 meta/articles/nAgasvAmI/bhairava-art-religion/
+Davis on ritual 	 meta/articles/davis_on_ritual/
+Dyczkowski 	 meta/articles/Dyczkowski/
+ghorAngIrasa 	 sampradAyaH/28-Agama-sampradAyaH/tattvam/sampradAyaH/aShTa-prakaraNa-shAkhA/parichaya-sanxepaH/GA/
+Hooykas 	 sampradAyaH/bali-matam/articles/hooykas/
+kAlAmukhAH 	 kAlAmukhAH/
+Marrewa 	 sampradAyaH/matsyendra-nAtha-sampradAyaH/articles/marrewa/
+Meta 	 sampradAyaH/kaulaH_shAktaH/sampradAyaH/pUrvAmnAyaH_trikam/tattvam/praty-abhijnA/utpala-devaH_Ishvara-pratyabhiJNA-kArikA/vRttiH/abhinava-gupta-vivRti-vimarshinI/meta/
+MT 	 kAlAmukhAH/articles/MT/
+MT 	 sampradAyaH/28-Agama-sampradAyaH/articles/MT/
+MT 	 sampradAyaH/kaulaH_shAktaH/AgamaH/brahma-yAmala-tantram/daxiNAnubandhaH/MT/
+MT 	 sampradAyaH/kaulaH_shAktaH/sampradAyaH/daxiNAmnAyaH_shrI-kulam/articles/MT/
+MT 	 sampradAyaH/kaulaH_shAktaH/sampradAyaH/pashchimAmnAyaH_kubjikA/articles/MT/
+MT 	 sampradAyaH/kaulaH_shAktaH/sampradAyaH/sarvAmnAyaH/articles/MT/
+MT 	 sampradAyaH/kaulaH_shAktaH/sampradAyaH/shAmbhavaH/articles/MT/
+MT 	 sampradAyaH/kaulaH_shAktaH/sampradAyaH/uttarAmnAyaH_kAlI-kulam_kramaH/articles/MT/
+Nandy Rajarshi 	 sampradAyaH/kaulaH_shAktaH/articles/nandi-rAjarShiH/
+Notes 	 sampradAyaH/kaulaH_shAktaH/sampradAyaH/daxiNAmnAyaH_shrI-kulam/AgamaH/yoginI-hRdayam/padoux-jeanty/0/notes/
+Padoux-jeanty 	 sampradAyaH/kaulaH_shAktaH/sampradAyaH/daxiNAmnAyaH_shrI-kulam/AgamaH/yoginI-hRdayam/padoux-jeanty/
+paramparA 	 sampradAyaH/vIra-shaivaH/paramparA/
+pinAka-senaH 	 sampradAyaH/28-Agama-sampradAyaH/tattvam/sampradAyaH/aShTa-prakaraNa-shAkhA/parichaya-sanxepaH/articles/pinAka-senaH/
+rastogi-navajIvana-intro 	 sampradAyaH/kaulaH_shAktaH/sampradAyaH/pUrvAmnAyaH_trikam/tattvam/abhinava-gupta-mUlam/tantrAlokaH/meta/articles/rastogi-navajIvana-intro/
+Sanderson 	 meta/articles/sanderson/
+Schwartz Jason 	 meta/articles/schwartz-jason/
+Shaiva age end 	 meta/articles/schwartz-jason/shaiva-age-end/
+shtAneshvaraH 	 sampradAyaH/kaulaH_shAktaH/sampradAyaH/pUrvAmnAyaH_trikam/articles/sthAneshvaraH/
+Summary 	 sampradAyaH/kaulaH_shAktaH/sampradAyaH/pUrvAmnAyaH_trikam/tattvam/abhinava-gupta-mUlam/tantrAlokaH/tantra-sAraH/00/Summary/
+Tantric Traditions 	 meta/articles/shaivism_and_the_Tantric_Traditions/
+Woodroffe 	 AgamaH/mahA-nirvAna-tantram/woodroffe/
+अघोर-शिवः 	 sampradAyaH/28-Agama-sampradAyaH/kriyA/aShTa-prakaraNa-shAkhA/aghora-shivaH/
+अघोरशिव 	 sampradAyaH/28-Agama-sampradAyaH/tattvam/sampradAyaH/aShTa-prakaraNa-shAkhA/mukta-bodha-mUlam/aghorashiva/
+अघोरशिव वक्त्रशम्भु 	 sampradAyaH/28-Agama-sampradAyaH/tattvam/sampradAyaH/aShTa-prakaraNa-shAkhA/mukta-bodha-mUlam/aghorashiva_vaktrashambhu/
+अघोरशिवाचार्य 	 sampradAyaH/28-Agama-sampradAyaH/tattvam/sampradAyaH/aShTa-prakaraNa-shAkhA/mukta-bodha-mUlam/aghorashivAchArya/
+अचिन्त्यविश्वसादाख्यम् 	 sampradAyaH/28-Agama-sampradAyaH/AgamaH/achintya-vishva-sAd-Akhyam/
+अड्यार्-सङ्कलनम् 	 sampradAyaH/kaulaH_shAktaH/upaniShat/aDyAr-sankalanam/
+अड्यार्-सङ्कलनम् 	 upaniShat/aDyAr-sankalanam/
+अधि-तन्त्रालोकम् 	 sampradAyaH/kaulaH_shAktaH/sampradAyaH/pUrvAmnAyaH_trikam/tattvam/abhinava-gupta-mUlam/tantrAlokaH/meta/
+अभिनव-गुप्त-विमर्शिनी 	 sampradAyaH/kaulaH_shAktaH/sampradAyaH/pUrvAmnAyaH_trikam/tattvam/praty-abhijnA/utpala-devaH_Ishvara-pratyabhiJNA-kArikA/abhinava-gupta-vimarshinI/
+अभिनव-गुप्त-विवृति-विमर्शिनी 	 sampradAyaH/kaulaH_shAktaH/sampradAyaH/pUrvAmnAyaH_trikam/tattvam/praty-abhijnA/utpala-devaH_Ishvara-pratyabhiJNA-kArikA/vRttiH/abhinava-gupta-vivRti-vimarshinI/
+अभिनवगुप्त 	 sampradAyaH/kaulaH_shAktaH/sampradAyaH/pUrvAmnAyaH_trikam/mukta-bodha-mUlam/abhinavagupta/
+अभिनवगुप्त अत्त्रिबुतेद् तो 	 sampradAyaH/kaulaH_shAktaH/sampradAyaH/pUrvAmnAyaH_trikam/mukta-bodha-mUlam/abhinavagupta_attributed_to/
+अभिनवगुप्त जयरथ 	 sampradAyaH/kaulaH_shAktaH/sampradAyaH/pUrvAmnAyaH_trikam/mukta-bodha-mUlam/abhinavagupta_jayaratha/
+अभिनवगुप्त-मूलानि 	 sampradAyaH/kaulaH_shAktaH/sampradAyaH/pUrvAmnAyaH_trikam/tattvam/abhinava-gupta-mUlam/
+अमृतानन्द 	 sampradAyaH/kaulaH_shAktaH/sampradAyaH/daxiNAmnAyaH_shrI-kulam/mukta-bodha-mUlam/amRtAnanda/
+अमृतानन्दः 	 sampradAyaH/kaulaH_shAktaH/sampradAyaH/daxiNAmnAyaH_shrI-kulam/amRtAnandaH/
+अंशुमत्-काश्यपागम 	 sampradAyaH/28-Agama-sampradAyaH/AgamaH/aMshumat-kAshyapAgamaH/
+अष्ट प्रकरणानि 	 sampradAyaH/28-Agama-sampradAyaH/tattvam/sampradAyaH/aShTa-prakaraNa-shAkhA/aShTa_prakaraNAni/
+अष्ट-प्रकरण-शाखा 	 sampradAyaH/28-Agama-sampradAyaH/kriyA/aShTa-prakaraNa-shAkhA/
+अष्ट-प्रकरण-शाखा 	 sampradAyaH/28-Agama-sampradAyaH/tattvam/sampradAyaH/aShTa-prakaraNa-shAkhA/
+आगमः 	 sampradAyaH/28-Agama-sampradAyaH/AgamaH/
+आगमः 	 sampradAyaH/kaulaH_shAktaH/AgamaH/
+आगमः 	 sampradAyaH/kaulaH_shAktaH/sampradAyaH/daxiNAmnAyaH_shrI-kulam/AgamaH/
+आगमः 	 sampradAyaH/vIra-shaivaH/AgamaH/
+आदिनाथ 	 sampradAyaH/kaulaH_shAktaH/mukta-bodha-mUlam/AdinAtha/
+आद्यनाथ 	 sampradAyaH/kaulaH_shAktaH/mukta-bodha-mUlam/AdyanAtha/
+इमगेस् 	 sampradAyaH/kaulaH_shAktaH/sampradAyaH/daxiNAmnAyaH_shrI-kulam/subrahmaNyAryaH_chidAnandanAthaH/images/
+ईश्वरप्रत्यभिज्ञाकारिका 	 sampradAyaH/kaulaH_shAktaH/sampradAyaH/pUrvAmnAyaH_trikam/tattvam/praty-abhijnA/utpala-devaH_Ishvara-pratyabhiJNA-kArikA/
+उङ्क्नोव्न् 	 mukta-bodha-mUlam/unknown/
+उङ्क्नोव्न् 	 sampradAyaH/28-Agama-sampradAyaH/tattvam/sampradAyaH/aShTa-prakaraNa-shAkhA/mukta-bodha-mUlam/unknown/
+उङ्क्नोव्न् 	 sampradAyaH/kaulaH_shAktaH/mukta-bodha-mUlam/unknown/
+उङ्क्नोव्न् 	 sampradAyaH/kaulaH_shAktaH/sampradAyaH/daxiNAmnAyaH_shrI-kulam/mukta-bodha-mUlam/unknown/
+उङ्क्नोव्न् 	 sampradAyaH/kaulaH_shAktaH/sampradAyaH/pashchimAmnAyaH_kubjikA/mukta-bodha-mUlam/unknown/
+उङ्क्नोव्न् 	 sampradAyaH/kaulaH_shAktaH/sampradAyaH/pUrvAmnAyaH_trikam/mukta-bodha-mUlam/unknown/
+उङ्क्नोव्न् 	 sampradAyaH/kaulaH_shAktaH/sampradAyaH/sarvAmnAyaH/mukta-bodha-mUlam/unknown/
+उङ्क्नोव्न् 	 sampradAyaH/kaulaH_shAktaH/sampradAyaH/shAmbhavaH/mukta-bodha-mUlam/unknown/
+उङ्क्नोव्न् 	 sampradAyaH/kaulaH_shAktaH/sampradAyaH/uttarAmnAyaH_kAlI-kulam_kramaH/mukta-bodha-mUlam/unknown/
+उङ्क्नोव्न् 	 sampradAyaH/vIra-shaivaH/mukta-bodha-mUlam/unknown/
+उङ्क्नोव्न् अभिनवगुप्त 	 sampradAyaH/kaulaH_shAktaH/sampradAyaH/pUrvAmnAyaH_trikam/mukta-bodha-mUlam/unknown_abhinavagupta/
+उङ्क्नोव्न् आनन्दभट्ट 	 sampradAyaH/kaulaH_shAktaH/sampradAyaH/pUrvAmnAyaH_trikam/mukta-bodha-mUlam/unknown_AnandabhaTTa/
+उङ्क्नोव्न् उङ्क्नोव्न् उङ्क्नोव्न् उङ्क्नोव्न् जगदानन्द 	 sampradAyaH/kaulaH_shAktaH/sampradAyaH/sarvAmnAyaH/mukta-bodha-mUlam/unknown_unknown_unknown_unknown_jagadAnanda/
+उङ्क्नोव्न् कल्लट भट्ट रामकण्ठ 	 sampradAyaH/kaulaH_shAktaH/sampradAyaH/pUrvAmnAyaH_trikam/mukta-bodha-mUlam/unknown_kallaTa_bhaTTa_rAmakaNTha/
+उङ्क्नोव्न् क्षेमराज 	 sampradAyaH/kaulaH_shAktaH/mukta-bodha-mUlam/unknown_xemarAja/
+उङ्क्नोव्न् क्षेमराज 	 sampradAyaH/kaulaH_shAktaH/sampradAyaH/pUrvAmnAyaH_trikam/mukta-bodha-mUlam/unknown_xemarAja/
+उङ्क्नोव्न् जयरथ 	 sampradAyaH/kaulaH_shAktaH/sampradAyaH/daxiNAmnAyaH_shrI-kulam/mukta-bodha-mUlam/unknown_jayaratha/
+उङ्क्नोव्न् रामकण्ठ 	 sampradAyaH/kaulaH_shAktaH/sampradAyaH/pUrvAmnAyaH_trikam/mukta-bodha-mUlam/unknown_rAmakaNTha/
+उङ्क्नोव्न् रामेश्वर 	 sampradAyaH/kaulaH_shAktaH/sampradAyaH/daxiNAmnAyaH_shrI-kulam/mukta-bodha-mUlam/unknown_rAmeshvara/
+उङ्क्नोव्न् सी चतलोग् रेचोर्द् नोतेस् 	 sampradAyaH/kaulaH_shAktaH/sampradAyaH/uttarAmnAyaH_kAlI-kulam_kramaH/mukta-bodha-mUlam/unknown_see_chatalog_rechord_notes/
+उङ्क्नोव्न् हरभट्ट 	 sampradAyaH/kaulaH_shAktaH/sampradAyaH/daxiNAmnAyaH_shrI-kulam/mukta-bodha-mUlam/unknown_harabhaTTa/
+उत्तराम्नायः काली-कुलम् क्रमः 	 sampradAyaH/kaulaH_shAktaH/sampradAyaH/uttarAmnAyaH_kAlI-kulam_kramaH/
+उत्पलदेव 	 sampradAyaH/kaulaH_shAktaH/sampradAyaH/pUrvAmnAyaH_trikam/mukta-bodha-mUlam/utpaladeva/
+उत्पलदेव क्षेमराज 	 sampradAyaH/kaulaH_shAktaH/sampradAyaH/pUrvAmnAyaH_trikam/mukta-bodha-mUlam/utpaladeva_xemarAja/
+उपनिषत् 	 sampradAyaH/kaulaH_shAktaH/upaniShat/
+उपनिषत् 	 upaniShat/
+उमा-पति-शिवाचार्य-शतरत्नसङ्ग्रहः 	 sampradAyaH/28-Agama-sampradAyaH/tattvam/umA-pati-shivAchArya-shata-ratna-sangrahaH/
+उमानन्दनाथः 	 kriyA/parashurAmaH/umAnandanAthaH/
+उमापतिशिवाचार्य 	 sampradAyaH/28-Agama-sampradAyaH/tattvam/sampradAyaH/aShTa-prakaraNa-shAkhA/mukta-bodha-mUlam/umApatishivAchArya/
+एकी-भाव-दर्शनम् 	 sampradAyaH/28-Agama-sampradAyaH/tattvam/sampradAyaH/ekI-bhAva-darshanam/
+कच्छपेश्वरशिवाचार्य 	 sampradAyaH/28-Agama-sampradAyaH/tattvam/sampradAyaH/aShTa-prakaraNa-shAkhA/mukta-bodha-mUlam/kachChapeshvarashivAchArya/
+कल्लट-टीका 	 sampradAyaH/kaulaH_shAktaH/sampradAyaH/pUrvAmnAyaH_trikam/tattvam/spandaH/spanda-kArikA/kallaTa-TIkA/
+काण्डद्वयातीतयोगी 	 sampradAyaH/kaulaH_shAktaH/sampradAyaH/pashchimAmnAyaH_kubjikA/mukta-bodha-mUlam/kANDadvayAtItayogI/
+कापालिकः 	 kApAlikaH/
+कामिकागमः 	 sampradAyaH/28-Agama-sampradAyaH/AgamaH/28/kAmikAgamaH/
+कारणागमः 	 sampradAyaH/28-Agama-sampradAyaH/AgamaH/28/kAraNAgamaH/
+किरणागमः 	 sampradAyaH/28-Agama-sampradAyaH/AgamaH/28/kiraNAgamaH/
+कुमारतन्त्रम् 	 sampradAyaH/28-Agama-sampradAyaH/AgamaH/kumAra-tantram/
+कुलार्णवतन्त्रम् 	 sampradAyaH/kaulaH_shAktaH/AgamaH/kulArNava-tantram/
+कृष्णानन्द आगमवागीश 	 sampradAyaH/kaulaH_shAktaH/mukta-bodha-mUlam/kRShNAnanda_AgamavAgIsha/
+कैवल्यसारः 	 sampradAyaH/vIra-shaivaH/kriyA/mari-toNDArya-kaivalya-sAraH/
+कौल् सहिब् 	 sampradAyaH/kaulaH_shAktaH/sampradAyaH/pUrvAmnAyaH_trikam/mukta-bodha-mUlam/kaul_sahib/
+क्रिया 	 kriyA/
+क्रिया 	 sampradAyaH/28-Agama-sampradAyaH/kriyA/
+क्रिया 	 sampradAyaH/kaulaH_shAktaH/kriyA/
+क्रिया 	 sampradAyaH/vIra-shaivaH/kriyA/
+क्रिया-क्रम-द्योतिका 	 sampradAyaH/28-Agama-sampradAyaH/kriyA/aShTa-prakaraNa-shAkhA/aghora-shivaH/kriyA-krama-dyotikA/
+क्षेमराज 	 sampradAyaH/kaulaH_shAktaH/sampradAyaH/pUrvAmnAyaH_trikam/mukta-bodha-mUlam/xemarAja/
+क्षेमराज-मूलम् 	 sampradAyaH/kaulaH_shAktaH/sampradAyaH/pUrvAmnAyaH_trikam/tattvam/praty-abhijnA/xema-rAja-mUlam/
+क्षेमराज-विमर्शिनी 	 shiva-sUtrANi/kShemarAja-vimarshinI/
+गणननाथभट्ट 	 sampradAyaH/kaulaH_shAktaH/sampradAyaH/daxiNAmnAyaH_shrI-kulam/mukta-bodha-mUlam/gaNananAthabhaTTa/
+गुर्तू-नीलकण्ठः 	 sampradAyaH/kaulaH_shAktaH/sampradAyaH/pUrvAmnAyaH_trikam/articles/gurtU-nIlakaNThaH/
+गोरक्षनाथ 	 sampradAyaH/kaulaH_shAktaH/mukta-bodha-mUlam/goraxanAtha/
+गोरक्षनाथ अत्त्रिबुतेद् तो 	 sampradAyaH/kaulaH_shAktaH/mukta-bodha-mUlam/goraxanAtha_attributed_to/
+गोविन्द कौल् 	 sampradAyaH/kaulaH_shAktaH/sampradAyaH/pUrvAmnAyaH_trikam/mukta-bodha-mUlam/govinda_kaul/
+गोविन्दकौल 	 sampradAyaH/kaulaH_shAktaH/sampradAyaH/pUrvAmnAyaH_trikam/mukta-bodha-mUlam/govindakaula/
+गौडीयशङ्कर 	 sampradAyaH/kaulaH_shAktaH/mukta-bodha-mUlam/gauDIyashankara/
+घोराङ्गीरसः 	 meta/articles/GA/
+घोराङ्गीरसः 	 sampradAyaH/28-Agama-sampradAyaH/kriyA/aShTa-prakaraNa-shAkhA/GA/
+चतुर्वेदि-राधेश्यामः 	 sampradAyaH/kaulaH_shAktaH/sampradAyaH/pUrvAmnAyaH_trikam/tattvam/abhinava-gupta-mUlam/tantrAlokaH/pariShkAryam/chaturvedi-rAdheshyAmaH/
+चित्राणि 	 images/
+चित्राणि 	 meta/images/
+चित्राणि 	 sampradAyaH/kaulaH_shAktaH/sampradAyaH/daxiNAmnAyaH_shrI-kulam/images/
+चित्राणि 	 sampradAyaH/kaulaH_shAktaH/sampradAyaH/pashchimAmnAyaH_kubjikA/images/
+चित्राणि 	 sampradAyaH/kaulaH_shAktaH/sampradAyaH/pUrvAmnAyaH_trikam/images/
+चिदानन्दनाथ 	 sampradAyaH/kaulaH_shAktaH/sampradAyaH/daxiNAmnAyaH_shrI-kulam/mukta-bodha-mUlam/chidAnandanAtha/
+चेन्नबसवेश्वर अत्त्रिबुतेद् तो 	 sampradAyaH/vIra-shaivaH/mukta-bodha-mUlam/chennabasaveshvara_attributed_to/
+जगद्धर भट्ट 	 sampradAyaH/kaulaH_shAktaH/sampradAyaH/pUrvAmnAyaH_trikam/mukta-bodha-mUlam/jagaddhara_bhaTTa/
+जू-लक्ष्मणः 	 sampradAyaH/kaulaH_shAktaH/sampradAyaH/pUrvAmnAyaH_trikam/articles/jU-laxmaNaH/
+ज्ञानप्रकाश 	 sampradAyaH/28-Agama-sampradAyaH/tattvam/sampradAyaH/aShTa-prakaraNa-shAkhA/mukta-bodha-mUlam/jnAnaprakAsha/
+ज्ञानप्रकाशः 	 sampradAyaH/28-Agama-sampradAyaH/tattvam/jnAnaprakAshaH/
+ज्ञानप्रकाश शालिवाटिपुरनिवासि 	 sampradAyaH/28-Agama-sampradAyaH/tattvam/sampradAyaH/aShTa-prakaraNa-shAkhA/mukta-bodha-mUlam/jnAnaprakAsha_shAlivATipuranivAsi/
+ज्ञानप्रकाश शालिवाटिपुरनिवासि 	 sampradAyaH/kaulaH_shAktaH/sampradAyaH/daxiNAmnAyaH_shrI-kulam/mukta-bodha-mUlam/jnAnaprakAsha_shAlivATipuranivAsi/
+ज्ञानप्रकाशाचार्य 	 sampradAyaH/28-Agama-sampradAyaH/tattvam/sampradAyaH/aShTa-prakaraNa-shAkhA/mukta-bodha-mUlam/jnAnaprakAshAchArya/
+ज्ञानशिव 	 sampradAyaH/28-Agama-sampradAyaH/tattvam/sampradAyaH/aShTa-prakaraNa-shAkhA/mukta-bodha-mUlam/jnAnashiva/
+ज्ञानानन्दपरमहंस 	 sampradAyaH/kaulaH_shAktaH/mukta-bodha-mUlam/jnAnAnandaparamahaMsa/
+ज्ञानार्णवतन्त्रम् 	 AgamaH/jnAnArNavatantram/
+तक्षकवर्त 	 sampradAyaH/kaulaH_shAktaH/sampradAyaH/pUrvAmnAyaH_trikam/mukta-bodha-mUlam/taxakavarta/
+तत्त्वम् 	 sampradAyaH/28-Agama-sampradAyaH/tattvam/
+तत्त्वम् 	 sampradAyaH/kaulaH_shAktaH/sampradAyaH/pUrvAmnAyaH_trikam/tattvam/
+तत्त्वम् 	 sampradAyaH/vIra-shaivaH/tattvam/
+तन्त्रसारः 	 sampradAyaH/kaulaH_shAktaH/sampradAyaH/pUrvAmnAyaH_trikam/tattvam/abhinava-gupta-mUlam/tantrAlokaH/tantra-sAraH/
+तन्त्रालोकः 	 sampradAyaH/kaulaH_shAktaH/sampradAyaH/pUrvAmnAyaH_trikam/tattvam/abhinava-gupta-mUlam/tantrAlokaH/
+तोत कौल् 	 sampradAyaH/kaulaH_shAktaH/mukta-bodha-mUlam/tota_kaul/
+त्यागरायगुरु 	 sampradAyaH/28-Agama-sampradAyaH/tattvam/sampradAyaH/aShTa-prakaraNa-shAkhA/mukta-bodha-mUlam/tyAgarAyaguru/
+त्रिपुरा-रहस्यम् 	 sampradAyaH/kaulaH_shAktaH/sampradAyaH/daxiNAmnAyaH_shrI-kulam/AgamaH/tripurA-rahasyam/
+त्रिलोचन  	 sampradAyaH/28-Agama-sampradAyaH/tattvam/sampradAyaH/aShTa-prakaraNa-shAkhA/mukta-bodha-mUlam/trilochana_/
+त्रिलोचन-शिव-सिद्धान्त-सारावलिः 	 sampradAyaH/28-Agama-sampradAyaH/tattvam/sampradAyaH/aShTa-prakaraNa-shAkhA/parichaya-sanxepaH/trilochana-shiva-siddhAnta-sArAvaliH/
+त्र्यम्बकभट्टरक 	 sampradAyaH/kaulaH_shAktaH/sampradAyaH/daxiNAmnAyaH_shrI-kulam/mukta-bodha-mUlam/tryambakabhaTTaraka/
+दक्षिणानुबन्धः 	 sampradAyaH/kaulaH_shAktaH/AgamaH/brahma-yAmala-tantram/daxiNAnubandhaH/
+दक्षिणामूर्तिसंहिता 	 AgamaH/daxiNA-mUrti-saMhitA/
+दक्षिणाम्नायः श्रीकुलम् 	 sampradAyaH/kaulaH_shAktaH/sampradAyaH/daxiNAmnAyaH_shrI-kulam/
+दुर्वास / क्रोधभट्टारक 	 sampradAyaH/kaulaH_shAktaH/sampradAyaH/pashchimAmnAyaH_kubjikA/mukta-bodha-mUlam/durvAsa_alias_krodhabhaTTAraka/
+नन्दिकेश्वर 	 sampradAyaH/vIra-shaivaH/mukta-bodha-mUlam/nandikeshvara/
+नरसिंह ठक्कुर 	 sampradAyaH/kaulaH_shAktaH/mukta-bodha-mUlam/narasiMha_Thakkura/
+नरेश्वरपरीक्षा 	 sampradAyaH/28-Agama-sampradAyaH/tattvam/sampradAyaH/aShTa-prakaraNa-shAkhA/aShTa_prakaraNAni/sadyo-jyotiH/nareshvara-parIxA/
+नागभट्ट 	 sampradAyaH/kaulaH_shAktaH/sampradAyaH/daxiNAmnAyaH_shrI-kulam/mukta-bodha-mUlam/nAgabhaTTa/
+नागस्वामी 	 meta/articles/nAgasvAmI/
+नागार्जुन 	 sampradAyaH/kaulaH_shAktaH/mukta-bodha-mUlam/nAgArjuna/
+नित्या-षोडशिकार्णवः 	 sampradAyaH/kaulaH_shAktaH/sampradAyaH/daxiNAmnAyaH_shrI-kulam/AgamaH/nityA-ShoDashikArNavaH/
+निश्वासकारिका 	 sampradAyaH/28-Agama-sampradAyaH/AgamaH/nishvAsa-kArikA/
+नील-सरस्वती-तन्त्रम् 	 sampradAyaH/kaulaH_shAktaH/AgamaH/nIla-sarasvatI-tantram/
+नीलकण्ठ 	 sampradAyaH/kaulaH_shAktaH/mukta-bodha-mUlam/nIlakaNTha/
+नीलकण्ठ 	 sampradAyaH/vIra-shaivaH/mukta-bodha-mUlam/nIlakaNTha/
+नीलकण्ठ नारायण 	 sampradAyaH/vIra-shaivaH/mukta-bodha-mUlam/nIlakaNTha_nArAyaNa/
+नीलाम्बराः 	 sampradAyaH/nIlAmbarAH_nIlapaTAH/
+नेत्रतन्त्रम् 	 sampradAyaH/kaulaH_shAktaH/sampradAyaH/pUrvAmnAyaH_trikam/00_tantram/netra-tantram/
+परम-हंसिनी-विद्या 	 sampradAyaH/kaulaH_shAktaH/AgamaH/nIla-sarasvatI-tantram/parama-haMsinI-vidyA/
+परमहंस-मिश्रः 	 sampradAyaH/kaulaH_shAktaH/sampradAyaH/pUrvAmnAyaH_trikam/tattvam/abhinava-gupta-mUlam/tantrAlokaH/pariShkAryam/paramahaMsa-mishraH/
+परमहंस-मिश्रानुवादः 	 sampradAyaH/kaulaH_shAktaH/sampradAyaH/pUrvAmnAyaH_trikam/00_tantram/mAlinI-vijayottara-tantram/srotaH/paramhaMsa-mishrAnuvAdaH/
+परम्परा 	 sampradAyaH/kaulaH_shAktaH/sampradAyaH/pUrvAmnAyaH_trikam/paramparA/
+परशुरामः 	 kriyA/parashurAmaH/
+परा-प्रवेशिका 	 sampradAyaH/kaulaH_shAktaH/sampradAyaH/pUrvAmnAyaH_trikam/tattvam/praty-abhijnA/xema-rAja-mUlam/parA-praveshikA/
+परात्रिंशिका-विवरणम् 	 sampradAyaH/kaulaH_shAktaH/sampradAyaH/pUrvAmnAyaH_trikam/00_tantram/parAtriMshikA/
+परानन्द मुनि 	 sampradAyaH/kaulaH_shAktaH/mukta-bodha-mUlam/parAnanda_muni/
+परिचय-सङ्क्षेपाः 	 sampradAyaH/28-Agama-sampradAyaH/tattvam/sampradAyaH/aShTa-prakaraNa-shAkhA/parichaya-sanxepaH/
+परिचय-सङ्क्षेपाः 	 sampradAyaH/28-Agama-sampradAyaH/tattvam/sampradAyaH/ekI-bhAva-darshanam/parichaya-sanxepaH/
+परिष्कार्यम् 	 sampradAyaH/kaulaH_shAktaH/sampradAyaH/pUrvAmnAyaH_trikam/tattvam/abhinava-gupta-mUlam/tantrAlokaH/pariShkAryam/
+पश्चिमाम्नायः - कुब्जिका 	 sampradAyaH/kaulaH_shAktaH/sampradAyaH/pashchimAmnAyaH_kubjikA/
+पुण्यानन्द 	 sampradAyaH/kaulaH_shAktaH/sampradAyaH/daxiNAmnAyaH_shrI-kulam/mukta-bodha-mUlam/puNyAnanda/
+पुण्यानन्दः 	 sampradAyaH/kaulaH_shAktaH/sampradAyaH/daxiNAmnAyaH_shrI-kulam/puNyAnandaH/
+पुरश्चर्यार्णवः 	 kriyA/purashcharyArNavaH/
+पूर्णानन्द 	 sampradAyaH/kaulaH_shAktaH/sampradAyaH/daxiNAmnAyaH_shrI-kulam/mukta-bodha-mUlam/pUrNAnanda/
+पृथ्वीधराचार्य 	 sampradAyaH/kaulaH_shAktaH/sampradAyaH/daxiNAmnAyaH_shrI-kulam/mukta-bodha-mUlam/pRthvIdharAchArya/
+पौष्करवृत्तिः 	 sampradAyaH/28-Agama-sampradAyaH/tattvam/jnAnaprakAshaH/pauShkara-vRttiH/
+प्रकाशानन्द 	 sampradAyaH/kaulaH_shAktaH/sampradAyaH/daxiNAmnAyaH_shrI-kulam/mukta-bodha-mUlam/prakAshAnanda/
+प्रतिपादितविषयसङ्ग्रहः 	 shiva-sUtrANi/viShaya-sangrahaH/
+प्रत्यभिज्ञा-हृदयं 	 sampradAyaH/kaulaH_shAktaH/sampradAyaH/pUrvAmnAyaH_trikam/tattvam/praty-abhijnA/xema-rAja-mUlam/pratyabhijJNA-hRdayam/
+प्रमाण-चिन्तन 	 sampradAyaH/kaulaH_shAktaH/sampradAyaH/pUrvAmnAyaH_trikam/articles/rastogi-navajIvanaH/pramANa-chintana/
+प्राणमञ्जरी 	 sampradAyaH/kaulaH_shAktaH/sampradAyaH/daxiNAmnAyaH_shrI-kulam/mukta-bodha-mUlam/prANamanjarI/
+ब्रह्मयामल 	 sampradAyaH/kaulaH_shAktaH/AgamaH/brahma-yAmala-tantram/
+ब्रह्मानन्द 	 sampradAyaH/kaulaH_shAktaH/mukta-bodha-mUlam/brahmAnanda/
+ब्रह्मानन्दगिरि 	 sampradAyaH/kaulaH_shAktaH/mukta-bodha-mUlam/brahmAnandagiri/
+भगवद् उत्पल 	 sampradAyaH/kaulaH_shAktaH/sampradAyaH/pUrvAmnAyaH_trikam/mukta-bodha-mUlam/bhagavad_utpala/
+भट्टनारायण 	 sampradAyaH/kaulaH_shAktaH/sampradAyaH/pUrvAmnAyaH_trikam/mukta-bodha-mUlam/bhaTTanArAyaNa/
+भट्टनारायणकण्ठ 	 sampradAyaH/28-Agama-sampradAyaH/tattvam/sampradAyaH/aShTa-prakaraNa-shAkhA/mukta-bodha-mUlam/bhaTTanArAyaNakaNTha/
+भट्टारक सुन्दर 	 sampradAyaH/kaulaH_shAktaH/sampradAyaH/pUrvAmnAyaH_trikam/mukta-bodha-mUlam/bhaTTAraka_sundara/
+भानुदीक्षित 	 sampradAyaH/kaulaH_shAktaH/mukta-bodha-mUlam/bhAnudIxita/
+भासर्वज्ञ 	 mukta-bodha-mUlam/bhAsarvajna/
+भास्कर-रायः 	 sampradAyaH/kaulaH_shAktaH/sampradAyaH/daxiNAmnAyaH_shrI-kulam/bhAskara-rAyaH/
+भास्करकण्ठ-टीका 	 sampradAyaH/kaulaH_shAktaH/sampradAyaH/pUrvAmnAyaH_trikam/tattvam/praty-abhijnA/utpala-devaH_Ishvara-pratyabhiJNA-kArikA/abhinava-gupta-vimarshinI/bhAskarakaNTha-TIkA/
+भास्करराय 	 sampradAyaH/kaulaH_shAktaH/sampradAyaH/daxiNAmnAyaH_shrI-kulam/mukta-bodha-mUlam/bhAskararAya/
+भास्कररायटीका 	 sampradAyaH/kaulaH_shAktaH/sampradAyaH/daxiNAmnAyaH_shrI-kulam/AgamaH/nityA-ShoDashikArNavaH/bhAskara-rAya-TIkA/
+भूतशुद्धितन्त्र 	 kriyA/bhUta-shuddhi-tantram/
+भोज-तत्त्वप्रकाशः 	 sampradAyaH/28-Agama-sampradAyaH/tattvam/sampradAyaH/aShTa-prakaraNa-shAkhA/aShTa_prakaraNAni/bhoja-tattva-prakAshaH/
+भोजदेव 	 sampradAyaH/28-Agama-sampradAyaH/tattvam/sampradAyaH/aShTa-prakaraNa-shAkhA/mukta-bodha-mUlam/bhojadeva/
+भोजदेव अघोरशिव 	 sampradAyaH/28-Agama-sampradAyaH/tattvam/sampradAyaH/aShTa-prakaraNa-shAkhA/mukta-bodha-mUlam/bhojadeva_aghorashiva/
+मकुटागमः 	 sampradAyaH/28-Agama-sampradAyaH/AgamaH/28/makuTAgamaH/
+मत्स्येन्द्र-नाथ 	 sampradAyaH/matsyendra-nAtha-sampradAyaH/
+मत्स्येन्द्रनाथ 	 sampradAyaH/kaulaH_shAktaH/mukta-bodha-mUlam/matsyendranAtha/
+मन्त्रमहादेव 	 sampradAyaH/kaulaH_shAktaH/mukta-bodha-mUlam/mantramahAdeva/
+मन्त्रादि 	 mantrAdi/
+मन्त्रादि 	 sampradAyaH/kaulaH_shAktaH/mantrAdi/
+मन्साराम् मोङ्गा 	 sampradAyaH/kaulaH_shAktaH/sampradAyaH/pUrvAmnAyaH_trikam/mukta-bodha-mUlam/mansArAm_mongA/
+मरि-तॊण्डार्यः 	 sampradAyaH/vIra-shaivaH/tattvam/maritoNDAryaH/
+मरितोण्टदार्य 	 sampradAyaH/vIra-shaivaH/mukta-bodha-mUlam/maritoNTadArya/
+महानिर्वानतन्त्रम् 	 AgamaH/mahA-nirvAna-tantram/
+महेश्वरानन्द 	 sampradAyaH/kaulaH_shAktaH/sampradAyaH/uttarAmnAyaH_kAlI-kulam_kramaH/mukta-bodha-mUlam/maheshvarAnanda/
+मानसराम 	 sampradAyaH/kaulaH_shAktaH/sampradAyaH/pUrvAmnAyaH_trikam/mukta-bodha-mUlam/mAnasarAma/
+मालिनी-विजय-वार्तिकम् 	 sampradAyaH/kaulaH_shAktaH/sampradAyaH/pUrvAmnAyaH_trikam/tattvam/abhinava-gupta-mUlam/mAlinI-vijaya-vArtikam/
+मालिनी-विजयोत्तर-तन्त्रम् 	 sampradAyaH/kaulaH_shAktaH/sampradAyaH/pUrvAmnAyaH_trikam/00_tantram/mAlinI-vijayottara-tantram/
+माहेश्वरतन्त्र 	 AgamaH/mAheshvara-tantram/
+मुकुन्द 	 sampradAyaH/kaulaH_shAktaH/sampradAyaH/daxiNAmnAyaH_shrI-kulam/mukta-bodha-mUlam/mukunda/
+मुक्त-बोध-परिचयः 	 sampradAyaH/28-Agama-sampradAyaH/tattvam/sampradAyaH/aShTa-prakaraNa-shAkhA/parichaya-sanxepaH/articles/mukta-bodha-parichayaH/
+मुक्त-बोध-मूलम् 	 mukta-bodha-mUlam/
+मुक्त-बोध-मूलम् 	 sampradAyaH/28-Agama-sampradAyaH/tattvam/sampradAyaH/aShTa-prakaraNa-shAkhA/mukta-bodha-mUlam/
+मुक्त-बोध-मूलम् 	 sampradAyaH/kaulaH_shAktaH/mukta-bodha-mUlam/
+मुक्त-बोध-मूलम् 	 sampradAyaH/kaulaH_shAktaH/sampradAyaH/daxiNAmnAyaH_shrI-kulam/mukta-bodha-mUlam/
+मुक्त-बोध-मूलम् 	 sampradAyaH/kaulaH_shAktaH/sampradAyaH/pashchimAmnAyaH_kubjikA/mukta-bodha-mUlam/
+मुक्त-बोध-मूलम् 	 sampradAyaH/kaulaH_shAktaH/sampradAyaH/pUrvAmnAyaH_trikam/mukta-bodha-mUlam/
+मुक्त-बोध-मूलम् 	 sampradAyaH/kaulaH_shAktaH/sampradAyaH/sarvAmnAyaH/mukta-bodha-mUlam/
+मुक्त-बोध-मूलम् 	 sampradAyaH/kaulaH_shAktaH/sampradAyaH/shAmbhavaH/mukta-bodha-mUlam/
+मुक्त-बोध-मूलम् 	 sampradAyaH/kaulaH_shAktaH/sampradAyaH/uttarAmnAyaH_kAlI-kulam_kramaH/mukta-bodha-mUlam/
+मुक्त-बोध-मूलम् 	 sampradAyaH/vIra-shaivaH/mukta-bodha-mUlam/
+मूलम् 	 sampradAyaH/28-Agama-sampradAyaH/AgamaH/28/kiraNAgamaH/vidyA-pAdaH/mUlam/
+मूलम् 	 sampradAyaH/kaulaH_shAktaH/sampradAyaH/pUrvAmnAyaH_trikam/tattvam/abhinava-gupta-mUlam/tantrAlokaH/tantra-sAraH/mUlam/
+मूलम् 	 sampradAyaH/kaulaH_shAktaH/sampradAyaH/pUrvAmnAyaH_trikam/tattvam/praty-abhijnA/utpala-devaH_Ishvara-pratyabhiJNA-kArikA/vRttiH/mUlam/
+मूलम् सटीकम् 	 sampradAyaH/28-Agama-sampradAyaH/tattvam/sampradAyaH/aShTa-prakaraNa-shAkhA/parichaya-sanxepaH/trilochana-shiva-siddhAnta-sArAvaliH/mUlam_saTIkam/
+मृगेन्द्रागमः 	 sampradAyaH/28-Agama-sampradAyaH/AgamaH/mRgendrAgamaH/
+मेरुतन्त्र 	 AgamaH/meru-tantram/
+मौनप्प-पण्डित 	 sampradAyaH/vIra-shaivaH/mukta-bodha-mUlam/maunappa-paNDita/
+योगजागमः 	 sampradAyaH/28-Agama-sampradAyaH/AgamaH/yogajAgamaH/
+योगिनीहृदयम् 	 sampradAyaH/kaulaH_shAktaH/sampradAyaH/daxiNAmnAyaH_shrI-kulam/AgamaH/yoginI-hRdayam/
+रस्तोगि-नवजीवनः 	 sampradAyaH/kaulaH_shAktaH/sampradAyaH/pUrvAmnAyaH_trikam/articles/rastogi-navajIvanaH/
+राजनक लक्ष्मीराम 	 sampradAyaH/kaulaH_shAktaH/sampradAyaH/pUrvAmnAyaH_trikam/mukta-bodha-mUlam/rAjanaka_laxmIrAma/
+रामकण्ठ ई 	 sampradAyaH/28-Agama-sampradAyaH/tattvam/sampradAyaH/aShTa-prakaraNa-shAkhA/mukta-bodha-mUlam/rAmakaNTha_ii/
+रौरवागमः 	 sampradAyaH/28-Agama-sampradAyaH/AgamaH/28/rauravAgamaH/
+र्पत्य्-अभिज्ञा 	 sampradAyaH/kaulaH_shAktaH/sampradAyaH/pUrvAmnAyaH_trikam/tattvam/praty-abhijnA/
+लक्ष्मीनारायण गोस्वामी 	 sampradAyaH/kaulaH_shAktaH/mukta-bodha-mUlam/laxmInArAyaNa_gosvAmI/
+लघुभट्टारक 	 sampradAyaH/kaulaH_shAktaH/sampradAyaH/daxiNAmnAyaH_shrI-kulam/mukta-bodha-mUlam/laghubhaTTAraka/
+ललिता-सहस्र-नाम-स्तोत्रम् 	 sampradAyaH/kaulaH_shAktaH/sampradAyaH/daxiNAmnAyaH_shrI-kulam/AgamaH/lalitA-sahasra-nAma-stotram/
+ललितागमः 	 sampradAyaH/28-Agama-sampradAyaH/AgamaH/28/lalitAgamaH/
+वरुणशिव 	 sampradAyaH/28-Agama-sampradAyaH/tattvam/sampradAyaH/aShTa-prakaraNa-shAkhA/mukta-bodha-mUlam/varuNashiva/
+वरुणशिव अलिअस् निगमज्ञानदेव 	 sampradAyaH/28-Agama-sampradAyaH/tattvam/sampradAyaH/aShTa-prakaraNa-shAkhA/mukta-bodha-mUlam/varuNashiva_alias_nigamajnAnadeva/
+वरुणशिव भट्ट शिवोत्तोम 	 sampradAyaH/28-Agama-sampradAyaH/tattvam/sampradAyaH/aShTa-prakaraNa-shAkhA/mukta-bodha-mUlam/varuNashiva_bhaTTa_shivottoma/
+वसुगुप्त क्षेमराज 	 sampradAyaH/kaulaH_shAktaH/sampradAyaH/pUrvAmnAyaH_trikam/mukta-bodha-mUlam/vasugupta_xemarAja/
+वसुगुप्त भास्कर 	 sampradAyaH/kaulaH_shAktaH/sampradAyaH/pUrvAmnAyaH_trikam/mukta-bodha-mUlam/vasugupta_bhAskara/
+वसुगुप्त-वार्त्तिकम् 	 shiva-sUtrANi/vasugupta-vArttikam/
+वातूलनाथ 	 sampradAyaH/kaulaH_shAktaH/sampradAyaH/uttarAmnAyaH_kAlI-kulam_kramaH/mukta-bodha-mUlam/vAtUlanAtha/
+वामकेश्वरी-मतम् 	 sampradAyaH/kaulaH_shAktaH/sampradAyaH/daxiNAmnAyaH_shrI-kulam/vAmakeshvarI-matam/
+वामदेव 	 sampradAyaH/kaulaH_shAktaH/sampradAyaH/pUrvAmnAyaH_trikam/mukta-bodha-mUlam/vAmadeva/
+वारुण-पद्धतिः 	 sampradAyaH/28-Agama-sampradAyaH/kriyA/aShTa-prakaraNa-shAkhA/vAruNa-paddhatiH/
+विज्ञान-भैरवः 	 sampradAyaH/kaulaH_shAktaH/sampradAyaH/pUrvAmnAyaH_trikam/00_tantram/vijJNAna-bhairavaH/
+विद्या-पादः 	 sampradAyaH/28-Agama-sampradAyaH/AgamaH/28/kiraNAgamaH/vidyA-pAdaH/
+विद्यानन्दः 	 sampradAyaH/kaulaH_shAktaH/sampradAyaH/daxiNAmnAyaH_shrI-kulam/vidyAnandaH/
+विमर्शानन्दनाथ 	 sampradAyaH/kaulaH_shAktaH/sampradAyaH/uttarAmnAyaH_kAlI-kulam_kramaH/mukta-bodha-mUlam/vimarshAnandanAtha/
+विमलप्रबोध 	 sampradAyaH/kaulaH_shAktaH/sampradAyaH/shAmbhavaH/mukta-bodha-mUlam/vimalaprabodha/
+विमलप्रबोधः 	 sampradAyaH/kaulaH_shAktaH/sampradAyaH/pashchimAmnAyaH_kubjikA/mukta-bodha-mUlam/vimala-prabodhaH/
+विमलशिव 	 sampradAyaH/28-Agama-sampradAyaH/tattvam/sampradAyaH/aShTa-prakaraNa-shAkhA/mukta-bodha-mUlam/vimalashiva/
+विमलानन्द 	 sampradAyaH/kaulaH_shAktaH/mukta-bodha-mUlam/vimalAnanda/
+विरूपक्ष 	 sampradAyaH/kaulaH_shAktaH/sampradAyaH/pUrvAmnAyaH_trikam/mukta-bodha-mUlam/virUpaxa/
+विश्वासः 	 sampradAyaH/28-Agama-sampradAyaH/tattvam/sampradAyaH/aShTa-prakaraNa-shAkhA/parichaya-sanxepaH/vishvAsaH/
+विश्वासः 	 sampradAyaH/kaulaH_shAktaH/sampradAyaH/pUrvAmnAyaH_trikam/tattvam/vishvAsaH/
+विश्वेश्वर महाप्राज्ञ 	 sampradAyaH/kaulaH_shAktaH/mukta-bodha-mUlam/vishveshvara_mahAprAjna/
+विष्णुदत्त-शास्त्र्य्-अनुवादः 	 sampradAyaH/kaulaH_shAktaH/sampradAyaH/pUrvAmnAyaH_trikam/00_tantram/mAlinI-vijayottara-tantram/srotaH/viShnu-datta-Shastry-anuvAdaH/
+वीर-शैवः 	 sampradAyaH/vIra-shaivaH/
+वीरशैव-मकुटागमः 	 sampradAyaH/vIra-shaivaH/AgamaH/vIrashaiva-makuTAgamaH/
+वीरशैवानन्दचन्द्रिका-वाद-काण्डः 	 sampradAyaH/vIra-shaivaH/tattvam/maritoNDAryaH/vIra-shaivAnanda-chandrikA-vAda-kANDaH/
+वीरागमः 	 sampradAyaH/28-Agama-sampradAyaH/AgamaH/28/vIrAgamaH/
+वीरागमः 	 sampradAyaH/vIra-shaivaH/AgamaH/vIrashaiva-vIrAgamaH/
+वृत्तिः 	 sampradAyaH/kaulaH_shAktaH/sampradAyaH/pUrvAmnAyaH_trikam/tattvam/praty-abhijnA/utpala-devaH_Ishvara-pratyabhiJNA-kArikA/vRttiH/
+वेदज्ञान 	 sampradAyaH/28-Agama-sampradAyaH/tattvam/sampradAyaH/aShTa-prakaraNa-shAkhA/mukta-bodha-mUlam/vedajnAna/
+व्याख्यान्तरम् 	 sampradAyaH/kaulaH_shAktaH/sampradAyaH/pUrvAmnAyaH_trikam/tattvam/praty-abhijnA/utpala-devaH_Ishvara-pratyabhiJNA-kArikA/abhinava-gupta-vimarshinI/vyAkhyAntaram/
+व्रज-वल्लभः 	 sampradAyaH/28-Agama-sampradAyaH/tattvam/sampradAyaH/aShTa-prakaraNa-shAkhA/parichaya-sanxepaH/trilochana-shiva-siddhAnta-sArAvaliH/sarva-prastutiH/
+शंकराचार्य अत्त्रिबुतेद् तो 	 sampradAyaH/kaulaH_shAktaH/sampradAyaH/daxiNAmnAyaH_shrI-kulam/mukta-bodha-mUlam/shaMkarAchArya_attributed_to/
+शङ्कर 	 sampradAyaH/kaulaH_shAktaH/sampradAyaH/shAmbhavaH/mukta-bodha-mUlam/shankara/
+शाम्भवः 	 sampradAyaH/kaulaH_shAktaH/sampradAyaH/shAmbhavaH/
+शितिकण्ठ 	 sampradAyaH/kaulaH_shAktaH/sampradAyaH/uttarAmnAyaH_kAlI-kulam_kramaH/mukta-bodha-mUlam/shitikaNTha/
+शिव-सूत्राणि 	 shiva-sUtrANi/
+शिवयोगि अलिअस् शिवयोगिशिवाचार्य 	 sampradAyaH/vIra-shaivaH/mukta-bodha-mUlam/shivayogi_alias_shivayogishivAchArya/
+शिवाग्रयोगिन् 	 sampradAyaH/28-Agama-sampradAyaH/tattvam/sampradAyaH/aShTa-prakaraNa-shAkhA/mukta-bodha-mUlam/shivAgrayogin/
+शिवाग्रयोगी - शैवसिद्धान्तपरिभाषा 	 sampradAyaH/28-Agama-sampradAyaH/tattvam/sampradAyaH/ekI-bhAva-darshanam/parichaya-sanxepaH/shivAgrayogi-paribhAShA/
+शिवानन्द भट्ट गोस्वामी 	 sampradAyaH/kaulaH_shAktaH/sampradAyaH/daxiNAmnAyaH_shrI-kulam/mukta-bodha-mUlam/shivAnanda_bhaTTa_gosvAmI/
+शिवानन्दनाथ 	 sampradAyaH/kaulaH_shAktaH/sampradAyaH/shAmbhavaH/mukta-bodha-mUlam/shivAnandanAtha/
+श्रीकण्ठ अघोरशिव 	 sampradAyaH/28-Agama-sampradAyaH/tattvam/sampradAyaH/aShTa-prakaraNa-shAkhA/mukta-bodha-mUlam/shrIkaNTha_aghorashiva/
+श्रीपति 	 sampradAyaH/vIra-shaivaH/mukta-bodha-mUlam/shrIpati/
+श्रीवत्स 	 sampradAyaH/kaulaH_shAktaH/sampradAyaH/uttarAmnAyaH_kAlI-kulam_kramaH/mukta-bodha-mUlam/shrIvatsa/
+श्रीविद्यारण्ययति 	 sampradAyaH/kaulaH_shAktaH/sampradAyaH/daxiNAmnAyaH_shrI-kulam/mukta-bodha-mUlam/shrIvidyAraNyayati/
+श्रीविद्यार्णवतन्त्र 	 sampradAyaH/kaulaH_shAktaH/sampradAyaH/daxiNAmnAyaH_shrI-kulam/vidyAraNyayati-shrI-vidyArNava-tantram/
+सद्योज्योतिः 	 sampradAyaH/28-Agama-sampradAyaH/tattvam/sampradAyaH/aShTa-prakaraNa-shAkhA/aShTa_prakaraNAni/sadyo-jyotiH/
+सद्योज्योति अघोरशिव 	 sampradAyaH/28-Agama-sampradAyaH/tattvam/sampradAyaH/aShTa-prakaraNa-shAkhA/mukta-bodha-mUlam/sadyojyoti_aghorashiva/
+सद्योज्योति रामकण्ठ ई 	 sampradAyaH/28-Agama-sampradAyaH/tattvam/sampradAyaH/aShTa-prakaraNa-shAkhA/mukta-bodha-mUlam/sadyojyoti_rAmakaNTha_ii/
+सम्प्रदायः 	 sampradAyaH/28-Agama-sampradAyaH/tattvam/sampradAyaH/
+सर्व-प्रस्तुतिः 	 AgamaH/mahA-nirvAna-tantram/sarva-prastutiH/
+सर्व-प्रस्तुतिः 	 sampradAyaH/28-Agama-sampradAyaH/AgamaH/28/kiraNAgamaH/vidyA-pAdaH/sarva-prastutiH/
+सर्व-प्रस्तुतिः 	 sampradAyaH/28-Agama-sampradAyaH/AgamaH/mRgendrAgamaH/sarva-prastutiH/
+सर्व-प्रस्तुतिः 	 sampradAyaH/kaulaH_shAktaH/sampradAyaH/daxiNAmnAyaH_shrI-kulam/AgamaH/yoginI-hRdayam/sarva-prastutiH/
+सर्व-प्रस्तुतिः 	 sampradAyaH/kaulaH_shAktaH/sampradAyaH/pUrvAmnAyaH_trikam/00_tantram/mAlinI-vijayottara-tantram/sarva-prastutiH/
+सर्व-प्रस्तुतिः 	 sampradAyaH/kaulaH_shAktaH/sampradAyaH/pUrvAmnAyaH_trikam/tattvam/abhinava-gupta-mUlam/tantrAlokaH/sarva-prastutiH/
+सर्वज्ञानोत्तर 	 sampradAyaH/28-Agama-sampradAyaH/AgamaH/sarvajnAnottaraH/
+सर्वानन्द 	 sampradAyaH/kaulaH_shAktaH/mukta-bodha-mUlam/sarvAnanda/
+सर्वाम्नायः 	 sampradAyaH/kaulaH_shAktaH/sampradAyaH/sarvAmnAyaH/
+सहिब् कौल् 	 sampradAyaH/kaulaH_shAktaH/sampradAyaH/pUrvAmnAyaH_trikam/mukta-bodha-mUlam/sahib_kaul/
+साम्ब क्षेमराज 	 sampradAyaH/kaulaH_shAktaH/sampradAyaH/pUrvAmnAyaH_trikam/mukta-bodha-mUlam/sAmba_xemarAja/
+सिद्दप्पाराध्य 	 sampradAyaH/vIra-shaivaH/mukta-bodha-mUlam/siddappArAdhya/
+सिद्धलक्ष्मीदेवी 	 sampradAyaH/kaulaH_shAktaH/sampradAyaH/sarvAmnAyaH/mukta-bodha-mUlam/siddhalaxmIdevI/
+सिद्धान्तः 	 sampradAyaH/28-Agama-sampradAyaH/
+सिद्धान्त-शिखा-मणिः 	 sampradAyaH/vIra-shaivaH/tattvam/siddhAnta-shikhA-maNiH/
+सुप्रभेदागम 	 sampradAyaH/28-Agama-sampradAyaH/AgamaH/28/suprabhedAgamaH/
+सुब्रह्मण्यार्यः चिदानन्दनाथः 	 sampradAyaH/kaulaH_shAktaH/sampradAyaH/daxiNAmnAyaH_shrI-kulam/subrahmaNyAryaH_chidAnandanAthaH/
+सूक्ष्मागम 	 sampradAyaH/28-Agama-sampradAyaH/AgamaH/28/sUxmAgamaH/
+सूत्रम् 	 AgamaH/pAshupataH/sUtram/
+सोम-शम्भु-पद्धतिः 	 sampradAyaH/28-Agama-sampradAyaH/kriyA/aShTa-prakaraNa-shAkhA/soma-shambhu-paddhatiH/
+सोमनाथ 	 sampradAyaH/kaulaH_shAktaH/sampradAyaH/pUrvAmnAyaH_trikam/mukta-bodha-mUlam/somanAtha/
+सोमशम्भु त्र्यम्बकशम्भु 	 sampradAyaH/28-Agama-sampradAyaH/tattvam/sampradAyaH/aShTa-prakaraNa-shAkhA/mukta-bodha-mUlam/somashambhu_tryambakashambhu/
+सोमानन्द 	 sampradAyaH/kaulaH_shAktaH/sampradAyaH/pUrvAmnAyaH_trikam/mukta-bodha-mUlam/somAnanda/
+सोमानन्द ई 	 sampradAyaH/kaulaH_shAktaH/sampradAyaH/pUrvAmnAyaH_trikam/mukta-bodha-mUlam/somAnanda_ii/
+सोमानन्द-शिवदृष्टिः 	 sampradAyaH/kaulaH_shAktaH/sampradAyaH/pUrvAmnAyaH_trikam/tattvam/praty-abhijnA/somAnanda-shivadRShTiH/
+स्थानेश्वरः 	 meta/articles/sthAneshvaraH/
+स्थानेश्वरः 	 sampradAyaH/kaulaH_shAktaH/kriyA/sthAneshvaraH/
+स्थानेश्वरः 	 sampradAyaH/kaulaH_shAktaH/sampradAyaH/sarvAmnAyaH/sthAneshvaraH/
+स्पन्दः 	 sampradAyaH/kaulaH_shAktaH/sampradAyaH/pUrvAmnAyaH_trikam/tattvam/spandaH/
+स्पन्द-कारिका 	 sampradAyaH/kaulaH_shAktaH/sampradAyaH/pUrvAmnAyaH_trikam/tattvam/spandaH/spanda-kArikA/
+स्रोतः 	 sampradAyaH/kaulaH_shAktaH/sampradAyaH/pUrvAmnAyaH_trikam/00_tantram/mAlinI-vijayottara-tantram/srotaH/
+स्रोतः 	 sampradAyaH/kaulaH_shAktaH/sampradAyaH/pUrvAmnAyaH_trikam/00_tantram/parAtriMshikA/srotaH/
+स्रोतः 	 sampradAyaH/kaulaH_shAktaH/sampradAyaH/pUrvAmnAyaH_trikam/00_tantram/vijJNAna-bhairavaH/srotaH/
+स्रोतः 	 sampradAyaH/kaulaH_shAktaH/sampradAyaH/pUrvAmnAyaH_trikam/tattvam/praty-abhijnA/xema-rAja-mUlam/pratyabhijJNA-hRdayam/srotaH/
+स्रोतः 	 sampradAyaH/kaulaH_shAktaH/sampradAyaH/pUrvAmnAyaH_trikam/tattvam/spandaH/spanda-kArikA/srotaH/
+स्वच्छन्दतन्त्र 	 sampradAyaH/kaulaH_shAktaH/sampradAyaH/pUrvAmnAyaH_trikam/00_tantram/svachChandatantram/
+स्वतन्त्रानन्दनाथ 	 sampradAyaH/kaulaH_shAktaH/sampradAyaH/daxiNAmnAyaH_shrI-kulam/mukta-bodha-mUlam/svatantrAnandanAtha/
+स्वात्माराम उङ्क्नोव्न् उङ्क्नोव्न् 	 sampradAyaH/kaulaH_shAktaH/mukta-bodha-mUlam/svAtmArAma_unknown_unknown/
+स्वायंभुव-सूत्र-संग्रहः 	 sampradAyaH/28-Agama-sampradAyaH/AgamaH/28/svAyambhuvAgamaH/
+हरदत्त अत्त्रिबुतेद् तो 	 mukta-bodha-mUlam/haradatta_attributed_to/
+हरितायन 	 sampradAyaH/kaulaH_shAktaH/sampradAyaH/daxiNAmnAyaH_shrI-kulam/mukta-bodha-mUlam/haritAyana/
+हारितायन श्रीनिवास 	 sampradAyaH/kaulaH_shAktaH/sampradAyaH/daxiNAmnAyaH_shrI-kulam/mukta-bodha-mUlam/hAritAyana_shrInivAsa/
+हृदयशिव 	 sampradAyaH/28-Agama-sampradAyaH/tattvam/sampradAyaH/aShTa-prakaraNa-shAkhA/mukta-bodha-mUlam/hRdayashiva/
0 	 meta/articles/davis_on_ritual/0/
० 	 sampradAyaH/28-Agama-sampradAyaH/tattvam/sampradAyaH/aShTa-prakaraNa-shAkhA/parichaya-sanxepaH/trilochana-shiva-siddhAnta-sArAvaliH/sarva-prastutiH/0/
0 About 	 meta/articles/nAgasvAmI/bhairava-art-religion/0_About/
0 bibliography 	 meta/articles/nAgasvAmI/bhairava-art-religion/0_bibliography/
0 Preface 	 meta/articles/nAgasvAmI/bhairava-art-religion/0_Preface/
०० 	 AgamaH/mahA-nirvAna-tantram/woodroffe/00/
०० 	 sampradAyaH/28-Agama-sampradAyaH/AgamaH/kumAra-tantram/00/
०० 	 sampradAyaH/kaulaH_shAktaH/sampradAyaH/pUrvAmnAyaH_trikam/00_tantram/mAlinI-vijayottara-tantram/srotaH/paramhaMsa-mishrAnuvAdaH/00/
०० 	 sampradAyaH/kaulaH_shAktaH/sampradAyaH/pUrvAmnAyaH_trikam/00_tantram/mAlinI-vijayottara-tantram/srotaH/viShnu-datta-Shastry-anuvAdaH/00/
००१ तन्त्रावतारपटलः 	 sampradAyaH/28-Agama-sampradAyaH/AgamaH/28/kAraNAgamaH/1/001_tantrAvatArapaTalaH/
००१ तन्त्रावतारपटलः 	 sampradAyaH/28-Agama-sampradAyaH/AgamaH/28/kAraNAgamaH/2/001_tantrAvatArapaTalaH/
००२ मन्त्रावतारपटलः 	 sampradAyaH/28-Agama-sampradAyaH/AgamaH/28/kAraNAgamaH/1/002_mantrAvatArapaTalaH/
००२ मन्त्रावतारविधिपटलः 	 sampradAyaH/28-Agama-sampradAyaH/AgamaH/28/kAraNAgamaH/2/002_mantrAvatAravidhipaTalaH/
००३ कर्षणविधिपटलः 	 sampradAyaH/28-Agama-sampradAyaH/AgamaH/28/kAraNAgamaH/2/003_karShaNavidhipaTalaH/
००३ वास्तुविन्यासपटलस्तृतीयः 	 sampradAyaH/28-Agama-sampradAyaH/AgamaH/28/kAraNAgamaH/1/003_vAstuvinyAsapaTalastRtIyaH/
००४ आद्येष्टकाविधिपटलश्चतुर्त्थः 	 sampradAyaH/28-Agama-sampradAyaH/AgamaH/28/kAraNAgamaH/1/004_AdyeShTakAvidhipaTalashchaturtthaH/
००४ शिलापरिक्षा 	 sampradAyaH/28-Agama-sampradAyaH/AgamaH/28/kAraNAgamaH/2/004_shilAparixA/
००५ अधिष्ठानविधिपटलः 	 sampradAyaH/28-Agama-sampradAyaH/AgamaH/28/kAraNAgamaH/1/005_adhiShThAnavidhipaTalaH/
००५ गोपुरलक्षणम् 	 sampradAyaH/28-Agama-sampradAyaH/AgamaH/28/kAraNAgamaH/2/005_gopuralaxaNam/
००६ गर्भन्यासविधिपटलः 	 sampradAyaH/28-Agama-sampradAyaH/AgamaH/28/kAraNAgamaH/1/006_garbhanyAsavidhipaTalaH/
००६ मण्टपलक्षणपटलः 	 sampradAyaH/28-Agama-sampradAyaH/AgamaH/28/kAraNAgamaH/2/006_maNTapalaxaNapaTalaH/
००७ पीठलक्षणपटलः 	 sampradAyaH/28-Agama-sampradAyaH/AgamaH/28/kAraNAgamaH/2/007_pIThalaxaNapaTalaH/
००७ प्रासादलक्षणविधिपटलः 	 sampradAyaH/28-Agama-sampradAyaH/AgamaH/28/kAraNAgamaH/1/007_prAsAdalaxaNavidhipaTalaH/
००८ प्राकारलक्षणविधिपटलः 	 sampradAyaH/28-Agama-sampradAyaH/AgamaH/28/kAraNAgamaH/1/008_prAkAralaxaNavidhipaTalaH/
००८ शक्तिलक्षणपटलः 	 sampradAyaH/28-Agama-sampradAyaH/AgamaH/28/kAraNAgamaH/2/008_shaktilaxaNapaTalaH/
००९ ग्रामशान्तिपटलः 	 sampradAyaH/28-Agama-sampradAyaH/AgamaH/28/kAraNAgamaH/2/009_grAmashAntipaTalaH/
००९ लिङ्गलक्षणविधिपटलः 	 sampradAyaH/28-Agama-sampradAyaH/AgamaH/28/kAraNAgamaH/1/009_lingalaxaNavidhipaTalaH/
01 	 sampradAyaH/kaulaH_shAktaH/sampradAyaH/pUrvAmnAyaH_trikam/tattvam/abhinava-gupta-mUlam/tantrAlokaH/tantra-sAraH/00/Summary/01/
०१ 	 AgamaH/daxiNA-mUrti-saMhitA/01/
०१ 	 AgamaH/jnAnArNavatantram/01/
०१ 	 AgamaH/mahA-nirvAna-tantram/sarva-prastutiH/01/
०१ 	 AgamaH/mahA-nirvAna-tantram/woodroffe/01/
०१ 	 AgamaH/mAheshvara-tantram/01/
०१ 	 kriyA/bhUta-shuddhi-tantram/01/
०१ 	 sampradAyaH/28-Agama-sampradAyaH/AgamaH/28/kAraNAgamaH/2_kriyA-pAdaH/01/
०१ 	 sampradAyaH/28-Agama-sampradAyaH/AgamaH/28/sUxmAgamaH/01/
०१ 	 sampradAyaH/28-Agama-sampradAyaH/AgamaH/28/vIrAgamaH/01/
०१ 	 sampradAyaH/28-Agama-sampradAyaH/AgamaH/achintya-vishva-sAd-Akhyam/1_kriyApAdaH/01/
०१ 	 sampradAyaH/28-Agama-sampradAyaH/AgamaH/aMshumat-kAshyapAgamaH/01/
०१ 	 sampradAyaH/28-Agama-sampradAyaH/AgamaH/sarvajnAnottaraH/02_jnAnapAdaH/01/
०१ 	 sampradAyaH/28-Agama-sampradAyaH/AgamaH/sarvajnAnottaraH/03_kriyApAdaH/01/
०१ 	 sampradAyaH/28-Agama-sampradAyaH/AgamaH/sarvajnAnottaraH/04_sarvajnAnottarapAdaH/01/
०१ 	 sampradAyaH/28-Agama-sampradAyaH/AgamaH/yogajAgamaH/01/
०१ 	 sampradAyaH/kaulaH_shAktaH/AgamaH/brahma-yAmala-tantram/daxiNAnubandhaH/01/
०१ 	 sampradAyaH/kaulaH_shAktaH/AgamaH/kulArNava-tantram/01/
०१ 	 sampradAyaH/kaulaH_shAktaH/sampradAyaH/daxiNAmnAyaH_shrI-kulam/vAmakeshvarI-matam/01/
०१ 	 sampradAyaH/kaulaH_shAktaH/sampradAyaH/daxiNAmnAyaH_shrI-kulam/vidyAraNyayati-shrI-vidyArNava-tantram/01/
०१ 	 sampradAyaH/kaulaH_shAktaH/sampradAyaH/pUrvAmnAyaH_trikam/00_tantram/mAlinI-vijayottara-tantram/srotaH/paramhaMsa-mishrAnuvAdaH/01/
०१ 	 sampradAyaH/kaulaH_shAktaH/sampradAyaH/pUrvAmnAyaH_trikam/00_tantram/mAlinI-vijayottara-tantram/srotaH/viShnu-datta-Shastry-anuvAdaH/01/
०१ 	 sampradAyaH/kaulaH_shAktaH/sampradAyaH/pUrvAmnAyaH_trikam/00_tantram/netra-tantram/01/
०१ 	 sampradAyaH/kaulaH_shAktaH/sampradAyaH/pUrvAmnAyaH_trikam/00_tantram/svachChandatantram/01/
०१ 	 sampradAyaH/kaulaH_shAktaH/sampradAyaH/pUrvAmnAyaH_trikam/tattvam/abhinava-gupta-mUlam/mAlinI-vijaya-vArtikam/01/
०१ 	 sampradAyaH/kaulaH_shAktaH/sampradAyaH/pUrvAmnAyaH_trikam/tattvam/abhinava-gupta-mUlam/tantrAlokaH/pariShkAryam/chaturvedi-rAdheshyAmaH/p1_01-03/01/
०१ 	 sampradAyaH/kaulaH_shAktaH/sampradAyaH/pUrvAmnAyaH_trikam/tattvam/abhinava-gupta-mUlam/tantrAlokaH/pariShkAryam/paramahaMsa-mishraH/p1_01-03/01/
०१ 	 sampradAyaH/kaulaH_shAktaH/sampradAyaH/pUrvAmnAyaH_trikam/tattvam/praty-abhijnA/utpala-devaH_Ishvara-pratyabhiJNA-kArikA/vRttiH/abhinava-gupta-vivRti-vimarshinI/1_jnAnAdhikAraH/01/
०१ 	 sampradAyaH/kaulaH_shAktaH/sampradAyaH/pUrvAmnAyaH_trikam/tattvam/praty-abhijnA/utpala-devaH_Ishvara-pratyabhiJNA-kArikA/vRttiH/abhinava-gupta-vivRti-vimarshinI/2_kriyAdhikAraH/01/
०१ 	 sampradAyaH/kaulaH_shAktaH/sampradAyaH/pUrvAmnAyaH_trikam/tattvam/praty-abhijnA/utpala-devaH_Ishvara-pratyabhiJNA-kArikA/vRttiH/abhinava-gupta-vivRti-vimarshinI/3_AgamAdhikAraH/01/
०१ 	 sampradAyaH/kaulaH_shAktaH/sampradAyaH/pUrvAmnAyaH_trikam/tattvam/praty-abhijnA/utpala-devaH_Ishvara-pratyabhiJNA-kArikA/vRttiH/abhinava-gupta-vivRti-vimarshinI/4_tattvasangrahAdhikAraH/01/
०१ 	 sampradAyaH/vIra-shaivaH/AgamaH/vIrashaiva-makuTAgamaH/01_kriyApAdaH/01/
०१ 	 sampradAyaH/vIra-shaivaH/AgamaH/vIrashaiva-makuTAgamaH/02_charyApAdaH/01/
०१ 	 sampradAyaH/vIra-shaivaH/kriyA/mari-toNDArya-kaivalya-sAraH/01_anga-sthalam/01/
०१ 	 sampradAyaH/vIra-shaivaH/kriyA/mari-toNDArya-kaivalya-sAraH/02_linga-sthalam/01/
०१ 	 sampradAyaH/vIra-shaivaH/tattvam/maritoNDAryaH/vIra-shaivAnanda-chandrikA-vAda-kANDaH/01/
01 ACKNOWLEDGEMENTS 	 meta/articles/schwartz-jason/shaiva-age-end/00/01_ACKNOWLEDGEMENTS/
01 TEXTS REFERRED TO BY NAME IN THE TANTRALOKA 	 sampradAyaH/kaulaH_shAktaH/sampradAyaH/pUrvAmnAyaH_trikam/tattvam/abhinava-gupta-mUlam/tantrAlokaH/meta/articles/rastogi-navajIvana-intro/7_APPENDICES/01_TEXTS_REFERRED/
०१ अनुक्रम-वर्णनम् 	 sampradAyaH/vIra-shaivaH/tattvam/siddhAnta-shikhA-maNiH/01_anukrama-varNanam/
०१ अल्ला-उपनिषत् 	 sampradAyaH/kaulaH_shAktaH/upaniShat/aDyAr-sankalanam/01_allA-upaniShat/
०१ उपोद्घातप्रकरणम् 	 sampradAyaH/28-Agama-sampradAyaH/AgamaH/mRgendrAgamaH/sarva-prastutiH/1_vidyApAdaH/01_upodghAtaprakaraNam/
०१ कौशिकप्रश्ने तन्त्रावतारक्रम 	 sampradAyaH/28-Agama-sampradAyaH/AgamaH/kumAra-tantram/01_kaushikaprashne_tantrAvatArakrama/
०१ ज्ञान-पादः 	 sampradAyaH/28-Agama-sampradAyaH/tattvam/sampradAyaH/aShTa-prakaraNa-shAkhA/parichaya-sanxepaH/trilochana-shiva-siddhAnta-sArAvaliH/mUlam_saTIkam/01_jnAna-pAdaH/
०१ तन्त्रावतार-पटलः 	 sampradAyaH/28-Agama-sampradAyaH/AgamaH/28/makuTAgamaH/01_tantrAvatAra-paTalaH/
०१ तन्त्रावतारपटलः 	 sampradAyaH/28-Agama-sampradAyaH/AgamaH/28/kAmikAgamaH/1/01_tantrAvatArapaTalaH/
०१ तन्त्रावतारपटलः 	 sampradAyaH/vIra-shaivaH/AgamaH/vIrashaiva-vIrAgamaH/01_tantrAvatArapaTalaH/
०१ नीलरुद्रोपनिषत् 	 upaniShat/aDyAr-sankalanam/01_nIlarudropaniShat/
०१ पतिपशुपाशात्मकविचारः 	 sampradAyaH/28-Agama-sampradAyaH/tattvam/sampradAyaH/aShTa-prakaraNa-shAkhA/aShTa_prakaraNAni/bhoja-tattva-prakAshaH/01_patipashupAshAtmakavichAraH/
०१ पशुपटलः 	 sampradAyaH/28-Agama-sampradAyaH/AgamaH/28/kiraNAgamaH/vidyA-pAdaH/mUlam/01_pashupaTalaH/
०१ पशुविचारः 	 sampradAyaH/28-Agama-sampradAyaH/AgamaH/28/svAyambhuvAgamaH/01_vidyApAdaH/01_pashuvichAraH/
०१ पश्चिमद्वारार्चनविधिः 	 sampradAyaH/28-Agama-sampradAyaH/AgamaH/28/kAmikAgamaH/2/01_pashchimadvArArchanavidhiH/
०१ प्रमाण-निरूपणं 	 sampradAyaH/28-Agama-sampradAyaH/tattvam/sampradAyaH/ekI-bhAva-darshanam/parichaya-sanxepaH/shivAgrayogi-paribhAShA/01_pramANa-nirUpaNaM/
०१ प्रश्नविधि-पटलः 	 sampradAyaH/28-Agama-sampradAyaH/AgamaH/28/suprabhedAgamaH/1_kriyApAdaH/01_prashnavidhi-paTalaH/
०१ प्रसन्नपूजाविधिपटलः 	 sampradAyaH/28-Agama-sampradAyaH/AgamaH/28/svAyambhuvAgamaH/03_uttarasvAyambhuve_prakIrNam/01_prasannapUjAvidhipaTalaH/
०१ राजरक्षा-विधि-पटलः 	 sampradAyaH/28-Agama-sampradAyaH/AgamaH/28/svAyambhuvAgamaH/03_uttarasvAyambhuve_prakIrNam/02_pratiShThAtantram/01_rAjaraxA-vidhi-paTalaH/
01 विज्ञान-भेद-प्रकाशनम् 	 sampradAyaH/kaulaH_shAktaH/sampradAyaH/pUrvAmnAyaH_trikam/tattvam/abhinava-gupta-mUlam/tantrAlokaH/tantra-sAraH/01_vijnAna-bheda-prakAshanam/
०१ विज्ञान-भेद-प्रकाशनम् 	 sampradAyaH/kaulaH_shAktaH/sampradAyaH/pUrvAmnAyaH_trikam/tattvam/abhinava-gupta-mUlam/tantrAlokaH/tantra-sAraH/mUlam/01/
०१ विवेकः 	 sampradAyaH/kaulaH_shAktaH/sampradAyaH/pUrvAmnAyaH_trikam/tattvam/abhinava-gupta-mUlam/tantrAlokaH/sarva-prastutiH/01/
०१ विषयानुक्रमणिका 	 sampradAyaH/vIra-shaivaH/kriyA/mari-toNDArya-kaivalya-sAraH/00/01_viShayAnukramaNikA/
०१ व्यवस्थाप्रकाशः 	 AgamaH/meru-tantram/01_vyavasthAprakAshaH/
०१ शैवोत्पत्तिविधि-पटलः 	 sampradAyaH/28-Agama-sampradAyaH/AgamaH/28/suprabhedAgamaH/2_charyApAdaH/01_shaivotpattividhi-paTalaH/
०१ षडाम्नाय-देवतादि 	 kriyA/purashcharyArNavaH/01_ShaDAmnAya-devatAdi/
01 सृष्ट्यधिकारः 	 sampradAyaH/kaulaH_shAktaH/sampradAyaH/pUrvAmnAyaH_trikam/00_tantram/mAlinI-vijayottara-tantram/sarva-prastutiH/01_sRShTyadhikAraH/
०१ स्नपनविधिपटलः 	 sampradAyaH/28-Agama-sampradAyaH/AgamaH/28/svAyambhuvAgamaH/04_prakIrNam/01_snapanavidhipaTalaH/
01: Defamiliarizing the Brāhmaṇical World 	 meta/articles/schwartz-jason/shaiva-age-end/01_Defamiliarizing_the_brAhmaNichal_Worl/
०१० मूर्ध्नीष्टकाविधिपटलः 	 sampradAyaH/28-Agama-sampradAyaH/AgamaH/28/kAraNAgamaH/1/010_mUrdhnIShTakAvidhipaTalaH/
०१० वास्तुशान्तिपटलः 	 sampradAyaH/28-Agama-sampradAyaH/AgamaH/28/kAraNAgamaH/2/010_vAstushAntipaTalaH/
०११ प्रतिमालक्षणविधिपटलः 	 sampradAyaH/28-Agama-sampradAyaH/AgamaH/28/kAraNAgamaH/1/011_pratimAlaxaNavidhipaTalaH/
०११ मृत्संग्रहणपटलः 	 sampradAyaH/28-Agama-sampradAyaH/AgamaH/28/kAraNAgamaH/2/011_mRtsaMgrahaNapaTalaH/
०१२ अङ्कुरार्पणपटलः 	 sampradAyaH/28-Agama-sampradAyaH/AgamaH/28/kAraNAgamaH/2/012_ankurArpaNapaTalaH/
०१२ स्त्रीमानदशतालपटलः 	 sampradAyaH/28-Agama-sampradAyaH/AgamaH/28/kAraNAgamaH/1/012_strImAnadashatAlapaTalaH/
०१३ कनिष्ठदशतालविधिपटलप्रारम्भ 	 sampradAyaH/28-Agama-sampradAyaH/AgamaH/28/kAraNAgamaH/1/013_kaniShThadashatAlavidhipaTalaprArambha/
०१३ बिंबशुद्धिपटलः 	 sampradAyaH/28-Agama-sampradAyaH/AgamaH/28/kAraNAgamaH/2/013_biMbashuddhipaTalaH/
०१४ कौतुकबन्धपटलः 	 sampradAyaH/28-Agama-sampradAyaH/AgamaH/28/kAraNAgamaH/2/014_kautukabandhapaTalaH/
०१४ नवतालोत्तमपटलः 	 sampradAyaH/28-Agama-sampradAyaH/AgamaH/28/kAraNAgamaH/1/014_navatAlottamapaTalaH/
०१५ नयनोन्मीलनपटलः 	 sampradAyaH/28-Agama-sampradAyaH/AgamaH/28/kAraNAgamaH/2/015_nayanonmIlanapaTalaH/
०१५ नित्याग्निविधिपटलः 	 sampradAyaH/28-Agama-sampradAyaH/AgamaH/28/kAraNAgamaH/1/015_nityAgnividhipaTalaH/
०१६ जलाधिवासपटलः 	 sampradAyaH/28-Agama-sampradAyaH/AgamaH/28/kAraNAgamaH/2/016_jalAdhivAsapaTalaH/
०१६ बलिकर्मविधिपटलः 	 sampradAyaH/28-Agama-sampradAyaH/AgamaH/28/kAraNAgamaH/1/016_balikarmavidhipaTalaH/
०१७ पञ्चामृतक्षीराभिषेकविधिपटलः 	 sampradAyaH/28-Agama-sampradAyaH/AgamaH/28/kAraNAgamaH/1/017_panchAmRtaxIrAbhiShekavidhipaTalaH/
०१७ यागलक्षणपटलः 	 sampradAyaH/28-Agama-sampradAyaH/AgamaH/28/kAraNAgamaH/2/017_yAgalaxaNapaTalaH/
०१८ करणाधिकारविधिपटलः 	 sampradAyaH/28-Agama-sampradAyaH/AgamaH/28/kAraNAgamaH/1/018_karaNAdhikAravidhipaTalaH/
०१८ बिंबशुद्धिपटलः 	 sampradAyaH/28-Agama-sampradAyaH/AgamaH/28/kAraNAgamaH/2/018_biMbashuddhipaTalaH/
०१९ ?? 	 sampradAyaH/28-Agama-sampradAyaH/AgamaH/28/kAraNAgamaH/1/019/
०१९ शयनारोपणपटलः 	 sampradAyaH/28-Agama-sampradAyaH/AgamaH/28/kAraNAgamaH/2/019_shayanAropaNapaTalaH/
02 	 sampradAyaH/kaulaH_shAktaH/sampradAyaH/pUrvAmnAyaH_trikam/tattvam/abhinava-gupta-mUlam/tantrAlokaH/tantra-sAraH/00/Summary/02/
०२ 	 AgamaH/daxiNA-mUrti-saMhitA/02/
०२ 	 AgamaH/jnAnArNavatantram/02/
०२ 	 AgamaH/mahA-nirvAna-tantram/sarva-prastutiH/02/
०२ 	 AgamaH/mahA-nirvAna-tantram/woodroffe/02/
०२ 	 AgamaH/mAheshvara-tantram/02/
०२ 	 kriyA/bhUta-shuddhi-tantram/02/
०२ 	 sampradAyaH/28-Agama-sampradAyaH/AgamaH/28/kAraNAgamaH/2_kriyA-pAdaH/02/
०२ 	 sampradAyaH/28-Agama-sampradAyaH/AgamaH/28/sUxmAgamaH/02/
०२ 	 sampradAyaH/28-Agama-sampradAyaH/AgamaH/28/vIrAgamaH/02/
०२ 	 sampradAyaH/28-Agama-sampradAyaH/AgamaH/achintya-vishva-sAd-Akhyam/1_kriyApAdaH/02/
०२ 	 sampradAyaH/28-Agama-sampradAyaH/AgamaH/aMshumat-kAshyapAgamaH/02/
०२ 	 sampradAyaH/28-Agama-sampradAyaH/AgamaH/sarvajnAnottaraH/03_kriyApAdaH/02/
०२ 	 sampradAyaH/28-Agama-sampradAyaH/AgamaH/yogajAgamaH/02/
०२ 	 sampradAyaH/kaulaH_shAktaH/AgamaH/brahma-yAmala-tantram/daxiNAnubandhaH/02/
०२ 	 sampradAyaH/kaulaH_shAktaH/AgamaH/kulArNava-tantram/02/
०२ 	 sampradAyaH/kaulaH_shAktaH/sampradAyaH/daxiNAmnAyaH_shrI-kulam/vAmakeshvarI-matam/02/
०२ 	 sampradAyaH/kaulaH_shAktaH/sampradAyaH/daxiNAmnAyaH_shrI-kulam/vidyAraNyayati-shrI-vidyArNava-tantram/02/
०२ 	 sampradAyaH/kaulaH_shAktaH/sampradAyaH/pUrvAmnAyaH_trikam/00_tantram/mAlinI-vijayottara-tantram/srotaH/paramhaMsa-mishrAnuvAdaH/02/
०२ 	 sampradAyaH/kaulaH_shAktaH/sampradAyaH/pUrvAmnAyaH_trikam/00_tantram/mAlinI-vijayottara-tantram/srotaH/viShnu-datta-Shastry-anuvAdaH/02/
०२ 	 sampradAyaH/kaulaH_shAktaH/sampradAyaH/pUrvAmnAyaH_trikam/00_tantram/netra-tantram/02/
०२ 	 sampradAyaH/kaulaH_shAktaH/sampradAyaH/pUrvAmnAyaH_trikam/00_tantram/svachChandatantram/02/
०२ 	 sampradAyaH/kaulaH_shAktaH/sampradAyaH/pUrvAmnAyaH_trikam/tattvam/abhinava-gupta-mUlam/mAlinI-vijaya-vArtikam/02/
०२ 	 sampradAyaH/kaulaH_shAktaH/sampradAyaH/pUrvAmnAyaH_trikam/tattvam/abhinava-gupta-mUlam/tantrAlokaH/pariShkAryam/chaturvedi-rAdheshyAmaH/p1_01-03/02/
०२ 	 sampradAyaH/kaulaH_shAktaH/sampradAyaH/pUrvAmnAyaH_trikam/tattvam/abhinava-gupta-mUlam/tantrAlokaH/pariShkAryam/paramahaMsa-mishraH/p1_01-03/02/
०२ 	 sampradAyaH/kaulaH_shAktaH/sampradAyaH/pUrvAmnAyaH_trikam/tattvam/abhinava-gupta-mUlam/tantrAlokaH/sarva-prastutiH/02/
०२ 	 sampradAyaH/kaulaH_shAktaH/sampradAyaH/pUrvAmnAyaH_trikam/tattvam/abhinava-gupta-mUlam/tantrAlokaH/tantra-sAraH/mUlam/02/
०२ 	 sampradAyaH/kaulaH_shAktaH/sampradAyaH/pUrvAmnAyaH_trikam/tattvam/praty-abhijnA/utpala-devaH_Ishvara-pratyabhiJNA-kArikA/vRttiH/abhinava-gupta-vivRti-vimarshinI/1_jnAnAdhikAraH/02/
०२ 	 sampradAyaH/kaulaH_shAktaH/sampradAyaH/pUrvAmnAyaH_trikam/tattvam/praty-abhijnA/utpala-devaH_Ishvara-pratyabhiJNA-kArikA/vRttiH/abhinava-gupta-vivRti-vimarshinI/2_kriyAdhikAraH/02/
०२ 	 sampradAyaH/kaulaH_shAktaH/sampradAyaH/pUrvAmnAyaH_trikam/tattvam/praty-abhijnA/utpala-devaH_Ishvara-pratyabhiJNA-kArikA/vRttiH/abhinava-gupta-vivRti-vimarshinI/3_AgamAdhikAraH/02/
०२ 	 sampradAyaH/kaulaH_shAktaH/sampradAyaH/pUrvAmnAyaH_trikam/tattvam/praty-abhijnA/utpala-devaH_Ishvara-pratyabhiJNA-kArikA/vRttiH/abhinava-gupta-vivRti-vimarshinI/4_tattvasangrahAdhikAraH/02/
०२ 	 sampradAyaH/vIra-shaivaH/AgamaH/vIrashaiva-makuTAgamaH/01_kriyApAdaH/02/
०२ 	 sampradAyaH/vIra-shaivaH/AgamaH/vIrashaiva-makuTAgamaH/02_charyApAdaH/02/
०२ 	 sampradAyaH/vIra-shaivaH/kriyA/mari-toNDArya-kaivalya-sAraH/01_anga-sthalam/02/
०२ 	 sampradAyaH/vIra-shaivaH/kriyA/mari-toNDArya-kaivalya-sAraH/02_linga-sthalam/02/
०२ 	 sampradAyaH/vIra-shaivaH/tattvam/maritoNDAryaH/vIra-shaivAnanda-chandrikA-vAda-kANDaH/02/
02 Bio 	 meta/articles/schwartz-jason/shaiva-age-end/00/02_Bio/
02 PERSONS REFERRED TO BY NAME IN THE TANTRĀLOKA 	 sampradAyaH/kaulaH_shAktaH/sampradAyaH/pUrvAmnAyaH_trikam/tattvam/abhinava-gupta-mUlam/tantrAlokaH/meta/articles/rastogi-navajIvana-intro/7_APPENDICES/02_PERSONS/
02 अनुपाय-प्रकाशनम् 	 sampradAyaH/kaulaH_shAktaH/sampradAyaH/pUrvAmnAyaH_trikam/tattvam/abhinava-gupta-mUlam/tantrAlokaH/tantra-sAraH/02_anupAya-prakAshanam/
०२ अयुतस्नानविधिपटलः 	 sampradAyaH/28-Agama-sampradAyaH/AgamaH/28/svAyambhuvAgamaH/04_prakIrNam/02_ayutasnAnavidhipaTalaH/
०२ आथर्वणद्वितीयोपनिषत् 	 sampradAyaH/kaulaH_shAktaH/upaniShat/aDyAr-sankalanam/02_AtharvaNadvitIyopaniShat/
०२ जातिभेदविधि-पटलः 	 sampradAyaH/28-Agama-sampradAyaH/AgamaH/28/suprabhedAgamaH/2_charyApAdaH/02_jAtibhedavidhi-paTalaH/
०२ तन्त्रावतारविधि-पटलः 	 sampradAyaH/28-Agama-sampradAyaH/AgamaH/28/suprabhedAgamaH/1_kriyApAdaH/02_tantrAvatAravidhi-paTalaH/
०२ दक्षिणद्वारार्चन-विधिः 	 sampradAyaH/28-Agama-sampradAyaH/AgamaH/28/kAmikAgamaH/2/02_daxiNadvArArchana-vidhiH/
०२ दीक्षाकालादि 	 kriyA/purashcharyArNavaH/02_dIxAkAlAdi/
०२ पञ्चाक्षरपटलः 	 sampradAyaH/vIra-shaivaH/AgamaH/vIrashaiva-vIrAgamaH/02_panchAxarapaTalaH/
०२ पति-पदार्थ-निरूपणं 	 sampradAyaH/28-Agama-sampradAyaH/tattvam/sampradAyaH/ekI-bhAva-darshanam/parichaya-sanxepaH/shivAgrayogi-paribhAShA/02_pati-padArtha-nirUpaNaM/
०२ परमोक्षनिरासप्रकरणम् 	 sampradAyaH/28-Agama-sampradAyaH/AgamaH/mRgendrAgamaH/sarva-prastutiH/1_vidyApAdaH/02_paramoxanirAsaprakaraNam/
०२ पारायणोपनिषत् 	 upaniShat/aDyAr-sankalanam/02_pArAyaNopaniShat/
०२ पाशविचारः 	 sampradAyaH/28-Agama-sampradAyaH/AgamaH/28/svAyambhuvAgamaH/01_vidyApAdaH/02_pAshavichAraH/
०२ मन्त्रावतारपटलः 	 sampradAyaH/28-Agama-sampradAyaH/AgamaH/28/kAmikAgamaH/1/02_mantrAvatArapaTalaH/
०२ मन्त्रोद्धारविधिः 	 sampradAyaH/28-Agama-sampradAyaH/AgamaH/kumAra-tantram/02_mantroddhAravidhiH/
०२ मायापटलः 	 sampradAyaH/28-Agama-sampradAyaH/AgamaH/28/kiraNAgamaH/vidyA-pAdaH/mUlam/02_mAyApaTalaH/
०२ योगपूजाविधिक्रमः 	 sampradAyaH/28-Agama-sampradAyaH/AgamaH/28/svAyambhuvAgamaH/03_uttarasvAyambhuve_prakIrNam/02_pratiShThAtantram/02_yogapUjAvidhikramaH/
०२ रेणुक-दारुकावतरणम् 	 sampradAyaH/vIra-shaivaH/tattvam/siddhAnta-shikhA-maNiH/02_reNuka-dArukAvataraNam/
02 व्याप्त्यधिकारः 	 sampradAyaH/kaulaH_shAktaH/sampradAyaH/pUrvAmnAyaH_trikam/00_tantram/mAlinI-vijayottara-tantram/sarva-prastutiH/02_vyAptyadhikAraH/
०२ शिवार्चनाविधि-पटलः 	 sampradAyaH/28-Agama-sampradAyaH/AgamaH/28/makuTAgamaH/02_shivArchanAvidhi-paTalaH/
०२ शुद्धवर्गविनिर्णयः 	 sampradAyaH/28-Agama-sampradAyaH/tattvam/sampradAyaH/aShTa-prakaraNa-shAkhA/aShTa_prakaraNAni/bhoja-tattva-prakAshaH/02_shuddhavargavinirNayaH/
०२ संस्कारप्रकाशः 	 AgamaH/meru-tantram/02_saMskAraprakAshaH/
०२ संस्कृत शुद्धाशुद्ध पत्रिका 	 sampradAyaH/vIra-shaivaH/kriyA/mari-toNDArya-kaivalya-sAraH/00/02_saMskRta_shuddhAshuddha_patrikA/
०२ स्वात्मसाक्षात्कारप्रकरणम् 	 sampradAyaH/28-Agama-sampradAyaH/AgamaH/sarvajnAnottaraH/02_jnAnapAdaH/02_svAtmasAxAtkAraprakaraNam/
02: A Beginningless Transactionality 	 meta/articles/schwartz-jason/shaiva-age-end/02_A_Beginningless_Transactionality/
०२० अग्निकार्यपटलः 	 sampradAyaH/28-Agama-sampradAyaH/AgamaH/28/kAraNAgamaH/2/020_agnikAryapaTalaH/
०२० अङ्कुरार्पणविधिपटलः 	 sampradAyaH/28-Agama-sampradAyaH/AgamaH/28/kAraNAgamaH/1/020_ankurArpaNavidhipaTalaH/
०२१ कुण्डलक्षणविधिपटलः 	 sampradAyaH/28-Agama-sampradAyaH/AgamaH/28/kAraNAgamaH/1/021_kuNDalaxaNavidhipaTalaH/
०२१ शिवलिङ्गस्थापनपटलः 	 sampradAyaH/28-Agama-sampradAyaH/AgamaH/28/kAraNAgamaH/2/021_shivalingasthApanapaTalaH/
०२२ अग्निकार्यविधिपटलः 	 sampradAyaH/28-Agama-sampradAyaH/AgamaH/28/kAraNAgamaH/1/022_agnikAryavidhipaTalaH/
०२२ जीर्णोद्धारणपटलः 	 sampradAyaH/28-Agama-sampradAyaH/AgamaH/28/kAraNAgamaH/2/022_jIrNoddhAraNapaTalaH/
०२३ अष्टबन्धनपटलः 	 sampradAyaH/28-Agama-sampradAyaH/AgamaH/28/kAraNAgamaH/2/023_aShTabandhanapaTalaH/
०२३ वह्निरूपविधिपटलः 	 sampradAyaH/28-Agama-sampradAyaH/AgamaH/28/kAraNAgamaH/1/023_vahnirUpavidhipaTalaH/
०२४ महोत्सवपटलः 	 sampradAyaH/28-Agama-sampradAyaH/AgamaH/28/kAraNAgamaH/2/024_mahotsavapaTalaH/
०२४ स्रुक्स्रुवलक्षणपटलः 	 sampradAyaH/28-Agama-sampradAyaH/AgamaH/28/kAraNAgamaH/1/024_sruksruvalaxaNapaTalaH/
०२५ यागशालालक्षणपटलः 	 sampradAyaH/28-Agama-sampradAyaH/AgamaH/28/kAraNAgamaH/1/025_yAgashAlAlaxaNapaTalaH/
०२५ शक्त्युत्सवपटलः 	 sampradAyaH/28-Agama-sampradAyaH/AgamaH/28/kAraNAgamaH/2/025_shaktyutsavapaTalaH/
०२६ आचार्यलक्षणपटलः 	 sampradAyaH/28-Agama-sampradAyaH/AgamaH/28/kAraNAgamaH/1/026_AchAryalaxaNapaTalaH/
०२६ प्रदोषपूजाविधिपटलः 	 sampradAyaH/28-Agama-sampradAyaH/AgamaH/28/kAraNAgamaH/2/026_pradoShapUjAvidhipaTalaH/
०२७ कलान्यासविधिपटलः 	 sampradAyaH/28-Agama-sampradAyaH/AgamaH/28/kAraNAgamaH/1/027_kalAnyAsavidhipaTalaH/
०२७ कृत्तिकामासपूजापटलः 	 sampradAyaH/28-Agama-sampradAyaH/AgamaH/28/kAraNAgamaH/2/027_kRttikAmAsapUjApaTalaH/
०२८ धनुर्मास उषःकालपूजापटलः 	 sampradAyaH/28-Agama-sampradAyaH/AgamaH/28/kAraNAgamaH/2/028_dhanurmAsa_uShaHkAlapUjApaTalaH/
०२८ मुद्रालक्षणपटलः 	 sampradAyaH/28-Agama-sampradAyaH/AgamaH/28/kAraNAgamaH/1/028_mudrAlaxaNapaTalaH/
०२९ चापमासपूजा पटलः 	 sampradAyaH/28-Agama-sampradAyaH/AgamaH/28/kAraNAgamaH/2/029_chApamAsapUjA_paTalaH/
०२९ स्नानविधिपटलः 	 sampradAyaH/28-Agama-sampradAyaH/AgamaH/28/kAraNAgamaH/1/029_snAnavidhipaTalaH/
03 	 sampradAyaH/kaulaH_shAktaH/sampradAyaH/pUrvAmnAyaH_trikam/tattvam/abhinava-gupta-mUlam/tantrAlokaH/tantra-sAraH/00/Summary/03/
०३ 	 AgamaH/daxiNA-mUrti-saMhitA/03/
०३ 	 AgamaH/jnAnArNavatantram/03/
०३ 	 AgamaH/mahA-nirvAna-tantram/sarva-prastutiH/03/
०३ 	 AgamaH/mahA-nirvAna-tantram/woodroffe/03/
०३ 	 AgamaH/mAheshvara-tantram/03/
०३ 	 kriyA/bhUta-shuddhi-tantram/03/
०३ 	 sampradAyaH/28-Agama-sampradAyaH/AgamaH/28/kAraNAgamaH/2_kriyA-pAdaH/03/
०३ 	 sampradAyaH/28-Agama-sampradAyaH/AgamaH/28/sUxmAgamaH/03/
०३ 	 sampradAyaH/28-Agama-sampradAyaH/AgamaH/28/vIrAgamaH/03/
०३ 	 sampradAyaH/28-Agama-sampradAyaH/AgamaH/achintya-vishva-sAd-Akhyam/1_kriyApAdaH/03/
०३ 	 sampradAyaH/28-Agama-sampradAyaH/AgamaH/aMshumat-kAshyapAgamaH/03/
०३ 	 sampradAyaH/28-Agama-sampradAyaH/AgamaH/sarvajnAnottaraH/03_kriyApAdaH/03/
०३ 	 sampradAyaH/28-Agama-sampradAyaH/AgamaH/yogajAgamaH/03/
०३ 	 sampradAyaH/kaulaH_shAktaH/AgamaH/brahma-yAmala-tantram/daxiNAnubandhaH/03/
०३ 	 sampradAyaH/kaulaH_shAktaH/AgamaH/kulArNava-tantram/03/
०३ 	 sampradAyaH/kaulaH_shAktaH/sampradAyaH/daxiNAmnAyaH_shrI-kulam/vAmakeshvarI-matam/03/
०३ 	 sampradAyaH/kaulaH_shAktaH/sampradAyaH/daxiNAmnAyaH_shrI-kulam/vidyAraNyayati-shrI-vidyArNava-tantram/03/
०३ 	 sampradAyaH/kaulaH_shAktaH/sampradAyaH/pUrvAmnAyaH_trikam/00_tantram/mAlinI-vijayottara-tantram/srotaH/paramhaMsa-mishrAnuvAdaH/03/
०३ 	 sampradAyaH/kaulaH_shAktaH/sampradAyaH/pUrvAmnAyaH_trikam/00_tantram/mAlinI-vijayottara-tantram/srotaH/viShnu-datta-Shastry-anuvAdaH/03/
०३ 	 sampradAyaH/kaulaH_shAktaH/sampradAyaH/pUrvAmnAyaH_trikam/00_tantram/netra-tantram/03/
०३ 	 sampradAyaH/kaulaH_shAktaH/sampradAyaH/pUrvAmnAyaH_trikam/00_tantram/svachChandatantram/03/
०३ 	 sampradAyaH/kaulaH_shAktaH/sampradAyaH/pUrvAmnAyaH_trikam/tattvam/abhinava-gupta-mUlam/tantrAlokaH/pariShkAryam/chaturvedi-rAdheshyAmaH/p1_01-03/03/
०३ 	 sampradAyaH/kaulaH_shAktaH/sampradAyaH/pUrvAmnAyaH_trikam/tattvam/abhinava-gupta-mUlam/tantrAlokaH/pariShkAryam/paramahaMsa-mishraH/p1_01-03/03/
०३ 	 sampradAyaH/kaulaH_shAktaH/sampradAyaH/pUrvAmnAyaH_trikam/tattvam/abhinava-gupta-mUlam/tantrAlokaH/sarva-prastutiH/03/
०३ 	 sampradAyaH/kaulaH_shAktaH/sampradAyaH/pUrvAmnAyaH_trikam/tattvam/abhinava-gupta-mUlam/tantrAlokaH/tantra-sAraH/mUlam/03/
०३ 	 sampradAyaH/kaulaH_shAktaH/sampradAyaH/pUrvAmnAyaH_trikam/tattvam/praty-abhijnA/utpala-devaH_Ishvara-pratyabhiJNA-kArikA/vRttiH/abhinava-gupta-vivRti-vimarshinI/1_jnAnAdhikAraH/03/
०३ 	 sampradAyaH/kaulaH_shAktaH/sampradAyaH/pUrvAmnAyaH_trikam/tattvam/praty-abhijnA/utpala-devaH_Ishvara-pratyabhiJNA-kArikA/vRttiH/abhinava-gupta-vivRti-vimarshinI/2_kriyAdhikAraH/03/
०३ 	 sampradAyaH/vIra-shaivaH/AgamaH/vIrashaiva-makuTAgamaH/01_kriyApAdaH/03/
०३ 	 sampradAyaH/vIra-shaivaH/AgamaH/vIrashaiva-makuTAgamaH/02_charyApAdaH/03/
०३ 	 sampradAyaH/vIra-shaivaH/kriyA/mari-toNDArya-kaivalya-sAraH/01_anga-sthalam/03/
०३ 	 sampradAyaH/vIra-shaivaH/kriyA/mari-toNDArya-kaivalya-sAraH/02_linga-sthalam/03/
०३ 	 sampradAyaH/vIra-shaivaH/tattvam/maritoNDAryaH/vIra-shaivAnanda-chandrikA-vAda-kANDaH/03/
03 ABSTRACT 	 meta/articles/schwartz-jason/shaiva-age-end/00/03_ABSTRACT/
03 SYSTEMS/MAJOR DOCTRINES REFERRED TO BY NAME IN THE TANTRĀLOKA 	 sampradAyaH/kaulaH_shAktaH/sampradAyaH/pUrvAmnAyaH_trikam/tattvam/abhinava-gupta-mUlam/tantrAlokaH/meta/articles/rastogi-navajIvana-intro/7_APPENDICES/03_SYSTEMS/
०३ अनुग्रहशक्तिः 	 sampradAyaH/28-Agama-sampradAyaH/AgamaH/28/svAyambhuvAgamaH/01_vidyApAdaH/03_anugrahashaktiH/
०३ कर्मपटलः 	 sampradAyaH/28-Agama-sampradAyaH/AgamaH/28/kiraNAgamaH/vidyA-pAdaH/mUlam/03_karmapaTalaH/
०३ कामराजकीलितोद्धारोपनिषत् 	 sampradAyaH/kaulaH_shAktaH/upaniShat/aDyAr-sankalanam/03_kAmarAjakIlitoddhAropaniShat/
०३ गुरुवरणादिपूर्वकदेवतार्चनविधानम् 	 kriyA/purashcharyArNavaH/03_guruvaraNAdipUrvakadevatArchanavidhAnam/
०३ दीक्षाप्रकाशः 	 AgamaH/meru-tantram/03_dIxAprakAshaH/
०३ दीपप्रायश्चित्तविधिपटलः 	 sampradAyaH/28-Agama-sampradAyaH/AgamaH/28/svAyambhuvAgamaH/04_prakIrNam/03_dIpaprAyashchittavidhipaTalaH/
०३ पतिलक्षणपरीक्षाप्रकरणम् 	 sampradAyaH/28-Agama-sampradAyaH/AgamaH/mRgendrAgamaH/sarva-prastutiH/1_vidyApAdaH/03_patilaxaNaparIxAprakaraNam/
०३ पशु-पदार्थ-निरूपणं 	 sampradAyaH/28-Agama-sampradAyaH/tattvam/sampradAyaH/ekI-bhAva-darshanam/parichaya-sanxepaH/shivAgrayogi-paribhAShA/03_pashu-padArtha-nirUpaNaM/
०३ बिल्वोपनिषत् 	 upaniShat/aDyAr-sankalanam/03_bilvopaniShat/
०३ भजनपूजा-विधिपटलः 	 sampradAyaH/28-Agama-sampradAyaH/AgamaH/28/svAyambhuvAgamaH/03_uttarasvAyambhuve_prakIrNam/03_bhajanapUjA-vidhipaTalaH/
०३ भूर्-लोकावतरणम् 	 sampradAyaH/vIra-shaivaH/tattvam/siddhAnta-shikhA-maNiH/03_bhUr-lokAvataraNam/
०३ मकुटे दीक्षाविधि -पटलः 	 sampradAyaH/28-Agama-sampradAyaH/AgamaH/28/makuTAgamaH/03_makuTe_dIxAvidhi_-paTalaH/
०३ मण्डलविधि-पटलः 	 sampradAyaH/28-Agama-sampradAyaH/AgamaH/28/suprabhedAgamaH/2_charyApAdaH/03_maNDalavidhi-paTalaH/
०३ मन्त्रोद्धार-पटलः 	 sampradAyaH/28-Agama-sampradAyaH/AgamaH/28/suprabhedAgamaH/1_kriyApAdaH/03_mantroddhAra-paTalaH/
०३ मन्त्रोद्धारपटलः 	 sampradAyaH/vIra-shaivaH/AgamaH/vIrashaiva-vIrAgamaH/03_mantroddhArapaTalaH/
03 मन्त्रोद्धाराधिकारः 	 sampradAyaH/kaulaH_shAktaH/sampradAyaH/pUrvAmnAyaH_trikam/00_tantram/mAlinI-vijayottara-tantram/sarva-prastutiH/03_mantroddhArAdhikAraH/
०३ महाव्रतविधिपटलः 	 sampradAyaH/28-Agama-sampradAyaH/AgamaH/28/svAyambhuvAgamaH/03_uttarasvAyambhuve_prakIrNam/02_pratiShThAtantram/03_mahAvratavidhipaTalaH/
०३ विमतीकरणम् 	 sampradAyaH/28-Agama-sampradAyaH/AgamaH/sarvajnAnottaraH/02_jnAnapAdaH/03_vimatIkaraNam/
03 शाम्भवोपायः 	 sampradAyaH/kaulaH_shAktaH/sampradAyaH/pUrvAmnAyaH_trikam/tattvam/abhinava-gupta-mUlam/tantrAlokaH/tantra-sAraH/03_shAmbhavopAyaH/
०३ शुद्धाशुद्धविनिर्णयः 	 sampradAyaH/28-Agama-sampradAyaH/tattvam/sampradAyaH/aShTa-prakaraNa-shAkhA/aShTa_prakaraNAni/bhoja-tattva-prakAshaH/03_shuddhAshuddhavinirNayaH/
०३ शौचाचमनम् 	 sampradAyaH/28-Agama-sampradAyaH/AgamaH/kumAra-tantram/03_shauchAchamanam/
०३ सकलार्चनाविधिः 	 sampradAyaH/28-Agama-sampradAyaH/AgamaH/28/kAmikAgamaH/2/03_sakalArchanAvidhiH/
०३ स्नानविधिप्रारम्भः 	 sampradAyaH/28-Agama-sampradAyaH/AgamaH/28/kAmikAgamaH/1/03_snAnavidhiprArambhaH/
03: The King Must Protect the Difference 	 meta/articles/schwartz-jason/shaiva-age-end/03_The_King_Must_Protect_the_Difference/
०३० आर्द्राव्रतलक्षणपटलः 	 sampradAyaH/28-Agama-sampradAyaH/AgamaH/28/kAraNAgamaH/2/030_ArdrAvratalaxaNapaTalaH/
०३० नित्यार्चनविधिपटलः 	 sampradAyaH/28-Agama-sampradAyaH/AgamaH/28/kAraNAgamaH/1/030_nityArchanavidhipaTalaH/
०३१ 	 sampradAyaH/28-Agama-sampradAyaH/AgamaH/28/kAraNAgamaH/1/031/
०३१ पुष्यमासमधुपूजापटलः 	 sampradAyaH/28-Agama-sampradAyaH/AgamaH/28/kAraNAgamaH/2/031_puShyamAsamadhupUjApaTalaH/
०३२ माघमासघृतकम्बळपूजापटलः 	 sampradAyaH/28-Agama-sampradAyaH/AgamaH/28/kAraNAgamaH/2/032_mAghamAsaghRtakambaLapUjApaTalaH/
०३२ सायरक्षाविधिपटलः 	 sampradAyaH/28-Agama-sampradAyaH/AgamaH/28/kAraNAgamaH/1/032_sAyaraxAvidhipaTalaH/
०३३ नैवेद्यविधिपटलः 	 sampradAyaH/28-Agama-sampradAyaH/AgamaH/28/kAraNAgamaH/1/033_naivedyavidhipaTalaH/
०३३ शिवरात्रिपूजापटलः 	 sampradAyaH/28-Agama-sampradAyaH/AgamaH/28/kAraNAgamaH/2/033_shivarAtripUjApaTalaH/
०३४ पुण्याहविधिपटलः 	 sampradAyaH/28-Agama-sampradAyaH/AgamaH/28/kAraNAgamaH/1/034_puNyAhavidhipaTalaH/
०३४ फाल्गुनमासदधिपूजापटलः 	 sampradAyaH/28-Agama-sampradAyaH/AgamaH/28/kAraNAgamaH/2/034_phAlgunamAsadadhipUjApaTalaH/
०३५ चैत्रमासदान्तपूजापटलः 	 sampradAyaH/28-Agama-sampradAyaH/AgamaH/28/kAraNAgamaH/2/035_chaitramAsadAntapUjApaTalaH/
०३५ पञ्चगव्यविधिपटलः 	 sampradAyaH/28-Agama-sampradAyaH/AgamaH/28/kAraNAgamaH/1/035_panchagavyavidhipaTalaH/
०३६ 	 sampradAyaH/28-Agama-sampradAyaH/AgamaH/28/kAraNAgamaH/1/036/
०३६ वैशाखगन्धपूजापटलः 	 sampradAyaH/28-Agama-sampradAyaH/AgamaH/28/kAraNAgamaH/2/036_vaishAkhagandhapUjApaTalaH/
०३७ ज्येष्ठमासफलपूजापटलः 	 sampradAyaH/28-Agama-sampradAyaH/AgamaH/28/kAraNAgamaH/2/037_jyeShThamAsaphalapUjApaTalaH/
०३७ पञ्चविंशतिस्नपनविधिपटलः 	 sampradAyaH/28-Agama-sampradAyaH/AgamaH/28/kAraNAgamaH/1/037_panchaviMshatisnapanavidhipaTalaH/
०३८ आषाढमासक्षीरपूजापटलः 	 sampradAyaH/28-Agama-sampradAyaH/AgamaH/28/kAraNAgamaH/2/038_AShADhamAsaxIrapUjApaTalaH/
०३८ एकोनपञ्चाशत्स्नपनविधिपटलः 	 sampradAyaH/28-Agama-sampradAyaH/AgamaH/28/kAraNAgamaH/1/038_ekonapanchAshatsnapanavidhipaTalaH/
०३९ अष्टोत्तरशतस्नपनविधिपटलः 	 sampradAyaH/28-Agama-sampradAyaH/AgamaH/28/kAraNAgamaH/1/039_aShTottarashatasnapanavidhipaTalaH/
०३९ सिंहमासशर्करापूजापटलः 	 sampradAyaH/28-Agama-sampradAyaH/AgamaH/28/kAraNAgamaH/2/039_siMhamAsasharkarApUjApaTalaH/
04 	 sampradAyaH/kaulaH_shAktaH/sampradAyaH/pUrvAmnAyaH_trikam/tattvam/abhinava-gupta-mUlam/tantrAlokaH/tantra-sAraH/00/Summary/04/
०४ 	 AgamaH/daxiNA-mUrti-saMhitA/04/
०४ 	 AgamaH/jnAnArNavatantram/04/
०४ 	 AgamaH/mahA-nirvAna-tantram/sarva-prastutiH/04/
०४ 	 AgamaH/mahA-nirvAna-tantram/woodroffe/04/
०४ 	 AgamaH/mAheshvara-tantram/04/
०४ 	 kriyA/bhUta-shuddhi-tantram/04/
०४ 	 sampradAyaH/28-Agama-sampradAyaH/AgamaH/28/kAraNAgamaH/2_kriyA-pAdaH/04/
०४ 	 sampradAyaH/28-Agama-sampradAyaH/AgamaH/28/sUxmAgamaH/04/
०४ 	 sampradAyaH/28-Agama-sampradAyaH/AgamaH/28/vIrAgamaH/04/
०४ 	 sampradAyaH/28-Agama-sampradAyaH/AgamaH/achintya-vishva-sAd-Akhyam/1_kriyApAdaH/04/
०४ 	 sampradAyaH/28-Agama-sampradAyaH/AgamaH/aMshumat-kAshyapAgamaH/04/
०४ 	 sampradAyaH/28-Agama-sampradAyaH/AgamaH/sarvajnAnottaraH/02_jnAnapAdaH/04/
०४ 	 sampradAyaH/28-Agama-sampradAyaH/AgamaH/sarvajnAnottaraH/03_kriyApAdaH/04/
०४ 	 sampradAyaH/28-Agama-sampradAyaH/AgamaH/yogajAgamaH/04/
०४ 	 sampradAyaH/kaulaH_shAktaH/AgamaH/brahma-yAmala-tantram/daxiNAnubandhaH/04/
०४ 	 sampradAyaH/kaulaH_shAktaH/AgamaH/kulArNava-tantram/04/
०४ 	 sampradAyaH/kaulaH_shAktaH/sampradAyaH/daxiNAmnAyaH_shrI-kulam/vAmakeshvarI-matam/04/
०४ 	 sampradAyaH/kaulaH_shAktaH/sampradAyaH/daxiNAmnAyaH_shrI-kulam/vidyAraNyayati-shrI-vidyArNava-tantram/04/
०४ 	 sampradAyaH/kaulaH_shAktaH/sampradAyaH/pUrvAmnAyaH_trikam/00_tantram/mAlinI-vijayottara-tantram/srotaH/paramhaMsa-mishrAnuvAdaH/04/
०४ 	 sampradAyaH/kaulaH_shAktaH/sampradAyaH/pUrvAmnAyaH_trikam/00_tantram/mAlinI-vijayottara-tantram/srotaH/viShnu-datta-Shastry-anuvAdaH/04/
०४ 	 sampradAyaH/kaulaH_shAktaH/sampradAyaH/pUrvAmnAyaH_trikam/00_tantram/netra-tantram/04/
०४ 	 sampradAyaH/kaulaH_shAktaH/sampradAyaH/pUrvAmnAyaH_trikam/00_tantram/svachChandatantram/04/
०४ 	 sampradAyaH/kaulaH_shAktaH/sampradAyaH/pUrvAmnAyaH_trikam/tattvam/abhinava-gupta-mUlam/tantrAlokaH/pariShkAryam/chaturvedi-rAdheshyAmaH/p2_04-07/04/
०४ 	 sampradAyaH/kaulaH_shAktaH/sampradAyaH/pUrvAmnAyaH_trikam/tattvam/abhinava-gupta-mUlam/tantrAlokaH/pariShkAryam/paramahaMsa-mishraH/p2_04-07/04/
०४ 	 sampradAyaH/kaulaH_shAktaH/sampradAyaH/pUrvAmnAyaH_trikam/tattvam/abhinava-gupta-mUlam/tantrAlokaH/sarva-prastutiH/04/
०४ 	 sampradAyaH/kaulaH_shAktaH/sampradAyaH/pUrvAmnAyaH_trikam/tattvam/abhinava-gupta-mUlam/tantrAlokaH/tantra-sAraH/mUlam/04/
०४ 	 sampradAyaH/kaulaH_shAktaH/sampradAyaH/pUrvAmnAyaH_trikam/tattvam/praty-abhijnA/utpala-devaH_Ishvara-pratyabhiJNA-kArikA/vRttiH/abhinava-gupta-vivRti-vimarshinI/1_jnAnAdhikAraH/04/
०४ 	 sampradAyaH/kaulaH_shAktaH/sampradAyaH/pUrvAmnAyaH_trikam/tattvam/praty-abhijnA/utpala-devaH_Ishvara-pratyabhiJNA-kArikA/vRttiH/abhinava-gupta-vivRti-vimarshinI/2_kriyAdhikAraH/04/
०४ 	 sampradAyaH/vIra-shaivaH/AgamaH/vIrashaiva-makuTAgamaH/01_kriyApAdaH/04/
०४ 	 sampradAyaH/vIra-shaivaH/AgamaH/vIrashaiva-makuTAgamaH/02_charyApAdaH/04/
०४ 	 sampradAyaH/vIra-shaivaH/kriyA/mari-toNDArya-kaivalya-sAraH/01_anga-sthalam/04/
०४ 	 sampradAyaH/vIra-shaivaH/kriyA/mari-toNDArya-kaivalya-sAraH/02_linga-sthalam/04/
०४ 	 sampradAyaH/vIra-shaivaH/tattvam/maritoNDAryaH/vIra-shaivAnanda-chandrikA-vAda-kANDaH/04/
04 TABLE OF CONTENTS 	 meta/articles/schwartz-jason/shaiva-age-end/00/04_TABLE_OF_CONTENTS/
04 TEXTUAL REFERENCES COMPLETED BY JAYARATHA 	 sampradAyaH/kaulaH_shAktaH/sampradAyaH/pUrvAmnAyaH_trikam/tattvam/abhinava-gupta-mUlam/tantrAlokaH/meta/articles/rastogi-navajIvana-intro/7_APPENDICES/04_TEXTUAL_REF_BY_JAYARATHA/
०४ अथ शिवोत्सवविधि -पटलः 	 sampradAyaH/28-Agama-sampradAyaH/AgamaH/28/makuTAgamaH/04_atha_shivotsavavidhi_-paTalaH/
०४ अध्वा 	 sampradAyaH/28-Agama-sampradAyaH/AgamaH/28/svAyambhuvAgamaH/01_vidyApAdaH/04_adhvA/
०४ अर्चनविधिपटलः 	 sampradAyaH/28-Agama-sampradAyaH/AgamaH/28/kAmikAgamaH/1/04_archanavidhipaTalaH/
०४ अशुद्धवर्गविनिर्णयः 	 sampradAyaH/28-Agama-sampradAyaH/tattvam/sampradAyaH/aShTa-prakaraNa-shAkhA/aShTa_prakaraNAni/bhoja-tattva-prakAshaH/04_ashuddhavargavinirNayaH/
०४ आर्द्राव्रतप्रायश्चित्तविधिपटलः 	 sampradAyaH/28-Agama-sampradAyaH/AgamaH/28/svAyambhuvAgamaH/04_prakIrNam/04_ArdrAvrataprAyashchittavidhipaTalaH/
०४ कालिकोपनिषत् 	 sampradAyaH/kaulaH_shAktaH/upaniShat/aDyAr-sankalanam/04_kAlikopaniShat/
०४ क्रियावतीदीक्षाविधिः 	 kriyA/purashcharyArNavaH/04_kriyAvatIdIxAvidhiH/
०४ दीक्षाविधि-पटलः 	 sampradAyaH/28-Agama-sampradAyaH/AgamaH/28/suprabhedAgamaH/2_charyApAdaH/04_dIxAvidhi-paTalaH/
०४ पतिपटलः 	 sampradAyaH/28-Agama-sampradAyaH/AgamaH/28/kiraNAgamaH/vidyA-pAdaH/mUlam/04_patipaTalaH/
०४ पतिस्वरूपनिरूपणम् 	 sampradAyaH/28-Agama-sampradAyaH/AgamaH/mRgendrAgamaH/sarva-prastutiH/1_vidyApAdaH/04_patisvarUpanirUpaNam/
०४ पाश-पदार्थः 	 sampradAyaH/28-Agama-sampradAyaH/tattvam/sampradAyaH/ekI-bhAva-darshanam/parichaya-sanxepaH/shivAgrayogi-paribhAShA/04_pAsha-padArthaH/
०४ पुष्पलक्षणपटलः 	 sampradAyaH/vIra-shaivaH/AgamaH/vIrashaiva-vIrAgamaH/04_puShpalaxaNapaTalaH/
०४ ब्रह्मकूर्चाभिषेकविधिपटलः 	 sampradAyaH/28-Agama-sampradAyaH/AgamaH/28/svAyambhuvAgamaH/03_uttarasvAyambhuve_prakIrNam/04_brahmakUrchAbhiShekavidhipaTalaH/
०४ मृत्युंजयविधिपटलः 	 sampradAyaH/28-Agama-sampradAyaH/AgamaH/28/svAyambhuvAgamaH/03_uttarasvAyambhuve_prakIrNam/02_pratiShThAtantram/04_mRtyuMjayavidhipaTalaH/
०४ मृत्युलाङ्गूलोपनिषत् 	 upaniShat/aDyAr-sankalanam/04_mRtyulAngUlopaniShat/
04 योगलक्षणधिकारः 	 sampradAyaH/kaulaH_shAktaH/sampradAyaH/pUrvAmnAyaH_trikam/00_tantram/mAlinI-vijayottara-tantram/sarva-prastutiH/04_yogalaxaNadhikAraH/
०४ रेणुकागस्त्य-दर्शनम् 	 sampradAyaH/vIra-shaivaH/tattvam/siddhAnta-shikhA-maNiH/04_reNukAgastya-darshanam/
04 शाक्तोपायः 	 sampradAyaH/kaulaH_shAktaH/sampradAyaH/pUrvAmnAyaH_trikam/tattvam/abhinava-gupta-mUlam/tantrAlokaH/tantra-sAraH/04_shAktopAyaH/
०४ शौचाचमन-पटलः 	 sampradAyaH/28-Agama-sampradAyaH/AgamaH/28/suprabhedAgamaH/1_kriyApAdaH/04_shauchAchamana-paTalaH/
०४ स्नपनविधिः 	 sampradAyaH/28-Agama-sampradAyaH/AgamaH/28/kAmikAgamaH/2/04_snapanavidhiH/
०४ स्नानानुष्ठानविधिः 	 sampradAyaH/28-Agama-sampradAyaH/AgamaH/kumAra-tantram/04_snAnAnuShThAnavidhiH/
०४ होमविधिः 	 AgamaH/meru-tantram/04_homavidhiH/
04: Living in the Śaiva Age 	 meta/articles/schwartz-jason/shaiva-age-end/04_Living_in_the_shaiva_Age/
०४० दण्डितविधानविधिपटलः 	 sampradAyaH/28-Agama-sampradAyaH/AgamaH/28/kAraNAgamaH/1/040_daNDitavidhAnavidhipaTalaH/
०४० भाद्रपदमास अपूपपूजापटलः 	 sampradAyaH/28-Agama-sampradAyaH/AgamaH/28/kAraNAgamaH/2/040_bhAdrapadamAsa_apUpapUjApaTalaH/
०४१ आश्वयुजमासा अन्नपूजा पटलः 	 sampradAyaH/28-Agama-sampradAyaH/AgamaH/28/kAraNAgamaH/2/041_AshvayujamAsA_annapUjA_paTalaH/
०४१ महाभिषेकविधिपटलः 	 sampradAyaH/28-Agama-sampradAyaH/AgamaH/28/kAraNAgamaH/1/041_mahAbhiShekavidhipaTalaH/
०४२ अष्टबन्धनपटलः 	 sampradAyaH/28-Agama-sampradAyaH/AgamaH/28/kAraNAgamaH/2/042_aShTabandhanapaTalaH/
०४२ एकादशरुद्राभिषेकविधिपटलः 	 sampradAyaH/28-Agama-sampradAyaH/AgamaH/28/kAraNAgamaH/1/042_ekAdasharudrAbhiShekavidhipaTalaH/
०४३ तैलाभ्यङ्गविधिपटलः 	 sampradAyaH/28-Agama-sampradAyaH/AgamaH/28/kAraNAgamaH/1/043_tailAbhyangavidhipaTalaH/
०४३ पादुकाराधनपटलः 	 sampradAyaH/28-Agama-sampradAyaH/AgamaH/28/kAraNAgamaH/2/043_pAdukArAdhanapaTalaH/
०४४ महाशान्तिविधिपटलः 	 sampradAyaH/28-Agama-sampradAyaH/AgamaH/28/kAraNAgamaH/2/044_mahAshAntividhipaTalaH/
०४४ शीतकुम्भविधिपटलः 	 sampradAyaH/28-Agama-sampradAyaH/AgamaH/28/kAraNAgamaH/1/044_shItakumbhavidhipaTalaH/
०४५ जलधाराविधिपटलः 	 sampradAyaH/28-Agama-sampradAyaH/AgamaH/28/kAraNAgamaH/1/045_jaladhArAvidhipaTalaH/
०४५ शान्तिहोमपटलः 	 sampradAyaH/28-Agama-sampradAyaH/AgamaH/28/kAraNAgamaH/2/045_shAntihomapaTalaH/
०४६ उष्णोदकविधिपटलः 	 sampradAyaH/28-Agama-sampradAyaH/AgamaH/28/kAraNAgamaH/1/046_uShNodakavidhipaTalaH/
०४६ दिशाहोमपटलः 	 sampradAyaH/28-Agama-sampradAyaH/AgamaH/28/kAraNAgamaH/2/046_dishAhomapaTalaH/
०४७ सहस्रधाराभिषेकविधिपटलः 	 sampradAyaH/28-Agama-sampradAyaH/AgamaH/28/kAraNAgamaH/1/047_sahasradhArAbhiShekavidhipaTalaH/
०४७ संहिताहोमपटलः 	 sampradAyaH/28-Agama-sampradAyaH/AgamaH/28/kAraNAgamaH/2/047_saMhitAhomapaTalaH/
०४८ अष्टकलशचतुष्कलशस्नपनविधिपटलः 	 sampradAyaH/28-Agama-sampradAyaH/AgamaH/28/kAraNAgamaH/1/048_aShTakalashachatuShkalashasnapanavidhipaTalaH/
०४८ मूर्तिहोमपटलः 	 sampradAyaH/28-Agama-sampradAyaH/AgamaH/28/kAraNAgamaH/2/048_mUrtihomapaTalaH/
०४९ अमावास्यापूजापटलः 	 sampradAyaH/28-Agama-sampradAyaH/AgamaH/28/kAraNAgamaH/2/049_amAvAsyApUjApaTalaH/
०४९ पुण्याभिषेकविधिपटलः 	 sampradAyaH/28-Agama-sampradAyaH/AgamaH/28/kAraNAgamaH/1/049_puNyAbhiShekavidhipaTalaH/
०५ 	 AgamaH/daxiNA-mUrti-saMhitA/05/
०५ 	 AgamaH/jnAnArNavatantram/05/
०५ 	 AgamaH/mahA-nirvAna-tantram/sarva-prastutiH/05/
०५ 	 AgamaH/mahA-nirvAna-tantram/woodroffe/05/
०५ 	 AgamaH/mAheshvara-tantram/05/
०५ 	 kriyA/bhUta-shuddhi-tantram/05/
०५ 	 sampradAyaH/28-Agama-sampradAyaH/AgamaH/28/kAraNAgamaH/2_kriyA-pAdaH/05/
०५ 	 sampradAyaH/28-Agama-sampradAyaH/AgamaH/28/sUxmAgamaH/05/
०५ 	 sampradAyaH/28-Agama-sampradAyaH/AgamaH/28/vIrAgamaH/05/
०५ 	 sampradAyaH/28-Agama-sampradAyaH/AgamaH/achintya-vishva-sAd-Akhyam/1_kriyApAdaH/05/
०५ 	 sampradAyaH/28-Agama-sampradAyaH/AgamaH/aMshumat-kAshyapAgamaH/05/
०५ 	 sampradAyaH/28-Agama-sampradAyaH/AgamaH/sarvajnAnottaraH/03_kriyApAdaH/05/
०५ 	 sampradAyaH/28-Agama-sampradAyaH/AgamaH/yogajAgamaH/05/
०५ 	 sampradAyaH/kaulaH_shAktaH/AgamaH/brahma-yAmala-tantram/daxiNAnubandhaH/05/
०५ 	 sampradAyaH/kaulaH_shAktaH/AgamaH/kulArNava-tantram/05/
०५ 	 sampradAyaH/kaulaH_shAktaH/sampradAyaH/daxiNAmnAyaH_shrI-kulam/vAmakeshvarI-matam/05/
०५ 	 sampradAyaH/kaulaH_shAktaH/sampradAyaH/daxiNAmnAyaH_shrI-kulam/vidyAraNyayati-shrI-vidyArNava-tantram/05/
०५ 	 sampradAyaH/kaulaH_shAktaH/sampradAyaH/pUrvAmnAyaH_trikam/00_tantram/mAlinI-vijayottara-tantram/srotaH/paramhaMsa-mishrAnuvAdaH/05/
०५ 	 sampradAyaH/kaulaH_shAktaH/sampradAyaH/pUrvAmnAyaH_trikam/00_tantram/mAlinI-vijayottara-tantram/srotaH/viShnu-datta-Shastry-anuvAdaH/05/
०५ 	 sampradAyaH/kaulaH_shAktaH/sampradAyaH/pUrvAmnAyaH_trikam/00_tantram/netra-tantram/05/
०५ 	 sampradAyaH/kaulaH_shAktaH/sampradAyaH/pUrvAmnAyaH_trikam/00_tantram/svachChandatantram/05/
०५ 	 sampradAyaH/kaulaH_shAktaH/sampradAyaH/pUrvAmnAyaH_trikam/tattvam/abhinava-gupta-mUlam/tantrAlokaH/pariShkAryam/chaturvedi-rAdheshyAmaH/p2_04-07/05/
०५ 	 sampradAyaH/kaulaH_shAktaH/sampradAyaH/pUrvAmnAyaH_trikam/tattvam/abhinava-gupta-mUlam/tantrAlokaH/pariShkAryam/paramahaMsa-mishraH/p2_04-07/05/
०५ 	 sampradAyaH/kaulaH_shAktaH/sampradAyaH/pUrvAmnAyaH_trikam/tattvam/abhinava-gupta-mUlam/tantrAlokaH/sarva-prastutiH/05/
०५ 	 sampradAyaH/vIra-shaivaH/AgamaH/vIrashaiva-makuTAgamaH/01_kriyApAdaH/05/
०५ 	 sampradAyaH/vIra-shaivaH/AgamaH/vIrashaiva-makuTAgamaH/02_charyApAdaH/05/
०५ 	 sampradAyaH/vIra-shaivaH/kriyA/mari-toNDArya-kaivalya-sAraH/01_anga-sthalam/05/
०५ 	 sampradAyaH/vIra-shaivaH/kriyA/mari-toNDArya-kaivalya-sAraH/02_linga-sthalam/05/
०५ 	 sampradAyaH/vIra-shaivaH/tattvam/maritoNDAryaH/vIra-shaivAnanda-chandrikA-vAda-kANDaH/05/
05 Introduction 	 meta/articles/schwartz-jason/shaiva-age-end/00/05_Introduction/
05 TEXTS QUOTED 	 sampradAyaH/kaulaH_shAktaH/sampradAyaH/pUrvAmnAyaH_trikam/tattvam/abhinava-gupta-mUlam/tantrAlokaH/meta/articles/rastogi-navajIvana-intro/7_APPENDICES/05_TEXTS_QUOTED/
०५ अथ प्रायश्चित्तविधि -पटलः 	 sampradAyaH/28-Agama-sampradAyaH/AgamaH/28/makuTAgamaH/05_atha_prAyashchittavidhi_-paTalaH/
०५ अर्चनाङ्गविधिः 	 sampradAyaH/28-Agama-sampradAyaH/AgamaH/28/kAmikAgamaH/1/05_archanAngavidhiH/
05 आणव-प्रकाशनम् 	 sampradAyaH/kaulaH_shAktaH/sampradAyaH/pUrvAmnAyaH_trikam/tattvam/abhinava-gupta-mUlam/tantrAlokaH/tantra-sAraH/00/Summary/05/
05 आणव-प्रकाशनम् 	 sampradAyaH/kaulaH_shAktaH/sampradAyaH/pUrvAmnAyaH_trikam/tattvam/abhinava-gupta-mUlam/tantrAlokaH/tantra-sAraH/05_ANava-prakAshanam/
०५ आणव-प्रकाशनम् 	 sampradAyaH/kaulaH_shAktaH/sampradAyaH/pUrvAmnAyaH_trikam/tattvam/abhinava-gupta-mUlam/tantrAlokaH/tantra-sAraH/mUlam/05/
०५ आह्निकप्रकाशः 	 AgamaH/meru-tantram/05_AhnikaprakAshaH/
०५ कालीमेधादीक्षितोपनिषत् 	 sampradAyaH/kaulaH_shAktaH/upaniShat/aDyAr-sankalanam/05_kAlImedhAdIxitopaniShat/
०५ क्रियावतीदीक्षाप्रयोगपूर्वकदीक्षाभेदनिर्णयः 	 kriyA/purashcharyArNavaH/05_kriyAvatIdIxAprayogapUrvakadIxAbhedanirNayaH/
०५ दीक्षामण्डलविधिः 	 sampradAyaH/vIra-shaivaH/AgamaH/vIrashaiva-vIrAgamaH/05_dIxAmaNDalavidhiH/
०५ नित्यार्चनविधिः 	 sampradAyaH/28-Agama-sampradAyaH/AgamaH/kumAra-tantram/05_nityArchanavidhiH/
०५ नित्योत्सवविधिः 	 sampradAyaH/28-Agama-sampradAyaH/AgamaH/28/kAmikAgamaH/2/05_nityotsavavidhiH/
०५ पञ्चकृत्यप्रकरणम् 	 sampradAyaH/28-Agama-sampradAyaH/AgamaH/mRgendrAgamaH/sarva-prastutiH/1_vidyApAdaH/05_panchakRtyaprakaraNam/
०५ पिण्ड-ज्ञान-संसार-हेय-स्थल-प्रसङ्गः 	 sampradAyaH/vIra-shaivaH/tattvam/siddhAnta-shikhA-maNiH/05_piNDa-jnAna-saMsAra-heya-sthala-prasangaH/
०५ प्रसन्नयजनम् 	 sampradAyaH/28-Agama-sampradAyaH/AgamaH/28/svAyambhuvAgamaH/03_uttarasvAyambhuve_prakIrNam/05_prasannayajanam/
05 भुवनाध्वाधिकारः 	 sampradAyaH/kaulaH_shAktaH/sampradAyaH/pUrvAmnAyaH_trikam/00_tantram/mAlinI-vijayottara-tantram/sarva-prastutiH/05_bhuvanAdhvAdhikAraH/
०५ मार्गशीर्षकमासपूजाविधिपटलः 	 sampradAyaH/28-Agama-sampradAyaH/AgamaH/28/svAyambhuvAgamaH/04_prakIrNam/05_mArgashIrShakamAsapUjAvidhipaTalaH/
०५ मार्गशीर्षमास-प्रभातपूजापटलः 	 sampradAyaH/28-Agama-sampradAyaH/AgamaH/28/svAyambhuvAgamaH/03_uttarasvAyambhuve_prakIrNam/02_pratiShThAtantram/05_mArgashIrShamAsa-prabhAtapUjApaTalaH/
०५ मुक्ति-निरूपणं 	 sampradAyaH/28-Agama-sampradAyaH/tattvam/sampradAyaH/ekI-bhAva-darshanam/parichaya-sanxepaH/shivAgrayogi-paribhAShA/05_mukti-nirUpaNaM/
०५ रुद्रोपनिषत् 	 upaniShat/aDyAr-sankalanam/05_rudropaniShat/
०५ शक्तिपातपटलः 	 sampradAyaH/28-Agama-sampradAyaH/AgamaH/28/kiraNAgamaH/vidyA-pAdaH/mUlam/05_shaktipAtapaTalaH/
०५ षोडशक्रियाविधि-पटलः 	 sampradAyaH/28-Agama-sampradAyaH/AgamaH/28/suprabhedAgamaH/2_charyApAdaH/05_ShoDashakriyAvidhi-paTalaH/
०५ सामान्यवादः 	 sampradAyaH/28-Agama-sampradAyaH/tattvam/sampradAyaH/aShTa-prakaraNa-shAkhA/aShTa_prakaraNAni/bhoja-tattva-prakAshaH/05_sAmAnyavAdaH/
०५ स्नान-पटलः 	 sampradAyaH/28-Agama-sampradAyaH/AgamaH/28/suprabhedAgamaH/1_kriyApAdaH/05_snAna-paTalaH/
05: A Substantive Intervention 	 meta/articles/schwartz-jason/shaiva-age-end/05_A_Substantive_Intervention/
०५० उपरागोत्सवपटलः 	 sampradAyaH/28-Agama-sampradAyaH/AgamaH/28/kAraNAgamaH/2/050_uparAgotsavapaTalaH/
०५० पूजाद्रव्यविधिपटलः 	 sampradAyaH/28-Agama-sampradAyaH/AgamaH/28/kAraNAgamaH/1/050_pUjAdravyavidhipaTalaH/
०५१ अष्टमीपूजाविधिपटलः 	 sampradAyaH/28-Agama-sampradAyaH/AgamaH/28/kAraNAgamaH/2/051_aShTamIpUjAvidhipaTalaH/
०५१ आधाराधेयविधिपटलः 	 sampradAyaH/28-Agama-sampradAyaH/AgamaH/28/kAraNAgamaH/1/051_AdhArAdheyavidhipaTalaH/
०५२ चटकबलिविधिप्रारम्भः 	 sampradAyaH/28-Agama-sampradAyaH/AgamaH/28/kAraNAgamaH/1/052_chaTakabalividhiprArambhaH/
०५२ सायरक्षाविधिपटलः 	 sampradAyaH/28-Agama-sampradAyaH/AgamaH/28/kAraNAgamaH/2/052_sAyaraxAvidhipaTalaH/
०५३ शास्तार्च्चनविधिपटलः 	 sampradAyaH/28-Agama-sampradAyaH/AgamaH/28/kAraNAgamaH/1/053_shAstArchchanavidhipaTalaH/
०५३ सोमास्कन्दपूजा पटलः 	 sampradAyaH/28-Agama-sampradAyaH/AgamaH/28/kAraNAgamaH/2/053_somAskandapUjA_paTalaH/
०५४ आत्मार्त्थपूजाविधिपटलः 	 sampradAyaH/28-Agama-sampradAyaH/AgamaH/28/kAraNAgamaH/1/054_AtmArtthapUjAvidhipaTalaH/
०५४ सोमधारिप्रतिष्ठापटलः 	 sampradAyaH/28-Agama-sampradAyaH/AgamaH/28/kAraNAgamaH/2/054_somadhAripratiShThApaTalaH/
०५५ नटेशस्थापनपटलः 	 sampradAyaH/28-Agama-sampradAyaH/AgamaH/28/kAraNAgamaH/2/055_naTeshasthApanapaTalaH/
०५५ सौरार्चनविधिपटलः 	 sampradAyaH/28-Agama-sampradAyaH/AgamaH/28/kAraNAgamaH/1/055_saurArchanavidhipaTalaH/
०५६ वास्तुहोमविधिपटलः 	 sampradAyaH/28-Agama-sampradAyaH/AgamaH/28/kAraNAgamaH/1/056_vAstuhomavidhipaTalaH/
०५६ वैवाह्यस्थापनपटलः 	 sampradAyaH/28-Agama-sampradAyaH/AgamaH/28/kAraNAgamaH/2/056_vaivAhyasthApanapaTalaH/
०५७ भिक्षाटनस्थापनपटलः 	 sampradAyaH/28-Agama-sampradAyaH/AgamaH/28/kAraNAgamaH/2/057_bhixATanasthApanapaTalaH/
०५७ विघ्नेशस्थापनविधिपटलः 	 sampradAyaH/28-Agama-sampradAyaH/AgamaH/28/kAraNAgamaH/1/057_vighneshasthApanavidhipaTalaH/
०५८ उमयासहस्थापनपटलः 	 sampradAyaH/28-Agama-sampradAyaH/AgamaH/28/kAraNAgamaH/2/058_umayAsahasthApanapaTalaH/
०५८ स्थापनक्रमविधिपटलः 	 sampradAyaH/28-Agama-sampradAyaH/AgamaH/28/kAraNAgamaH/1/058_sthApanakramavidhipaTalaH/
०५९ लिङ्गस्थापनविधिपटलः 	 sampradAyaH/28-Agama-sampradAyaH/AgamaH/28/kAraNAgamaH/1/059_lingasthApanavidhipaTalaH/
०५९ वृषारूढप्रतिष्ठापटलः 	 sampradAyaH/28-Agama-sampradAyaH/AgamaH/28/kAraNAgamaH/2/059_vRShArUDhapratiShThApaTalaH/
06 	 sampradAyaH/kaulaH_shAktaH/sampradAyaH/pUrvAmnAyaH_trikam/tattvam/abhinava-gupta-mUlam/tantrAlokaH/tantra-sAraH/00/Summary/06/
०६ 	 AgamaH/daxiNA-mUrti-saMhitA/06/
०६ 	 AgamaH/jnAnArNavatantram/06/
०६ 	 AgamaH/mahA-nirvAna-tantram/sarva-prastutiH/06/
०६ 	 AgamaH/mahA-nirvAna-tantram/woodroffe/06/
०६ 	 AgamaH/mAheshvara-tantram/06/
०६ 	 kriyA/bhUta-shuddhi-tantram/06/
०६ 	 sampradAyaH/28-Agama-sampradAyaH/AgamaH/28/kAraNAgamaH/2_kriyA-pAdaH/06/
०६ 	 sampradAyaH/28-Agama-sampradAyaH/AgamaH/28/sUxmAgamaH/06/
०६ 	 sampradAyaH/28-Agama-sampradAyaH/AgamaH/28/vIrAgamaH/06/
०६ 	 sampradAyaH/28-Agama-sampradAyaH/AgamaH/achintya-vishva-sAd-Akhyam/1_kriyApAdaH/06/
०६ 	 sampradAyaH/28-Agama-sampradAyaH/AgamaH/aMshumat-kAshyapAgamaH/06/
०६ 	 sampradAyaH/28-Agama-sampradAyaH/AgamaH/sarvajnAnottaraH/03_kriyApAdaH/06/
०६ 	 sampradAyaH/28-Agama-sampradAyaH/AgamaH/yogajAgamaH/06/
०६ 	 sampradAyaH/kaulaH_shAktaH/AgamaH/brahma-yAmala-tantram/daxiNAnubandhaH/06/
०६ 	 sampradAyaH/kaulaH_shAktaH/AgamaH/kulArNava-tantram/06/
०६ 	 sampradAyaH/kaulaH_shAktaH/sampradAyaH/daxiNAmnAyaH_shrI-kulam/vidyAraNyayati-shrI-vidyArNava-tantram/06/
०६ 	 sampradAyaH/kaulaH_shAktaH/sampradAyaH/pUrvAmnAyaH_trikam/00_tantram/mAlinI-vijayottara-tantram/srotaH/paramhaMsa-mishrAnuvAdaH/06/
०६ 	 sampradAyaH/kaulaH_shAktaH/sampradAyaH/pUrvAmnAyaH_trikam/00_tantram/mAlinI-vijayottara-tantram/srotaH/viShnu-datta-Shastry-anuvAdaH/06/
०६ 	 sampradAyaH/kaulaH_shAktaH/sampradAyaH/pUrvAmnAyaH_trikam/00_tantram/netra-tantram/06/
०६ 	 sampradAyaH/kaulaH_shAktaH/sampradAyaH/pUrvAmnAyaH_trikam/00_tantram/svachChandatantram/06/
०६ 	 sampradAyaH/kaulaH_shAktaH/sampradAyaH/pUrvAmnAyaH_trikam/tattvam/abhinava-gupta-mUlam/tantrAlokaH/pariShkAryam/chaturvedi-rAdheshyAmaH/p2_04-07/06/
०६ 	 sampradAyaH/kaulaH_shAktaH/sampradAyaH/pUrvAmnAyaH_trikam/tattvam/abhinava-gupta-mUlam/tantrAlokaH/pariShkAryam/paramahaMsa-mishraH/p2_04-07/06/
०६ 	 sampradAyaH/kaulaH_shAktaH/sampradAyaH/pUrvAmnAyaH_trikam/tattvam/abhinava-gupta-mUlam/tantrAlokaH/sarva-prastutiH/06/
०६ 	 sampradAyaH/vIra-shaivaH/AgamaH/vIrashaiva-makuTAgamaH/02_charyApAdaH/06/
०६ 	 sampradAyaH/vIra-shaivaH/kriyA/mari-toNDArya-kaivalya-sAraH/01_anga-sthalam/06/
०६ 	 sampradAyaH/vIra-shaivaH/kriyA/mari-toNDArya-kaivalya-sAraH/02_linga-sthalam/06/
०६ 	 sampradAyaH/vIra-shaivaH/tattvam/maritoNDAryaH/vIra-shaivAnanda-chandrikA-vAda-kANDaH/06/
06 PERSONS NAMED AND ALSO QUOTED 	 sampradAyaH/kaulaH_shAktaH/sampradAyaH/pUrvAmnAyaH_trikam/tattvam/abhinava-gupta-mUlam/tantrAlokaH/meta/articles/rastogi-navajIvana-intro/7_APPENDICES/06_PERSONS_NAMED/
06 कालाध्वप्रकाशनम् 	 sampradAyaH/kaulaH_shAktaH/sampradAyaH/pUrvAmnAyaH_trikam/tattvam/abhinava-gupta-mUlam/tantrAlokaH/tantra-sAraH/06_kAlAdhvaprakAshanam/
०६ कालाध्वप्रकाशनम् 	 sampradAyaH/kaulaH_shAktaH/sampradAyaH/pUrvAmnAyaH_trikam/tattvam/abhinava-gupta-mUlam/tantrAlokaH/tantra-sAraH/mUlam/06/
०६ गायत्री-रहस्योपनिषत् 	 sampradAyaH/kaulaH_shAktaH/upaniShat/aDyAr-sankalanam/06_gAyatrI-rahasyopaniShat/
०६ गुरु-कारुण्य-लिङ्ग-धारण-प्रसङ्गः 	 sampradAyaH/vIra-shaivaH/tattvam/siddhAnta-shikhA-maNiH/06_guru-kAruNya-linga-dhAraNa-prasangaH/
०६ गौरीव्रतविधिपटलः 	 sampradAyaH/28-Agama-sampradAyaH/AgamaH/28/svAyambhuvAgamaH/03_uttarasvAyambhuve_prakIrNam/02_pratiShThAtantram/06_gaurIvratavidhipaTalaH/
०६ दीक्षाकर्मपटलः 	 sampradAyaH/28-Agama-sampradAyaH/AgamaH/28/kiraNAgamaH/vidyA-pAdaH/mUlam/06_dIxAkarmapaTalaH/
०६ दीक्षाविधिः 	 sampradAyaH/vIra-shaivaH/AgamaH/vIrashaiva-vIrAgamaH/06_dIxAvidhiH/
06 देहमार्गाधिकारः 	 sampradAyaH/kaulaH_shAktaH/sampradAyaH/pUrvAmnAyaH_trikam/00_tantram/mAlinI-vijayottara-tantram/sarva-prastutiH/06_dehamArgAdhikAraH/
०६ निवृत्तिः 	 sampradAyaH/28-Agama-sampradAyaH/tattvam/sampradAyaH/aShTa-prakaraNa-shAkhA/aShTa_prakaraNAni/bhoja-tattva-prakAshaH/06_nivRttiH/
०६ नैवेद्यविधिः 	 sampradAyaH/28-Agama-sampradAyaH/AgamaH/28/kAmikAgamaH/1/06_naivedyavidhiH/
०६ नैवेद्यविधिः 	 sampradAyaH/28-Agama-sampradAyaH/AgamaH/kumAra-tantram/06_naivedyavidhiH/
०६ पशुलक्षणप्रकरणम् 	 sampradAyaH/28-Agama-sampradAyaH/AgamaH/mRgendrAgamaH/sarva-prastutiH/1_vidyApAdaH/06_pashulaxaNaprakaraNam/
०६ पुरश्चर्याप्रकाशः 	 AgamaH/meru-tantram/06_purashcharyAprakAshaH/
०६ पुष्यमासपूजाविधिपटलः 	 sampradAyaH/28-Agama-sampradAyaH/AgamaH/28/svAyambhuvAgamaH/04_prakIrNam/06_puShyamAsapUjAvidhipaTalaH/
०६ फलपाकविधि-पटलः 	 sampradAyaH/28-Agama-sampradAyaH/AgamaH/28/makuTAgamaH/06_phalapAkavidhi-paTalaH/
०६ भस्मस्नान-पटलः 	 sampradAyaH/28-Agama-sampradAyaH/AgamaH/28/suprabhedAgamaH/1_kriyApAdaH/06_bhasmasnAna-paTalaH/
०६ महोत्सवविधिः 	 sampradAyaH/28-Agama-sampradAyaH/AgamaH/28/kAmikAgamaH/2/06_mahotsavavidhiH/
०६ लिङ्गोपनिषत् 	 upaniShat/aDyAr-sankalanam/06_lingopaniShat/
०६ वृताचारविधि-पटलः 	 sampradAyaH/28-Agama-sampradAyaH/AgamaH/28/suprabhedAgamaH/2_charyApAdaH/06_vRtAchAravidhi-paTalaH/
०६ संकोचविधि 	 sampradAyaH/28-Agama-sampradAyaH/AgamaH/28/svAyambhuvAgamaH/03_uttarasvAyambhuve_prakIrNam/06_saMkochavidhi/
०६ सामान्यपुरश्चरणविधिः 	 kriyA/purashcharyArNavaH/06_sAmAnyapurashcharaNavidhiH/
06: Śākta Artisan Imaginaries 	 meta/articles/schwartz-jason/shaiva-age-end/06_shAkta_Artisan_Imaginaries/
०६० त्रिपुरारिप्रतिष्ठापटलः 	 sampradAyaH/28-Agama-sampradAyaH/AgamaH/28/kAraNAgamaH/2/060_tripurAripratiShThApaTalaH/
०६० परिवारस्थापनविधिपटलः 	 sampradAyaH/28-Agama-sampradAyaH/AgamaH/28/kAraNAgamaH/1/060_parivArasthApanavidhipaTalaH/
०६१ बलिपीठप्रतिष्ठाविधिपटलः 	 sampradAyaH/28-Agama-sampradAyaH/AgamaH/28/kAraNAgamaH/1/061_balipIThapratiShThAvidhipaTalaH/
०६१ वीरभद्रप्रतिष्ठापटलः 	 sampradAyaH/28-Agama-sampradAyaH/AgamaH/28/kAraNAgamaH/2/061_vIrabhadrapratiShThApaTalaH/
०६२ रत्नादिलिङ्गस्थापनविधिपटलः 	 sampradAyaH/28-Agama-sampradAyaH/AgamaH/28/kAraNAgamaH/1/062_ratnAdilingasthApanavidhipaTalaH/
०६२ हरेरर्द्धप्रतिष्ठापटलः 	 sampradAyaH/28-Agama-sampradAyaH/AgamaH/28/kAraNAgamaH/2/062_harerarddhapratiShThApaTalaH/
०६३ अर्द्धनारीश्वरप्रतिष्ठापटलः 	 sampradAyaH/28-Agama-sampradAyaH/AgamaH/28/kAraNAgamaH/2/063_arddhanArIshvarapratiShThApaTalaH/
०६३ मन्त्रद्रव्यहोमविधिपटलः 	 sampradAyaH/28-Agama-sampradAyaH/AgamaH/28/kAraNAgamaH/1/063_mantradravyahomavidhipaTalaH/
०६४ चण्डेशानुग्रहस्थापनपटलः 	 sampradAyaH/28-Agama-sampradAyaH/AgamaH/28/kAraNAgamaH/2/064_chaNDeshAnugrahasthApanapaTalaH/
०६४ पञ्चब्रंहविधिपटलः 	 sampradAyaH/28-Agama-sampradAyaH/AgamaH/28/kAraNAgamaH/1/064_panchabraMhavidhipaTalaH/
०६५ उपचारविधिपटलः 	 sampradAyaH/28-Agama-sampradAyaH/AgamaH/28/kAraNAgamaH/1/065_upachAravidhipaTalaH/
०६५ विषापहरणस्थापनपटलः 	 sampradAyaH/28-Agama-sampradAyaH/AgamaH/28/kAraNAgamaH/2/065_viShApaharaNasthApanapaTalaH/
०६६ एकपादत्रिमूर्तिप्रतिष्ठापटलः 	 sampradAyaH/28-Agama-sampradAyaH/AgamaH/28/kAraNAgamaH/2/066_ekapAdatrimUrtipratiShThApaTalaH/
०६६ परिवारबलिक्रमपटलः 	 sampradAyaH/28-Agama-sampradAyaH/AgamaH/28/kAraNAgamaH/1/066_parivArabalikramapaTalaH/
०६७ उमयासहप्रतिष्ठापटलः 	 sampradAyaH/28-Agama-sampradAyaH/AgamaH/28/kAraNAgamaH/2/067_umayAsahapratiShThApaTalaH/
०६७ शूलस्थापनविधिपटलः 	 sampradAyaH/28-Agama-sampradAyaH/AgamaH/28/kAraNAgamaH/1/067_shUlasthApanavidhipaTalaH/
०६८ त्रिशूलस्थापनविधिपटलः 	 sampradAyaH/28-Agama-sampradAyaH/AgamaH/28/kAraNAgamaH/1/068_trishUlasthApanavidhipaTalaH/
०६८ दक्षिणामूर्तिस्थापनपटलः 	 sampradAyaH/28-Agama-sampradAyaH/AgamaH/28/kAraNAgamaH/2/068_daxiNAmUrtisthApanapaTalaH/
०६९ पाशुपतस्थापनविधिपटलः 	 sampradAyaH/28-Agama-sampradAyaH/AgamaH/28/kAraNAgamaH/1/069_pAshupatasthApanavidhipaTalaH/
०६९ लिङ्गोद्भवप्रतिष्ठापटलः 	 sampradAyaH/28-Agama-sampradAyaH/AgamaH/28/kAraNAgamaH/2/069_lingodbhavapratiShThApaTalaH/
07 	 sampradAyaH/kaulaH_shAktaH/sampradAyaH/pUrvAmnAyaH_trikam/tattvam/abhinava-gupta-mUlam/tantrAlokaH/tantra-sAraH/00/Summary/07/
०७ 	 AgamaH/daxiNA-mUrti-saMhitA/07/
०७ 	 AgamaH/jnAnArNavatantram/07/
०७ 	 AgamaH/mahA-nirvAna-tantram/sarva-prastutiH/07/
०७ 	 AgamaH/mahA-nirvAna-tantram/woodroffe/07/
०७ 	 AgamaH/mAheshvara-tantram/07/
०७ 	 kriyA/bhUta-shuddhi-tantram/07/
०७ 	 sampradAyaH/28-Agama-sampradAyaH/AgamaH/28/kAraNAgamaH/2_kriyA-pAdaH/07/
०७ 	 sampradAyaH/28-Agama-sampradAyaH/AgamaH/28/sUxmAgamaH/07/
०७ 	 sampradAyaH/28-Agama-sampradAyaH/AgamaH/28/vIrAgamaH/07/
०७ 	 sampradAyaH/28-Agama-sampradAyaH/AgamaH/achintya-vishva-sAd-Akhyam/1_kriyApAdaH/07/
०७ 	 sampradAyaH/28-Agama-sampradAyaH/AgamaH/aMshumat-kAshyapAgamaH/07/
०७ 	 sampradAyaH/28-Agama-sampradAyaH/AgamaH/sarvajnAnottaraH/03_kriyApAdaH/07/
०७ 	 sampradAyaH/28-Agama-sampradAyaH/AgamaH/yogajAgamaH/07/
०७ 	 sampradAyaH/kaulaH_shAktaH/AgamaH/brahma-yAmala-tantram/daxiNAnubandhaH/07/
०७ 	 sampradAyaH/kaulaH_shAktaH/AgamaH/kulArNava-tantram/07/
०७ 	 sampradAyaH/kaulaH_shAktaH/sampradAyaH/daxiNAmnAyaH_shrI-kulam/vidyAraNyayati-shrI-vidyArNava-tantram/07/
०७ 	 sampradAyaH/kaulaH_shAktaH/sampradAyaH/pUrvAmnAyaH_trikam/00_tantram/mAlinI-vijayottara-tantram/srotaH/paramhaMsa-mishrAnuvAdaH/07/
०७ 	 sampradAyaH/kaulaH_shAktaH/sampradAyaH/pUrvAmnAyaH_trikam/00_tantram/mAlinI-vijayottara-tantram/srotaH/viShnu-datta-Shastry-anuvAdaH/07/
०७ 	 sampradAyaH/kaulaH_shAktaH/sampradAyaH/pUrvAmnAyaH_trikam/00_tantram/netra-tantram/07/
०७ 	 sampradAyaH/kaulaH_shAktaH/sampradAyaH/pUrvAmnAyaH_trikam/00_tantram/svachChandatantram/07/
०७ 	 sampradAyaH/kaulaH_shAktaH/sampradAyaH/pUrvAmnAyaH_trikam/tattvam/abhinava-gupta-mUlam/tantrAlokaH/pariShkAryam/chaturvedi-rAdheshyAmaH/p2_04-07/07/
०७ 	 sampradAyaH/kaulaH_shAktaH/sampradAyaH/pUrvAmnAyaH_trikam/tattvam/abhinava-gupta-mUlam/tantrAlokaH/pariShkAryam/paramahaMsa-mishraH/p2_04-07/07/
०७ 	 sampradAyaH/kaulaH_shAktaH/sampradAyaH/pUrvAmnAyaH_trikam/tattvam/abhinava-gupta-mUlam/tantrAlokaH/sarva-prastutiH/07/
०७ 	 sampradAyaH/vIra-shaivaH/AgamaH/vIrashaiva-makuTAgamaH/02_charyApAdaH/07/
०७ 	 sampradAyaH/vIra-shaivaH/tattvam/maritoNDAryaH/vIra-shaivAnanda-chandrikA-vAda-kANDaH/07/
07  देशाध्व-प्रकाशनम् 	 sampradAyaH/kaulaH_shAktaH/sampradAyaH/pUrvAmnAyaH_trikam/tattvam/abhinava-gupta-mUlam/tantrAlokaH/tantra-sAraH/07_deshAdhva-prakAshanam/
07 SYSTEMS IDENTIFIED BY JAYARATHA 	 sampradAyaH/kaulaH_shAktaH/sampradAyaH/pUrvAmnAyaH_trikam/tattvam/abhinava-gupta-mUlam/tantrAlokaH/meta/articles/rastogi-navajIvana-intro/7_APPENDICES/07_SYSTEMS_ID_BY_JAYARATHA/
०७ अग्निकार्यविधिः 	 sampradAyaH/28-Agama-sampradAyaH/AgamaH/kumAra-tantram/07_agnikAryavidhiH/
०७ अर्चनाङ्ग-पटलः 	 sampradAyaH/28-Agama-sampradAyaH/AgamaH/28/suprabhedAgamaH/1_kriyApAdaH/07_archanAnga-paTalaH/
०७ कुण्डलक्षणविधिः 	 sampradAyaH/28-Agama-sampradAyaH/AgamaH/28/kAmikAgamaH/1/07_kuNDalaxaNavidhiH/
०७ कृत्तिकादीपविधि-पटलः 	 sampradAyaH/28-Agama-sampradAyaH/AgamaH/28/makuTAgamaH/07_kRttikAdIpavidhi-paTalaH/
०७ गायत्र्युपनिषत् 	 sampradAyaH/kaulaH_shAktaH/upaniShat/aDyAr-sankalanam/07_gAyatryupaniShat/
०७ ग्रहाभिषेकविधिः 	 sampradAyaH/vIra-shaivaH/AgamaH/vIrashaiva-vIrAgamaH/07_grahAbhiShekavidhiH/
०७ जयपूजाविधिः 	 sampradAyaH/28-Agama-sampradAyaH/AgamaH/28/svAyambhuvAgamaH/03_uttarasvAyambhuve_prakIrNam/02_pratiShThAtantram/07_jayapUjAvidhiH/
०७ देशाध्व-प्रकाशनम् 	 sampradAyaH/kaulaH_shAktaH/sampradAyaH/pUrvAmnAyaH_trikam/tattvam/abhinava-gupta-mUlam/tantrAlokaH/tantra-sAraH/mUlam/07/
०७ निराजनविधिः 	 sampradAyaH/28-Agama-sampradAyaH/AgamaH/28/kAmikAgamaH/2/07_nirAjanavidhiH/
०७ पवित्रारोहण-विधि-पटलः 	 sampradAyaH/28-Agama-sampradAyaH/AgamaH/28/suprabhedAgamaH/2_charyApAdaH/07_pavitrArohaNa-vidhi-paTalaH/
०७ पाशलक्षणप्रकरणम् 	 sampradAyaH/28-Agama-sampradAyaH/AgamaH/mRgendrAgamaH/sarva-prastutiH/1_vidyApAdaH/07_pAshalaxaNaprakaraNam/
०७ भस्म-रुद्राक्ष-धारण-स्थलम् 	 sampradAyaH/vIra-shaivaH/tattvam/siddhAnta-shikhA-maNiH/07_bhasma-rudrAxa-dhAraNa-sthalam/
०७ मन्त्रपटलः 	 sampradAyaH/28-Agama-sampradAyaH/AgamaH/28/kiraNAgamaH/vidyA-pAdaH/mUlam/07_mantrapaTalaH/
०७ मन्त्रसिद्धिलक्षणोपायपुरश्चरणभेदनिरूपणम् 	 kriyA/purashcharyArNavaH/07_mantrasiddhilaxaNopAyapurashcharaNabhedanirUpaN/
०७ माघमासपूजाविधिपटलः 	 sampradAyaH/28-Agama-sampradAyaH/AgamaH/28/svAyambhuvAgamaH/04_prakIrNam/07_mAghamAsapUjAvidhipaTalaH/
07 मुद्राधिकारः 	 sampradAyaH/kaulaH_shAktaH/sampradAyaH/pUrvAmnAyaH_trikam/00_tantram/mAlinI-vijayottara-tantram/sarva-prastutiH/07_mudrAdhikAraH/
०७ वज्रपञ्जरोपनिषत् 	 upaniShat/aDyAr-sankalanam/07_vajrapanjaropaniShat/
०७ सकलार्चनविधिपटलः 	 sampradAyaH/28-Agama-sampradAyaH/AgamaH/28/svAyambhuvAgamaH/03_uttarasvAyambhuve_prakIrNam/07_sakalArchanavidhipaTalaH/
०७ सिद्धिस्थिरीकरणप्रकाशः 	 AgamaH/meru-tantram/07_siddhisthirIkaraNaprakAshaH/
07: Remembering Medieval Maharashtra 	 meta/articles/schwartz-jason/shaiva-age-end/07_Remembering_Medieval_Maharashtra/
०७० भैरवक्षेत्रपालप्रतिष्ठापटलः 	 sampradAyaH/28-Agama-sampradAyaH/AgamaH/28/kAraNAgamaH/2/070_bhairavaxetrapAlapratiShThApaTalaH/
०७० विमानस्थापनविधिपटलः 	 sampradAyaH/28-Agama-sampradAyaH/AgamaH/28/kAraNAgamaH/1/070_vimAnasthApanavidhipaTalaH/
०७१ आपदुद्धारणेश्वरपटलः 	 sampradAyaH/28-Agama-sampradAyaH/AgamaH/28/kAraNAgamaH/2/071_ApaduddhAraNeshvarapaTalaH/
०७१ सकलोत्पत्तिपटलः 	 sampradAyaH/28-Agama-sampradAyaH/AgamaH/28/kAraNAgamaH/1/071_sakalotpattipaTalaH/
०७२ अघोरास्त्रमूर्तिप्रतिष्ठापटलः 	 sampradAyaH/28-Agama-sampradAyaH/AgamaH/28/kAraNAgamaH/2/072_aghorAstramUrtipratiShThApaTalaH/
०७२ सकळस्थापनविधिपटलः 	 sampradAyaH/28-Agama-sampradAyaH/AgamaH/28/kAraNAgamaH/1/072_sakaLasthApanavidhipaTalaH/
०७३ शरभेश्वरस्थापनपटलः 	 sampradAyaH/28-Agama-sampradAyaH/AgamaH/28/kAraNAgamaH/2/073_sharabheshvarasthApanapaTalaH/
०७३ सकळप्रोक्षणविधिपटलः 	 sampradAyaH/28-Agama-sampradAyaH/AgamaH/28/kAraNAgamaH/1/073_sakaLaproxaNavidhipaTalaH/
०७४ अश्वारूढस्थापनपटलः 	 sampradAyaH/28-Agama-sampradAyaH/AgamaH/28/kAraNAgamaH/2/074_ashvArUDhasthApanapaTalaH/
०७४ लिङ्गोद्भवविधिपटलः 	 sampradAyaH/28-Agama-sampradAyaH/AgamaH/28/kAraNAgamaH/1/074_lingodbhavavidhipaTalaH/
०७५ ज्वरदेवप्रतिष्ठापटलः 	 sampradAyaH/28-Agama-sampradAyaH/AgamaH/28/kAraNAgamaH/2/075_jvaradevapratiShThApaTalaH/
०७५ नृत्तमूर्त्तिस्थापनविधिपटलः 	 sampradAyaH/28-Agama-sampradAyaH/AgamaH/28/kAraNAgamaH/1/075_nRttamUrttisthApanavidhipaTalaH/
०७६ दक्षिणामूर्तिस्थापनविधिपटलः 	 sampradAyaH/28-Agama-sampradAyaH/AgamaH/28/kAraNAgamaH/1/076_daxiNAmUrtisthApanavidhipaTalaH/
०७६ दिव्यवृक्षप्रतिष्ठापटलः 	 sampradAyaH/28-Agama-sampradAyaH/AgamaH/28/kAraNAgamaH/2/076_divyavRxapratiShThApaTalaH/
०७७ इन्द्रशेखरस्थापनविधिपटलः 	 sampradAyaH/28-Agama-sampradAyaH/AgamaH/28/kAraNAgamaH/1/077_indrashekharasthApanavidhipaTalaH/
०७७ गजारिस्थापनपटलः 	 sampradAyaH/28-Agama-sampradAyaH/AgamaH/28/kAraNAgamaH/2/077_gajAristhApanapaTalaH/
०७८ अङ्काळस्थापनपटलः 	 sampradAyaH/28-Agama-sampradAyaH/AgamaH/28/kAraNAgamaH/2/078_ankALasthApanapaTalaH/
०७८ वैवाह्यस्थापनविधिपटलः 	 sampradAyaH/28-Agama-sampradAyaH/AgamaH/28/kAraNAgamaH/1/078_vaivAhyasthApanavidhipaTalaH/
०७९ किरातस्थापनपटलः 	 sampradAyaH/28-Agama-sampradAyaH/AgamaH/28/kAraNAgamaH/2/079_kirAtasthApanapaTalaH/
०७९ सोमास्कन्दस्थापनविधिपटलः 	 sampradAyaH/28-Agama-sampradAyaH/AgamaH/28/kAraNAgamaH/1/079_somAskandasthApanavidhipaTalaH/
08 	 sampradAyaH/kaulaH_shAktaH/sampradAyaH/pUrvAmnAyaH_trikam/tattvam/abhinava-gupta-mUlam/tantrAlokaH/tantra-sAraH/00/Summary/08/
०८ 	 AgamaH/daxiNA-mUrti-saMhitA/08/
०८ 	 AgamaH/jnAnArNavatantram/08/
०८ 	 AgamaH/mahA-nirvAna-tantram/sarva-prastutiH/08/
०८ 	 AgamaH/mahA-nirvAna-tantram/woodroffe/08/
०८ 	 AgamaH/mAheshvara-tantram/08/
०८ 	 kriyA/bhUta-shuddhi-tantram/08/
०८ 	 sampradAyaH/28-Agama-sampradAyaH/AgamaH/28/kAraNAgamaH/2_kriyA-pAdaH/08/
०८ 	 sampradAyaH/28-Agama-sampradAyaH/AgamaH/28/sUxmAgamaH/08/
०८ 	 sampradAyaH/28-Agama-sampradAyaH/AgamaH/28/vIrAgamaH/08/
०८ 	 sampradAyaH/28-Agama-sampradAyaH/AgamaH/achintya-vishva-sAd-Akhyam/1_kriyApAdaH/08/
०८ 	 sampradAyaH/28-Agama-sampradAyaH/AgamaH/aMshumat-kAshyapAgamaH/08/
०८ 	 sampradAyaH/28-Agama-sampradAyaH/AgamaH/sarvajnAnottaraH/03_kriyApAdaH/08/
०८ 	 sampradAyaH/28-Agama-sampradAyaH/AgamaH/yogajAgamaH/08/
०८ 	 sampradAyaH/kaulaH_shAktaH/AgamaH/brahma-yAmala-tantram/daxiNAnubandhaH/08/
०८ 	 sampradAyaH/kaulaH_shAktaH/AgamaH/kulArNava-tantram/08/
०८ 	 sampradAyaH/kaulaH_shAktaH/sampradAyaH/daxiNAmnAyaH_shrI-kulam/vidyAraNyayati-shrI-vidyArNava-tantram/08/
०८ 	 sampradAyaH/kaulaH_shAktaH/sampradAyaH/pUrvAmnAyaH_trikam/00_tantram/mAlinI-vijayottara-tantram/srotaH/paramhaMsa-mishrAnuvAdaH/08/
०८ 	 sampradAyaH/kaulaH_shAktaH/sampradAyaH/pUrvAmnAyaH_trikam/00_tantram/mAlinI-vijayottara-tantram/srotaH/viShnu-datta-Shastry-anuvAdaH/08/
०८ 	 sampradAyaH/kaulaH_shAktaH/sampradAyaH/pUrvAmnAyaH_trikam/00_tantram/netra-tantram/08/
०८ 	 sampradAyaH/kaulaH_shAktaH/sampradAyaH/pUrvAmnAyaH_trikam/00_tantram/svachChandatantram/08/
०८ 	 sampradAyaH/kaulaH_shAktaH/sampradAyaH/pUrvAmnAyaH_trikam/tattvam/abhinava-gupta-mUlam/tantrAlokaH/pariShkAryam/chaturvedi-rAdheshyAmaH/p3_08-10/08/
०८ 	 sampradAyaH/kaulaH_shAktaH/sampradAyaH/pUrvAmnAyaH_trikam/tattvam/abhinava-gupta-mUlam/tantrAlokaH/pariShkAryam/paramahaMsa-mishraH/p3_08-09/08/
०८ 	 sampradAyaH/kaulaH_shAktaH/sampradAyaH/pUrvAmnAyaH_trikam/tattvam/abhinava-gupta-mUlam/tantrAlokaH/sarva-prastutiH/08/
०८ 	 sampradAyaH/vIra-shaivaH/AgamaH/vIrashaiva-makuTAgamaH/02_charyApAdaH/08/
०८ 	 sampradAyaH/vIra-shaivaH/tattvam/maritoNDAryaH/vIra-shaivAnanda-chandrikA-vAda-kANDaH/08/
08 IMPLIED PERSONAL REFERENCES IDENTIFIED BY JAYARATHA 	 sampradAyaH/kaulaH_shAktaH/sampradAyaH/pUrvAmnAyaH_trikam/tattvam/abhinava-gupta-mUlam/tantrAlokaH/meta/articles/rastogi-navajIvana-intro/7_APPENDICES/08_IMPLIED_PERSONAL_REF/
०८ अग्निकार्यविधिः 	 sampradAyaH/28-Agama-sampradAyaH/AgamaH/28/kAmikAgamaH/1/08_agnikAryavidhiH/
०८ कर्मविचारप्रकरणम् 	 sampradAyaH/28-Agama-sampradAyaH/AgamaH/mRgendrAgamaH/sarva-prastutiH/1_vidyApAdaH/08_karmavichAraprakaraNam/
०८ कृत्तिकादीपावलिविधिः 	 sampradAyaH/28-Agama-sampradAyaH/AgamaH/28/kAmikAgamaH/2/08_kRttikAdIpAvalividhiH/
०८ गणेशादिमन्त्रपुरश्चरणविवेचनम् 	 kriyA/purashcharyArNavaH/08_gaNeshAdimantrapurashcharaNavivechanam/
०८ गुह्यकाल्युपनिषत् 	 sampradAyaH/kaulaH_shAktaH/upaniShat/aDyAr-sankalanam/08_guhyakAlyupaniShat/
08 तत्त्व-स्वरूप-प्रकाशनम् 	 sampradAyaH/kaulaH_shAktaH/sampradAyaH/pUrvAmnAyaH_trikam/tattvam/abhinava-gupta-mUlam/tantrAlokaH/tantra-sAraH/08_tattva-svarUpa-prakAshanam/
०८ तत्त्वस्वरूपप्रकाशनम् 	 sampradAyaH/kaulaH_shAktaH/sampradAyaH/pUrvAmnAyaH_trikam/tattvam/abhinava-gupta-mUlam/tantrAlokaH/tantra-sAraH/mUlam/08/
०८ दीपपूजाविधिपटलः 	 sampradAyaH/28-Agama-sampradAyaH/AgamaH/28/svAyambhuvAgamaH/03_uttarasvAyambhuve_prakIrNam/02_pratiShThAtantram/08_dIpapUjAvidhipaTalaH/
०८ नित्यपूजाविधिप्रायश्चित्तविधिपटलः 	 sampradAyaH/28-Agama-sampradAyaH/AgamaH/28/svAyambhuvAgamaH/03_uttarasvAyambhuve_prakIrNam/08_nityapUjAvidhiprAyashchittavidhipaTalaH/
०८ नित्योत्सवविधिः 	 sampradAyaH/28-Agama-sampradAyaH/AgamaH/kumAra-tantram/08_nityotsavavidhiH/
०८ पञ्चाक्षरी-जप-प्रसङ्गः 	 sampradAyaH/vIra-shaivaH/tattvam/siddhAnta-shikhA-maNiH/08_panchAxarI-japa-prasangaH/
०८ फाल्गुनमासपूजाविधिपटलः 	 sampradAyaH/28-Agama-sampradAyaH/AgamaH/28/svAyambhuvAgamaH/04_prakIrNam/08_phAlgunamAsapUjAvidhipaTalaH/
०८ भुवनपटलः 	 sampradAyaH/28-Agama-sampradAyaH/AgamaH/28/kiraNAgamaH/vidyA-pAdaH/mUlam/08_bhuvanapaTalaH/
०८ मुद्रालक्षणप्रकाशः 	 AgamaH/meru-tantram/08_mudrAlaxaNaprakAshaH/
०८ वटुकोपनिषत् 	 upaniShat/aDyAr-sankalanam/08_vaTukopaniShat/
०८ शिवार्चनविधि-पटलः 	 sampradAyaH/28-Agama-sampradAyaH/AgamaH/28/suprabhedAgamaH/1_kriyApAdaH/08_shivArchanavidhi-paTalaH/
०८ शौचाचमन स्नानपटलः 	 sampradAyaH/vIra-shaivaH/AgamaH/vIrashaiva-vIrAgamaH/08_shauchAchamana_snAnapaTalaH/
08 समयाधिकारः 	 sampradAyaH/kaulaH_shAktaH/sampradAyaH/pUrvAmnAyaH_trikam/00_tantram/mAlinI-vijayottara-tantram/sarva-prastutiH/08_samayAdhikAraH/
०८ स्नपनविधि-पटलः 	 sampradAyaH/28-Agama-sampradAyaH/AgamaH/28/makuTAgamaH/08_snapanavidhi-paTalaH/
०८ हिरण्यगर्भतुलाभरविधि-पटलः 	 sampradAyaH/28-Agama-sampradAyaH/AgamaH/28/suprabhedAgamaH/2_charyApAdaH/08_hiraNyagarbhatulAbharavidhi-paTalaH/
08: Śākta Cosmopolitanism 	 meta/articles/schwartz-jason/shaiva-age-end/08_shAkta_Cosmopolitanism/
०८० अर्द्धनारीस्थापनविधिपटलः 	 sampradAyaH/28-Agama-sampradAyaH/AgamaH/28/kAraNAgamaH/1/080_arddhanArIsthApanavidhipaTalaH/
०८० जलन्धरवधस्थापनपटलः 	 sampradAyaH/28-Agama-sampradAyaH/AgamaH/28/kAraNAgamaH/2/080_jalandharavadhasthApanapaTalaH/
०८१ गङ्गाधरप्रतिष्ठाविधिपटलः 	 sampradAyaH/28-Agama-sampradAyaH/AgamaH/28/kAraNAgamaH/1/081_gangAdharapratiShThAvidhipaTalaH/
०८१ चक्रदानस्थापनपटलः 	 sampradAyaH/28-Agama-sampradAyaH/AgamaH/28/kAraNAgamaH/2/081_chakradAnasthApanapaTalaH/
०८२ कङ्काळप्रतिष्ठाविधिपटलः 	 sampradAyaH/28-Agama-sampradAyaH/AgamaH/28/kAraNAgamaH/1/082_kankALapratiShThAvidhipaTalaH/
०८२ विघ्नेशानुग्रहस्थापनपटलः 	 sampradAyaH/28-Agama-sampradAyaH/AgamaH/28/kAraNAgamaH/2/082_vighneshAnugrahasthApanapaTalaH/
०८३ गजसंहारप्रतिष्ठा विधिपटलः 	 sampradAyaH/28-Agama-sampradAyaH/AgamaH/28/kAraNAgamaH/1/083_gajasaMhArapratiShThA_vidhipaTalaH/
०८३ ज्येष्ठास्थापनपटलः 	 sampradAyaH/28-Agama-sampradAyaH/AgamaH/28/kAraNAgamaH/2/083_jyeShThAsthApanapaTalaH/
०८४ कालनिग्रहस्थापनविधिपटलः 	 sampradAyaH/28-Agama-sampradAyaH/AgamaH/28/kAraNAgamaH/1/084_kAlanigrahasthApanavidhipaTalaH/
०८४ देवीप्रतिष्ठापटलः 	 sampradAyaH/28-Agama-sampradAyaH/AgamaH/28/kAraNAgamaH/2/084_devIpratiShThApaTalaH/
०८५ अस्त्रराजप्रतिष्ठापटलः 	 sampradAyaH/28-Agama-sampradAyaH/AgamaH/28/kAraNAgamaH/2/085_astrarAjapratiShThApaTalaH/
०८५ पुरारिस्थापनविधिपटलः 	 sampradAyaH/28-Agama-sampradAyaH/AgamaH/28/kAraNAgamaH/1/085_purAristhApanavidhipaTalaH/
०८६ द्वारपालप्रतिष्ठापटलः 	 sampradAyaH/28-Agama-sampradAyaH/AgamaH/28/kAraNAgamaH/2/086_dvArapAlapratiShThApaTalaH/
०८६ सप्तताण्डवपटलः 	 sampradAyaH/28-Agama-sampradAyaH/AgamaH/28/kAraNAgamaH/1/086_saptatANDavapaTalaH/
०८७ चण्डेशस्थापनविधिपटलः 	 sampradAyaH/28-Agama-sampradAyaH/AgamaH/28/kAraNAgamaH/1/087_chaNDeshasthApanavidhipaTalaH/
०८७ वृषभप्रतिष्ठापटलः 	 sampradAyaH/28-Agama-sampradAyaH/AgamaH/28/kAraNAgamaH/2/087_vRShabhapratiShThApaTalaH/
०८८ बलिपीठप्रतिष्ठापटलः 	 sampradAyaH/28-Agama-sampradAyaH/AgamaH/28/kAraNAgamaH/2/088_balipIThapratiShThApaTalaH/
०८८ भक्तस्थापनविधिपटलः 	 sampradAyaH/28-Agama-sampradAyaH/AgamaH/28/kAraNAgamaH/1/088_bhaktasthApanavidhipaTalaH/
०८९ गौरीस्थापनविधिपटलः 	 sampradAyaH/28-Agama-sampradAyaH/AgamaH/28/kAraNAgamaH/1/089_gaurIsthApanavidhipaTalaH/
०८९ भद्रलिङ्गप्रतिष्ठापटलः 	 sampradAyaH/28-Agama-sampradAyaH/AgamaH/28/kAraNAgamaH/2/089_bhadralingapratiShThApaTalaH/
09 	 sampradAyaH/kaulaH_shAktaH/sampradAyaH/pUrvAmnAyaH_trikam/tattvam/abhinava-gupta-mUlam/tantrAlokaH/tantra-sAraH/00/Summary/09/
०९ 	 AgamaH/daxiNA-mUrti-saMhitA/09/
०९ 	 AgamaH/jnAnArNavatantram/09/
०९ 	 AgamaH/mahA-nirvAna-tantram/sarva-prastutiH/09/
०९ 	 AgamaH/mahA-nirvAna-tantram/woodroffe/09/
०९ 	 AgamaH/mAheshvara-tantram/09/
०९ 	 kriyA/bhUta-shuddhi-tantram/09/
०९ 	 sampradAyaH/28-Agama-sampradAyaH/AgamaH/28/kAraNAgamaH/2_kriyA-pAdaH/09/
०९ 	 sampradAyaH/28-Agama-sampradAyaH/AgamaH/28/sUxmAgamaH/09/
०९ 	 sampradAyaH/28-Agama-sampradAyaH/AgamaH/28/vIrAgamaH/09/
०९ 	 sampradAyaH/28-Agama-sampradAyaH/AgamaH/achintya-vishva-sAd-Akhyam/1_kriyApAdaH/09/
०९ 	 sampradAyaH/28-Agama-sampradAyaH/AgamaH/aMshumat-kAshyapAgamaH/09/
०९ 	 sampradAyaH/28-Agama-sampradAyaH/AgamaH/sarvajnAnottaraH/03_kriyApAdaH/09/
०९ 	 sampradAyaH/28-Agama-sampradAyaH/AgamaH/yogajAgamaH/09/
०९ 	 sampradAyaH/kaulaH_shAktaH/AgamaH/brahma-yAmala-tantram/daxiNAnubandhaH/09/
०९ 	 sampradAyaH/kaulaH_shAktaH/AgamaH/kulArNava-tantram/09/
०९ 	 sampradAyaH/kaulaH_shAktaH/sampradAyaH/daxiNAmnAyaH_shrI-kulam/vidyAraNyayati-shrI-vidyArNava-tantram/09/
०९ 	 sampradAyaH/kaulaH_shAktaH/sampradAyaH/pUrvAmnAyaH_trikam/00_tantram/mAlinI-vijayottara-tantram/srotaH/paramhaMsa-mishrAnuvAdaH/09/
०९ 	 sampradAyaH/kaulaH_shAktaH/sampradAyaH/pUrvAmnAyaH_trikam/00_tantram/mAlinI-vijayottara-tantram/srotaH/viShnu-datta-Shastry-anuvAdaH/09/
०९ 	 sampradAyaH/kaulaH_shAktaH/sampradAyaH/pUrvAmnAyaH_trikam/00_tantram/netra-tantram/09/
०९ 	 sampradAyaH/kaulaH_shAktaH/sampradAyaH/pUrvAmnAyaH_trikam/00_tantram/svachChandatantram/09/
०९ 	 sampradAyaH/kaulaH_shAktaH/sampradAyaH/pUrvAmnAyaH_trikam/tattvam/abhinava-gupta-mUlam/tantrAlokaH/pariShkAryam/chaturvedi-rAdheshyAmaH/p3_08-10/09/
०९ 	 sampradAyaH/kaulaH_shAktaH/sampradAyaH/pUrvAmnAyaH_trikam/tattvam/abhinava-gupta-mUlam/tantrAlokaH/pariShkAryam/paramahaMsa-mishraH/p3_08-09/09/
०९ 	 sampradAyaH/kaulaH_shAktaH/sampradAyaH/pUrvAmnAyaH_trikam/tattvam/abhinava-gupta-mUlam/tantrAlokaH/sarva-prastutiH/09/
०९ 	 sampradAyaH/kaulaH_shAktaH/sampradAyaH/pUrvAmnAyaH_trikam/tattvam/abhinava-gupta-mUlam/tantrAlokaH/tantra-sAraH/mUlam/09/
०९ 	 sampradAyaH/vIra-shaivaH/AgamaH/vIrashaiva-makuTAgamaH/02_charyApAdaH/09/
०९ 	 sampradAyaH/vIra-shaivaH/tattvam/maritoNDAryaH/vIra-shaivAnanda-chandrikA-vAda-kANDaH/09/
09 TEXTUAL CITATIONS TRACED IDENTIFIED BY JAYARATHA 	 sampradAyaH/kaulaH_shAktaH/sampradAyaH/pUrvAmnAyaH_trikam/tattvam/abhinava-gupta-mUlam/tantrAlokaH/meta/articles/rastogi-navajIvana-intro/7_APPENDICES/09_CITATIONS_TRACED/
०९ कालविधिः 	 sampradAyaH/28-Agama-sampradAyaH/AgamaH/28/kAmikAgamaH/1/09_kAlavidhiH/
०९ कुण्डलक्षणविधिः 	 sampradAyaH/28-Agama-sampradAyaH/AgamaH/kumAra-tantram/09_kuNDalaxaNavidhiH/
09 क्रियादीक्षाधिकारः 	 sampradAyaH/kaulaH_shAktaH/sampradAyaH/pUrvAmnAyaH_trikam/00_tantram/mAlinI-vijayottara-tantram/sarva-prastutiH/09_kriyAdIxAdhikAraH/
०९ गर्भप्रतिष्ठाविधि-पटलः 	 sampradAyaH/28-Agama-sampradAyaH/AgamaH/28/makuTAgamaH/09_garbhapratiShThAvidhi-paTalaH/
०९ गुह्यषोढान्यासोपनिषत् 	 sampradAyaH/kaulaH_shAktaH/upaniShat/aDyAr-sankalanam/09_guhyaShoDhAnyAsopaniShat/
०९ चैत्रमासपूजाविधिपटलः 	 sampradAyaH/28-Agama-sampradAyaH/AgamaH/28/svAyambhuvAgamaH/04_prakIrNam/09_chaitramAsapUjAvidhipaTalaH/
09 तत्त्वभेद-प्रकाशनम् 	 sampradAyaH/kaulaH_shAktaH/sampradAyaH/pUrvAmnAyaH_trikam/tattvam/abhinava-gupta-mUlam/tantrAlokaH/tantra-sAraH/09_tattvabheda-prakAshanam/
०९ दशमहाविद्यापुरश्चरणनिरूपणम् 	 kriyA/purashcharyArNavaH/09_dashamahAvidyApurashcharaNanirUpaNam/
०९ दहनविधि-पटलः 	 sampradAyaH/28-Agama-sampradAyaH/AgamaH/28/suprabhedAgamaH/2_charyApAdaH/09_dahanavidhi-paTalaH/
०९ नित्यपूजाविधिपटलः 	 sampradAyaH/28-Agama-sampradAyaH/AgamaH/28/svAyambhuvAgamaH/03_uttarasvAyambhuve_prakIrNam/09_nityapUjAvidhipaTalaH/
०९ पार्थिव-पूजाविधिः 	 AgamaH/meru-tantram/09_pArthiva-pUjAvidhiH/
०९ भक्तिमार्ग-क्रिया-स्थल-वर्णनम् 	 sampradAyaH/vIra-shaivaH/tattvam/siddhAnta-shikhA-maNiH/09_bhaktimArga-kriyA-sthala-varNanam/
०९ भस्मस्नानपटलः 	 sampradAyaH/vIra-shaivaH/AgamaH/vIrashaiva-vIrAgamaH/09_bhasmasnAnapaTalaH/
०९ महाहविः-पटलः 	 sampradAyaH/28-Agama-sampradAyaH/AgamaH/28/svAyambhuvAgamaH/03_uttarasvAyambhuve_prakIrNam/02_pratiShThAtantram/09_mahAhaviH-paTalaH/
०९ मायाप्रकरणम् 	 sampradAyaH/28-Agama-sampradAyaH/AgamaH/mRgendrAgamaH/sarva-prastutiH/1_vidyApAdaH/09_mAyAprakaraNam/
०९ मार्गशीर्षे घृतस्नान डोलारोहण पुष्ये 	 sampradAyaH/28-Agama-sampradAyaH/AgamaH/28/kAmikAgamaH/2/09_mArgashIrShe_ghRtasnAna_DolArohaNa_puShye/
०९ मुद्रालक्षण-पटलः 	 sampradAyaH/28-Agama-sampradAyaH/AgamaH/28/suprabhedAgamaH/1_kriyApAdaH/09_mudrAlaxaNa-paTalaH/
०९ शिवतत्त्वपटलः 	 sampradAyaH/28-Agama-sampradAyaH/AgamaH/28/kiraNAgamaH/vidyA-pAdaH/mUlam/09_shivatattvapaTalaH/
०९ शिवसङ्कल्पोपनिषत् वाजसनेयसंहितायाम् 	 upaniShat/aDyAr-sankalanam/09_shivasankalpopaniShat_vAjasaneyasaMhitAyAm/
09: Universalizing Hindu Dharma 	 meta/articles/schwartz-jason/shaiva-age-end/09_Universalizing_Hindu_Dharma/
०९० गौर्यर्चनाविधिपटलः 	 sampradAyaH/28-Agama-sampradAyaH/AgamaH/28/kAraNAgamaH/1/090_gauryarchanAvidhipaTalaH/
०९० विमानस्थापनपटलः 	 sampradAyaH/28-Agama-sampradAyaH/AgamaH/28/kAraNAgamaH/2/090_vimAnasthApanapaTalaH/
०९१ गौरीस्नपनविधिपटलः 	 sampradAyaH/28-Agama-sampradAyaH/AgamaH/28/kAraNAgamaH/1/091_gaurIsnapanavidhipaTalaH/
०९१ सोमस्थापनपटलः 	 sampradAyaH/28-Agama-sampradAyaH/AgamaH/28/kAraNAgamaH/2/091_somasthApanapaTalaH/
०९२ देवी नित्यार्चनाविधिपटलः 	 sampradAyaH/28-Agama-sampradAyaH/AgamaH/28/kAraNAgamaH/1/092_devI_nityArchanAvidhipaTalaH/
०९२ विघ्नेशस्थापनपटलः 	 sampradAyaH/28-Agama-sampradAyaH/AgamaH/28/kAraNAgamaH/2/092_vighneshasthApanapaTalaH/
०९३ उमापूजाविधिपटलः 	 sampradAyaH/28-Agama-sampradAyaH/AgamaH/28/kAraNAgamaH/1/093_umApUjAvidhipaTalaH/
०९३ षण्मुखस्थापनपटलः 	 sampradAyaH/28-Agama-sampradAyaH/AgamaH/28/kAraNAgamaH/2/093_ShaNmukhasthApanapaTalaH/
०९४ गोपुरप्रतिष्ठापटलः 	 sampradAyaH/28-Agama-sampradAyaH/AgamaH/28/kAraNAgamaH/2/094_gopurapratiShThApaTalaH/
०९४ गौरीधर्मविधिपटलः 	 sampradAyaH/28-Agama-sampradAyaH/AgamaH/28/kAraNAgamaH/1/094_gaurIdharmavidhipaTalaH/
०९५ प्रतिसरबन्धविधिपटलः 	 sampradAyaH/28-Agama-sampradAyaH/AgamaH/28/kAraNAgamaH/1/095_pratisarabandhavidhipaTalaH/
०९५ महामारिप्रतिष्ठापटलः 	 sampradAyaH/28-Agama-sampradAyaH/AgamaH/28/kAraNAgamaH/2/095_mahAmAripratiShThApaTalaH/
०९६ देवीनित्योत्सवविधिपटलः 	 sampradAyaH/28-Agama-sampradAyaH/AgamaH/28/kAraNAgamaH/1/096_devInityotsavavidhipaTalaH/
०९६ रथप्रतिष्ठपटलः 	 sampradAyaH/28-Agama-sampradAyaH/AgamaH/28/kAraNAgamaH/2/096_rathapratiShThapaTalaH/
०९७ देवीमहोत्सवविधिपटलः 	 sampradAyaH/28-Agama-sampradAyaH/AgamaH/28/kAraNAgamaH/1/097_devImahotsavavidhipaTalaH/
०९७ भद्रकाळीप्रतिष्ठापटलः 	 sampradAyaH/28-Agama-sampradAyaH/AgamaH/28/kAraNAgamaH/2/097_bhadrakALIpratiShThApaTalaH/
०९८ दुर्गास्थापनविधिपटलः 	 sampradAyaH/28-Agama-sampradAyaH/AgamaH/28/kAraNAgamaH/1/098_durgAsthApanavidhipaTalaH/
०९८ मठप्रतिष्ठापटलः 	 sampradAyaH/28-Agama-sampradAyaH/AgamaH/28/kAraNAgamaH/2/098_maThapratiShThApaTalaH/
०९९ विद्यापीठप्रतिष्ठापटलः 	 sampradAyaH/28-Agama-sampradAyaH/AgamaH/28/kAraNAgamaH/2/099_vidyApIThapratiShThApaTalaH/
०९९ हरिस्थापनविधिपटलः 	 sampradAyaH/28-Agama-sampradAyaH/AgamaH/28/kAraNAgamaH/1/099_haristhApanavidhipaTalaH/
1 	 sampradAyaH/kaulaH_shAktaH/sampradAyaH/daxiNAmnAyaH_shrI-kulam/AgamaH/yoginI-hRdayam/padoux-jeanty/0/notes/1/
१ 	 sampradAyaH/28-Agama-sampradAyaH/AgamaH/28/kiraNAgamaH/vidyA-pAdaH/sarva-prastutiH/1/
१ 	 sampradAyaH/kaulaH_shAktaH/sampradAyaH/daxiNAmnAyaH_shrI-kulam/AgamaH/nityA-ShoDashikArNavaH/bhAskara-rAya-TIkA/1/
१ 	 sampradAyaH/kaulaH_shAktaH/sampradAyaH/pUrvAmnAyaH_trikam/tattvam/praty-abhijnA/somAnanda-shivadRShTiH/1/
१ 	 sampradAyaH/kaulaH_shAktaH/sampradAyaH/pUrvAmnAyaH_trikam/tattvam/praty-abhijnA/utpala-devaH_Ishvara-pratyabhiJNA-kArikA/abhinava-gupta-vimarshinI/bhAskarakaNTha-TIkA/1_jnAnAdhikAraH/1/
१ 	 sampradAyaH/kaulaH_shAktaH/sampradAyaH/pUrvAmnAyaH_trikam/tattvam/praty-abhijnA/utpala-devaH_Ishvara-pratyabhiJNA-kArikA/abhinava-gupta-vimarshinI/bhAskarakaNTha-TIkA/2_kriyAdhikAraH/1/
१ 	 sampradAyaH/kaulaH_shAktaH/sampradAyaH/pUrvAmnAyaH_trikam/tattvam/praty-abhijnA/utpala-devaH_Ishvara-pratyabhiJNA-kArikA/abhinava-gupta-vimarshinI/bhAskarakaNTha-TIkA/3_AgamAdhikAraH/1/
१ 	 sampradAyaH/kaulaH_shAktaH/sampradAyaH/pUrvAmnAyaH_trikam/tattvam/praty-abhijnA/utpala-devaH_Ishvara-pratyabhiJNA-kArikA/vRttiH/mUlam/1_jnAnAdhikAraH/1/
१ 	 sampradAyaH/kaulaH_shAktaH/sampradAyaH/pUrvAmnAyaH_trikam/tattvam/praty-abhijnA/utpala-devaH_Ishvara-pratyabhiJNA-kArikA/vRttiH/mUlam/2_kriyAdhikAraH/1/
१ 	 sampradAyaH/kaulaH_shAktaH/sampradAyaH/pUrvAmnAyaH_trikam/tattvam/praty-abhijnA/utpala-devaH_Ishvara-pratyabhiJNA-kArikA/vRttiH/mUlam/3_AgamAdhikAraH/1/
१ 	 shiva-sUtrANi/kShemarAja-vimarshinI/1/
१ 	 shiva-sUtrANi/mUlam/1/
१ 	 shiva-sUtrANi/viShaya-sangrahaH/1/
1 Encounter in the Cakra 	 sampradAyaH/kaulaH_shAktaH/sampradAyaH/daxiNAmnAyaH_shrI-kulam/AgamaH/yoginI-hRdayam/padoux-jeanty/1_encounter_in_the_chakra/
1 EXPLORING THE TANTRALOKA 	 sampradAyaH/kaulaH_shAktaH/sampradAyaH/pUrvAmnAyaH_trikam/tattvam/abhinava-gupta-mUlam/tantrAlokaH/meta/articles/rastogi-navajIvana-intro/1_EXPLORING_THE_TANTRALOKA/
1 From Mantramārga Back to Atimārga: 	 meta/articles/shaivism_and_the_Tantric_Traditions/1_Early_shaivism/1_From_mantramArga_Back_to_atimArga/
1 Ritual and Human Powers 	 meta/articles/davis_on_ritual/1_Ritual_and_Human_Powers/
१ आधार-पीठिका 	 sampradAyaH/kaulaH_shAktaH/sampradAyaH/pUrvAmnAyaH_trikam/articles/rastogi-navajIvanaH/pramANa-chintana/1_pramANa/1_AdhAra-pIThikA/
१ चक्रः 	 sampradAyaH/kaulaH_shAktaH/sampradAyaH/daxiNAmnAyaH_shrI-kulam/AgamaH/yoginI-hRdayam/sarva-prastutiH/1_chakraH/
१ चक्रविधि-पटलः 	 sampradAyaH/28-Agama-sampradAyaH/AgamaH/28/suprabhedAgamaH/3_yogapAdaH/1_chakravidhi-paTalaH/
१ ज्ञानपादः 	 sampradAyaH/28-Agama-sampradAyaH/tattvam/sampradAyaH/aShTa-prakaraNa-shAkhA/parichaya-sanxepaH/trilochana-shiva-siddhAnta-sArAvaliH/sarva-prastutiH/1_jnAnapAdaH/
१ ज्ञानाधिकारः 	 sampradAyaH/kaulaH_shAktaH/sampradAyaH/pUrvAmnAyaH_trikam/tattvam/praty-abhijnA/utpala-devaH_Ishvara-pratyabhiJNA-kArikA/abhinava-gupta-vimarshinI/vyAkhyAntaram/1_jnAnAdhikAraH/
१ नरपरीक्षा 	 sampradAyaH/28-Agama-sampradAyaH/tattvam/sampradAyaH/aShTa-prakaraNa-shAkhA/aShTa_prakaraNAni/sadyo-jyotiH/nareshvara-parIxA/1_naraparIxA/
१ पति-पटलः 	 sampradAyaH/28-Agama-sampradAyaH/tattvam/jnAnaprakAshaH/pauShkara-vRttiH/1_pati-paTalaH/
१ प्रकाशकीय 	 sampradAyaH/kaulaH_shAktaH/sampradAyaH/pUrvAmnAyaH_trikam/articles/rastogi-navajIvanaH/pramANa-chintana/0/1_prakAshakIya/
१ शिवसृष्टिविधि-पटलः 	 sampradAyaH/28-Agama-sampradAyaH/AgamaH/28/suprabhedAgamaH/4_jnAnapAdaH/1_shivasRShTividhi-paTalaH/
१ सामान्यचित्प्रकाशस्वरूपनिरूपणम् 	 shiva-sUtrANi/vasugupta-vArttikam/1_sAmAnya-chit-prakAsha-nirUpaNam/
1\ Sarva-Siddhānta-Vivēka and Jñāna-Siddhi 	 meta/articles/nAgasvAmI/bhairava-art-religion/1_Sarva-SiddhAnta-Viveka_and_JnAna-Siddhi/
10 	 sampradAyaH/kaulaH_shAktaH/sampradAyaH/pUrvAmnAyaH_trikam/tattvam/abhinava-gupta-mUlam/tantrAlokaH/tantra-sAraH/00/Summary/10/
१० 	 AgamaH/daxiNA-mUrti-saMhitA/10/
१० 	 AgamaH/jnAnArNavatantram/10/
१० 	 AgamaH/mahA-nirvAna-tantram/sarva-prastutiH/10/
१० 	 AgamaH/mahA-nirvAna-tantram/woodroffe/10/
१० 	 AgamaH/mAheshvara-tantram/10/
१० 	 kriyA/bhUta-shuddhi-tantram/10/
१० 	 sampradAyaH/28-Agama-sampradAyaH/AgamaH/28/kAraNAgamaH/2_kriyA-pAdaH/10/
१० 	 sampradAyaH/28-Agama-sampradAyaH/AgamaH/28/sUxmAgamaH/10/
१० 	 sampradAyaH/28-Agama-sampradAyaH/AgamaH/28/vIrAgamaH/10/
१० 	 sampradAyaH/28-Agama-sampradAyaH/AgamaH/achintya-vishva-sAd-Akhyam/1_kriyApAdaH/10/
१० 	 sampradAyaH/28-Agama-sampradAyaH/AgamaH/aMshumat-kAshyapAgamaH/10/
१० 	 sampradAyaH/28-Agama-sampradAyaH/AgamaH/sarvajnAnottaraH/03_kriyApAdaH/10/
१० 	 sampradAyaH/28-Agama-sampradAyaH/AgamaH/yogajAgamaH/10/
१० 	 sampradAyaH/kaulaH_shAktaH/AgamaH/brahma-yAmala-tantram/daxiNAnubandhaH/10/
१० 	 sampradAyaH/kaulaH_shAktaH/AgamaH/kulArNava-tantram/10/
१० 	 sampradAyaH/kaulaH_shAktaH/sampradAyaH/daxiNAmnAyaH_shrI-kulam/vidyAraNyayati-shrI-vidyArNava-tantram/10/
१० 	 sampradAyaH/kaulaH_shAktaH/sampradAyaH/pUrvAmnAyaH_trikam/00_tantram/mAlinI-vijayottara-tantram/srotaH/paramhaMsa-mishrAnuvAdaH/10/
१० 	 sampradAyaH/kaulaH_shAktaH/sampradAyaH/pUrvAmnAyaH_trikam/00_tantram/mAlinI-vijayottara-tantram/srotaH/viShnu-datta-Shastry-anuvAdaH/10/
१० 	 sampradAyaH/kaulaH_shAktaH/sampradAyaH/pUrvAmnAyaH_trikam/00_tantram/netra-tantram/10/
१० 	 sampradAyaH/kaulaH_shAktaH/sampradAyaH/pUrvAmnAyaH_trikam/00_tantram/svachChandatantram/10/
१० 	 sampradAyaH/kaulaH_shAktaH/sampradAyaH/pUrvAmnAyaH_trikam/tattvam/abhinava-gupta-mUlam/tantrAlokaH/pariShkAryam/chaturvedi-rAdheshyAmaH/p3_08-10/10/
१० 	 sampradAyaH/kaulaH_shAktaH/sampradAyaH/pUrvAmnAyaH_trikam/tattvam/abhinava-gupta-mUlam/tantrAlokaH/pariShkAryam/paramahaMsa-mishraH/p4_10-13/10/
१० 	 sampradAyaH/kaulaH_shAktaH/sampradAyaH/pUrvAmnAyaH_trikam/tattvam/abhinava-gupta-mUlam/tantrAlokaH/sarva-prastutiH/10/
१० 	 sampradAyaH/kaulaH_shAktaH/sampradAyaH/pUrvAmnAyaH_trikam/tattvam/abhinava-gupta-mUlam/tantrAlokaH/tantra-sAraH/mUlam/10/
१० 	 sampradAyaH/vIra-shaivaH/AgamaH/vIrashaiva-makuTAgamaH/02_charyApAdaH/10/
10 Buddhism, Kingship and the Protection of the State: The Suvarṇaprabhāsottamasūtra and Dhāraṇī Literature 	 meta/articles/shaivism_and_the_Tantric_Traditions/3_Religion_the_State_and_Social_History/10_Buddhism_Kingship_and_the_Protection_of_the_Sta/
10 PERSONAL REFERENCES IDENTIFIED BY JAYARATHA 	 sampradAyaH/kaulaH_shAktaH/sampradAyaH/pUrvAmnAyaH_trikam/tattvam/abhinava-gupta-mUlam/tantrAlokaH/meta/articles/rastogi-navajIvana-intro/7_APPENDICES/10_REFERENCES_IDENTIFIED/
10 अभिषेकाधिकारः 	 sampradAyaH/kaulaH_shAktaH/sampradAyaH/pUrvAmnAyaH_trikam/00_tantram/mAlinI-vijayottara-tantram/sarva-prastutiH/10_abhiShekAdhikAraH/
१० कलादिकार्यप्रकरणम् 	 sampradAyaH/28-Agama-sampradAyaH/AgamaH/mRgendrAgamaH/sarva-prastutiH/1_vidyApAdaH/10_kalAdikAryaprakaraNam/
10 कलाद्य्-अध्व-प्रकाशनम् 	 sampradAyaH/kaulaH_shAktaH/sampradAyaH/pUrvAmnAyaH_trikam/tattvam/abhinava-gupta-mUlam/tantrAlokaH/tantra-sAraH/10_kalAdy-adhva-prakAshanam/
१० चार्वाक-निराकृतिः 	 sampradAyaH/vIra-shaivaH/tattvam/maritoNDAryaH/vIra-shaivAnanda-chandrikA-vAda-kANDaH/10/
१० तन्त्रावतारपटलः 	 sampradAyaH/28-Agama-sampradAyaH/AgamaH/28/kiraNAgamaH/vidyA-pAdaH/mUlam/10_tantrAvatArapaTalaH/
१० नव-विध-स्थल-प्रसङ्गः 	 sampradAyaH/vIra-shaivaH/tattvam/siddhAnta-shikhA-maNiH/10_nava-vidha-sthala-prasangaH/
१० निमित्तपरीक्षाविधिः 	 sampradAyaH/28-Agama-sampradAyaH/AgamaH/28/kAmikAgamaH/1/10_nimittaparIxAvidhiH/
१० पवित्रारोपणविधि-पटलः 	 sampradAyaH/28-Agama-sampradAyaH/AgamaH/28/makuTAgamaH/10_pavitrAropaNavidhi-paTalaH/
१० पितृयज्ञविधि-पटलः 	 sampradAyaH/28-Agama-sampradAyaH/AgamaH/28/suprabhedAgamaH/2_charyApAdaH/10_pitRyajnavidhi-paTalaH/
१० पीताम्बरोपनिषत् 	 sampradAyaH/kaulaH_shAktaH/upaniShat/aDyAr-sankalanam/10_pItAmbaropaniShat/
१० पुरश्चर्याकौलिकाचार-प्रकाशः 	 AgamaH/meru-tantram/10_purashcharyAkaulikAchAra-prakAshaH/
१० मण्डलविधिः 	 sampradAyaH/28-Agama-sampradAyaH/AgamaH/kumAra-tantram/10_maNDalavidhiH/
१० मन्त्रन्यासविधिः, अग्निकार्यविधिश्च 	 sampradAyaH/vIra-shaivaH/AgamaH/vIrashaiva-vIrAgamaH/10_mantranyAsavidhiH_agnikAryavidhishcha/
१० माघमासे घृतकम्बलपूजाविधिः 	 sampradAyaH/28-Agama-sampradAyaH/AgamaH/28/kAmikAgamaH/2/10_mAghamAse_ghRtakambalapUjAvidhiH/
१० वैशाखपूजाविधिपटलः 	 sampradAyaH/28-Agama-sampradAyaH/AgamaH/28/svAyambhuvAgamaH/04_prakIrNam/10_vaishAkhapUjAvidhipaTalaH/
१० व्योमव्यापि-मन्त्रार्थः 	 sampradAyaH/28-Agama-sampradAyaH/AgamaH/28/rauravAgamaH/01_vidyApAdaH/10_mantrArthavarNanam/
१० शिवसङ्कल्पोपनिषत् 	 upaniShat/aDyAr-sankalanam/10_shivasankalpopaniShat/
१० सरस्वत्यादि 	 kriyA/purashcharyArNavaH/10_sarasvatyAdi/
१० हविष्यविधि-पटलः 	 sampradAyaH/28-Agama-sampradAyaH/AgamaH/28/suprabhedAgamaH/1_kriyApAdaH/10_haviShyavidhi-paTalaH/
10: Why I Am So Clever 	 meta/articles/schwartz-jason/shaiva-age-end/10_Why_I_Am_So_Clever/
१०० ऋषिस्थापनपटलः 	 sampradAyaH/28-Agama-sampradAyaH/AgamaH/28/kAraNAgamaH/2/100_RShisthApanapaTalaH/
१०० लक्ष्मीस्थापनविधिपटलः 	 sampradAyaH/28-Agama-sampradAyaH/AgamaH/28/kAraNAgamaH/1/100_laxmIsthApanavidhipaTalaH/
१०१ मोहिनीस्थापनविधिपटलः 	 sampradAyaH/28-Agama-sampradAyaH/AgamaH/28/kAraNAgamaH/1/101_mohinIsthApanavidhipaTalaH/
१०१ शिवभक्तप्रतिष्ठापटलः 	 sampradAyaH/28-Agama-sampradAyaH/AgamaH/28/kAraNAgamaH/2/101_shivabhaktapratiShThApaTalaH/
१०२ चतुर्द्वारार्चनविधिपटलः 	 sampradAyaH/28-Agama-sampradAyaH/AgamaH/28/kAraNAgamaH/1/102_chaturdvArArchanavidhipaTalaH/
१०२ ध्वजस्थापनपटलः 	 sampradAyaH/28-Agama-sampradAyaH/AgamaH/28/kAraNAgamaH/2/102_dhvajasthApanapaTalaH/
१०३ उद्यानलक्षणपटलः 	 sampradAyaH/28-Agama-sampradAyaH/AgamaH/28/kAraNAgamaH/2/103_udyAnalaxaNapaTalaH/
१०३ क्षेत्रपालार्चनविधिपटलः 	 sampradAyaH/28-Agama-sampradAyaH/AgamaH/28/kAraNAgamaH/1/103_xetrapAlArchanavidhipaTalaH/
१०४ महाभिषेकपटलः 	 sampradAyaH/28-Agama-sampradAyaH/AgamaH/28/kAraNAgamaH/2/104_mahAbhiShekapaTalaH/
१०४ वारपूजाविधिपटलः 	 sampradAyaH/28-Agama-sampradAyaH/AgamaH/28/kAraNAgamaH/1/104_vArapUjAvidhipaTalaH/
१०५ अष्टमीपूजाविधिपटलः 	 sampradAyaH/28-Agama-sampradAyaH/AgamaH/28/kAraNAgamaH/1/105_aShTamIpUjAvidhipaTalaH/
१०५ सौरस्थापनपटलः 	 sampradAyaH/28-Agama-sampradAyaH/AgamaH/28/kAraNAgamaH/2/105_saurasthApanapaTalaH/
१०६ प्रदोषपूजाविधिपटलः 	 sampradAyaH/28-Agama-sampradAyaH/AgamaH/28/kAraNAgamaH/1/106_pradoShapUjAvidhipaTalaH/
१०७ अमावास्यार्चनाविधिपटलः 	 sampradAyaH/28-Agama-sampradAyaH/AgamaH/28/kAraNAgamaH/1/107_amAvAsyArchanAvidhipaTalaH/
१०८ नक्षत्रपूजाविधिपटलः 	 sampradAyaH/28-Agama-sampradAyaH/AgamaH/28/kAraNAgamaH/1/108_naxatrapUjAvidhipaTalaH/
१०९ मासपूजाविधिपटलः 	 sampradAyaH/28-Agama-sampradAyaH/AgamaH/28/kAraNAgamaH/1/109_mAsapUjAvidhipaTalaH/
11 	 sampradAyaH/kaulaH_shAktaH/sampradAyaH/pUrvAmnAyaH_trikam/tattvam/abhinava-gupta-mUlam/tantrAlokaH/tantra-sAraH/00/Summary/11/
११ 	 AgamaH/daxiNA-mUrti-saMhitA/11/
११ 	 AgamaH/jnAnArNavatantram/11/
११ 	 AgamaH/mahA-nirvAna-tantram/sarva-prastutiH/11/
११ 	 AgamaH/mahA-nirvAna-tantram/woodroffe/11/
११ 	 AgamaH/mAheshvara-tantram/11/
११ 	 kriyA/bhUta-shuddhi-tantram/11/
११ 	 sampradAyaH/28-Agama-sampradAyaH/AgamaH/28/sUxmAgamaH/11/
११ 	 sampradAyaH/28-Agama-sampradAyaH/AgamaH/28/vIrAgamaH/11/
११ 	 sampradAyaH/28-Agama-sampradAyaH/AgamaH/achintya-vishva-sAd-Akhyam/1_kriyApAdaH/11/
११ 	 sampradAyaH/28-Agama-sampradAyaH/AgamaH/aMshumat-kAshyapAgamaH/11/
११ 	 sampradAyaH/28-Agama-sampradAyaH/AgamaH/sarvajnAnottaraH/03_kriyApAdaH/11/
११ 	 sampradAyaH/28-Agama-sampradAyaH/AgamaH/yogajAgamaH/11/
११ 	 sampradAyaH/kaulaH_shAktaH/AgamaH/brahma-yAmala-tantram/daxiNAnubandhaH/11/
११ 	 sampradAyaH/kaulaH_shAktaH/AgamaH/kulArNava-tantram/11/
११ 	 sampradAyaH/kaulaH_shAktaH/sampradAyaH/daxiNAmnAyaH_shrI-kulam/vidyAraNyayati-shrI-vidyArNava-tantram/11/
११ 	 sampradAyaH/kaulaH_shAktaH/sampradAyaH/pUrvAmnAyaH_trikam/00_tantram/mAlinI-vijayottara-tantram/srotaH/paramhaMsa-mishrAnuvAdaH/11/
११ 	 sampradAyaH/kaulaH_shAktaH/sampradAyaH/pUrvAmnAyaH_trikam/00_tantram/mAlinI-vijayottara-tantram/srotaH/viShnu-datta-Shastry-anuvAdaH/11/
११ 	 sampradAyaH/kaulaH_shAktaH/sampradAyaH/pUrvAmnAyaH_trikam/00_tantram/netra-tantram/11/
११ 	 sampradAyaH/kaulaH_shAktaH/sampradAyaH/pUrvAmnAyaH_trikam/00_tantram/svachChandatantram/11/
११ 	 sampradAyaH/kaulaH_shAktaH/sampradAyaH/pUrvAmnAyaH_trikam/tattvam/abhinava-gupta-mUlam/tantrAlokaH/pariShkAryam/chaturvedi-rAdheshyAmaH/p4_11-20/11/
११ 	 sampradAyaH/kaulaH_shAktaH/sampradAyaH/pUrvAmnAyaH_trikam/tattvam/abhinava-gupta-mUlam/tantrAlokaH/pariShkAryam/paramahaMsa-mishraH/p4_10-13/11/
११ 	 sampradAyaH/kaulaH_shAktaH/sampradAyaH/pUrvAmnAyaH_trikam/tattvam/abhinava-gupta-mUlam/tantrAlokaH/sarva-prastutiH/11/
११ 	 sampradAyaH/kaulaH_shAktaH/sampradAyaH/pUrvAmnAyaH_trikam/tattvam/abhinava-gupta-mUlam/tantrAlokaH/tantra-sAraH/mUlam/11/
11 Adapting Śaiva Tantric Initiation for Exoteric Circles: The Lokadharmiṇī Dīkṣā and Its History in Early Medieval Sources 	 meta/articles/shaivism_and_the_Tantric_Traditions/3_Religion_the_State_and_Social_History/11_Adapting_shaiva_Tantric_Initiation_for_Exoteric/
11 FIRST PERSONAL REFERENCES IN THE TANTRALOKA 	 sampradAyaH/kaulaH_shAktaH/sampradAyaH/pUrvAmnAyaH_trikam/tattvam/abhinava-gupta-mUlam/tantrAlokaH/meta/articles/rastogi-navajIvana-intro/7_APPENDICES/11_FIRST_PERSONAL_REF/
११ अग्निकार्यविधि-पटलः 	 sampradAyaH/28-Agama-sampradAyaH/AgamaH/28/suprabhedAgamaH/1_kriyApAdaH/11_agnikAryavidhi-paTalaH/
११ कलिसंस्थितसविधि-मन्त्रकथनं 	 AgamaH/meru-tantram/11_kalisaMsthitasavidhi-mantrakathanaM/
११ जैनाः बौद्धाः 	 sampradAyaH/vIra-shaivaH/tattvam/maritoNDAryaH/vIra-shaivAnanda-chandrikA-vAda-kANDaH/11/
११ ज्येष्ठमासपूजाविधिपटलः 	 sampradAyaH/28-Agama-sampradAyaH/AgamaH/28/svAyambhuvAgamaH/04_prakIrNam/11_jyeShThamAsapUjAvidhipaTalaH/
11 दीक्षाधिकारः 	 sampradAyaH/kaulaH_shAktaH/sampradAyaH/pUrvAmnAyaH_trikam/00_tantram/mAlinI-vijayottara-tantram/sarva-prastutiH/11_dIxAdhikAraH/
११ दीक्षाविधिः 	 sampradAyaH/28-Agama-sampradAyaH/AgamaH/kumAra-tantram/11_dIxAvidhiH/
११ दुर्गामन्त्रपुरश्चरणदुर्गोत्सवविधिः 	 kriyA/purashcharyArNavaH/11_durgAmantrapurashcharaNadurgotsavavidhiH/
११ नित्योत्सवविधिः 	 sampradAyaH/vIra-shaivaH/AgamaH/vIrashaiva-vIrAgamaH/11_nityotsavavidhiH/
११ प्रत्ययादिप्रकरणम् 	 sampradAyaH/28-Agama-sampradAyaH/AgamaH/mRgendrAgamaH/sarva-prastutiH/1_vidyApAdaH/11_pratyayAdiprakaraNam/
११ भूपरीक्षाविधिः 	 sampradAyaH/28-Agama-sampradAyaH/AgamaH/28/kAmikAgamaH/1/11_bhUparIxAvidhiH/
११ माघे शिवरात्रिपूजाविधिः 	 sampradAyaH/28-Agama-sampradAyaH/AgamaH/28/kAmikAgamaH/2/11_mAghe_shivarAtripUjAvidhiH/
११ मातृकोत्पत्तिपटलः 	 sampradAyaH/28-Agama-sampradAyaH/AgamaH/28/kiraNAgamaH/vidyA-pAdaH/mUlam/11_mAtRkotpattipaTalaH/
११ योगध्यानविधि-पटलः 	 sampradAyaH/28-Agama-sampradAyaH/AgamaH/28/makuTAgamaH/11_yogadhyAnavidhi-paTalaH/
११ राजश्यामलारहस्योपनिषत् 	 sampradAyaH/kaulaH_shAktaH/upaniShat/aDyAr-sankalanam/11_rAjashyAmalArahasyopaniShat/
11 शक्तिपात-प्रकाशनम् 	 sampradAyaH/kaulaH_shAktaH/sampradAyaH/pUrvAmnAyaH_trikam/tattvam/abhinava-gupta-mUlam/tantrAlokaH/tantra-sAraH/11_shaktipAta-prakAshanam/
११ शिवोपनिषत् 	 upaniShat/aDyAr-sankalanam/11_shivopaniShat/
११ सपिण्डीकरणविधि-पटलः 	 sampradAyaH/28-Agama-sampradAyaH/AgamaH/28/suprabhedAgamaH/2_charyApAdaH/11_sapiNDIkaraNavidhi-paTalaH/
११ सप्त-विध-प्रसङ्गः 	 sampradAyaH/vIra-shaivaH/tattvam/siddhAnta-shikhA-maNiH/11_sapta-vidha-prasangaH/
11: Staging Devotional Advaita 	 meta/articles/schwartz-jason/shaiva-age-end/11_Staging_Devotional_Advaita/
११० मासपूजाद्रव्यविधिपटलः 	 sampradAyaH/28-Agama-sampradAyaH/AgamaH/28/kAraNAgamaH/1/110_mAsapUjAdravyavidhipaTalaH/
१११ कृत्तिकादीपनक्षत्रनिर्णयपटलः 	 sampradAyaH/28-Agama-sampradAyaH/AgamaH/28/kAraNAgamaH/1/111_kRttikAdIpanaxatranirNayapaTalaH/
११२ कृत्तिकादीपलक्षणविधिपटलः 	 sampradAyaH/28-Agama-sampradAyaH/AgamaH/28/kAraNAgamaH/1/112_kRttikAdIpalaxaNavidhipaTalaH/
११३ धनुर्मासपूजा-विधिपटलः 	 sampradAyaH/28-Agama-sampradAyaH/AgamaH/28/kAraNAgamaH/1/113_dhanurmAsapUjA-vidhipaTalaH/
११४ आर्द्राव्रतविधिपटलः 	 sampradAyaH/28-Agama-sampradAyaH/AgamaH/28/kAraNAgamaH/1/114_ArdrAvratavidhipaTalaH/
११५ 	 sampradAyaH/28-Agama-sampradAyaH/AgamaH/28/kAraNAgamaH/1/115/
११६ 	 sampradAyaH/28-Agama-sampradAyaH/AgamaH/28/kAraNAgamaH/1/116/
११७ 	 sampradAyaH/28-Agama-sampradAyaH/AgamaH/28/kAraNAgamaH/1/117/
११८ 	 sampradAyaH/28-Agama-sampradAyaH/AgamaH/28/kAraNAgamaH/1/118/
११९ 	 sampradAyaH/28-Agama-sampradAyaH/AgamaH/28/kAraNAgamaH/1/119/
12 	 sampradAyaH/kaulaH_shAktaH/sampradAyaH/pUrvAmnAyaH_trikam/tattvam/abhinava-gupta-mUlam/tantrAlokaH/tantra-sAraH/00/Summary/12/
१२ 	 AgamaH/daxiNA-mUrti-saMhitA/12/
१२ 	 AgamaH/jnAnArNavatantram/12/
१२ 	 AgamaH/mahA-nirvAna-tantram/sarva-prastutiH/12/
१२ 	 AgamaH/mahA-nirvAna-tantram/woodroffe/12/
१२ 	 AgamaH/mAheshvara-tantram/12/
१२ 	 kriyA/bhUta-shuddhi-tantram/12/
१२ 	 sampradAyaH/28-Agama-sampradAyaH/AgamaH/28/sUxmAgamaH/12/
१२ 	 sampradAyaH/28-Agama-sampradAyaH/AgamaH/28/vIrAgamaH/12/
१२ 	 sampradAyaH/28-Agama-sampradAyaH/AgamaH/achintya-vishva-sAd-Akhyam/1_kriyApAdaH/12/
१२ 	 sampradAyaH/28-Agama-sampradAyaH/AgamaH/aMshumat-kAshyapAgamaH/12/
१२ 	 sampradAyaH/28-Agama-sampradAyaH/AgamaH/nishvAsa-kArikA/12/
१२ 	 sampradAyaH/28-Agama-sampradAyaH/AgamaH/sarvajnAnottaraH/03_kriyApAdaH/12/
१२ 	 sampradAyaH/28-Agama-sampradAyaH/AgamaH/yogajAgamaH/12/
१२ 	 sampradAyaH/kaulaH_shAktaH/AgamaH/brahma-yAmala-tantram/daxiNAnubandhaH/12/
१२ 	 sampradAyaH/kaulaH_shAktaH/AgamaH/kulArNava-tantram/12/
१२ 	 sampradAyaH/kaulaH_shAktaH/sampradAyaH/daxiNAmnAyaH_shrI-kulam/vidyAraNyayati-shrI-vidyArNava-tantram/12/
१२ 	 sampradAyaH/kaulaH_shAktaH/sampradAyaH/pUrvAmnAyaH_trikam/00_tantram/mAlinI-vijayottara-tantram/srotaH/paramhaMsa-mishrAnuvAdaH/12/
१२ 	 sampradAyaH/kaulaH_shAktaH/sampradAyaH/pUrvAmnAyaH_trikam/00_tantram/mAlinI-vijayottara-tantram/srotaH/viShnu-datta-Shastry-anuvAdaH/12/
१२ 	 sampradAyaH/kaulaH_shAktaH/sampradAyaH/pUrvAmnAyaH_trikam/00_tantram/netra-tantram/12/
१२ 	 sampradAyaH/kaulaH_shAktaH/sampradAyaH/pUrvAmnAyaH_trikam/00_tantram/svachChandatantram/12/
१२ 	 sampradAyaH/kaulaH_shAktaH/sampradAyaH/pUrvAmnAyaH_trikam/tattvam/abhinava-gupta-mUlam/tantrAlokaH/pariShkAryam/chaturvedi-rAdheshyAmaH/p4_11-20/12/
१२ 	 sampradAyaH/kaulaH_shAktaH/sampradAyaH/pUrvAmnAyaH_trikam/tattvam/abhinava-gupta-mUlam/tantrAlokaH/pariShkAryam/paramahaMsa-mishraH/p4_10-13/12/
१२ 	 sampradAyaH/kaulaH_shAktaH/sampradAyaH/pUrvAmnAyaH_trikam/tattvam/abhinava-gupta-mUlam/tantrAlokaH/sarva-prastutiH/12/
१२ 	 sampradAyaH/kaulaH_shAktaH/sampradAyaH/pUrvAmnAyaH_trikam/tattvam/abhinava-gupta-mUlam/tantrAlokaH/tantra-sAraH/mUlam/12/
१२ 	 sampradAyaH/vIra-shaivaH/tattvam/maritoNDAryaH/vIra-shaivAnanda-chandrikA-vAda-kANDaH/12/
12 AGAMAS FORMING ONE GROUP 	 sampradAyaH/kaulaH_shAktaH/sampradAyaH/pUrvAmnAyaH_trikam/tattvam/abhinava-gupta-mUlam/tantrAlokaH/meta/articles/rastogi-navajIvana-intro/7_APPENDICES/12_AGAMAS_FORMING_ONE_GROUP/
12 Innovation and Social Change in the Vale of Kashmir, circa 900–1250 C E 	 meta/articles/shaivism_and_the_Tantric_Traditions/3_Religion_the_State_and_Social_History/12_Innovation_and_Social_Change_in_the_Vale_of_Kas/
12 Śaivakālasaṃhārasamkṣiptasāra 	 meta/articles/schwartz-jason/shaiva-age-end/12_shaivakAlasaMhArasamxiptasAra/
१२ आचार्यलक्षणविधि-पटलः 	 sampradAyaH/28-Agama-sampradAyaH/AgamaH/28/makuTAgamaH/12_AchAryalaxaNavidhi-paTalaH/
१२ आषाढपूजाविधिपटलः 	 sampradAyaH/28-Agama-sampradAyaH/AgamaH/28/svAyambhuvAgamaH/04_prakIrNam/12_AShADhapUjAvidhipaTalaH/
१२ इन्द्रियादिप्रकरणम् 	 sampradAyaH/28-Agama-sampradAyaH/AgamaH/mRgendrAgamaH/sarva-prastutiH/1_vidyApAdaH/12_indriyAdiprakaraNam/
१२ कलिप्रत्ययवेदमन्त्रप्रकाशः 	 AgamaH/meru-tantram/12_kalipratyayavedamantraprakAshaH/
१२ कुण्डलक्षण-पटलः 	 sampradAyaH/28-Agama-sampradAyaH/AgamaH/28/suprabhedAgamaH/1_kriyApAdaH/12_kuNDalaxaNa-paTalaH/
१२ परिवारलक्षणपटलः 	 sampradAyaH/vIra-shaivaH/AgamaH/vIrashaiva-vIrAgamaH/12_parivAralaxaNapaTalaH/
12 प्रथमधारणाधिकारः 	 sampradAyaH/kaulaH_shAktaH/sampradAyaH/pUrvAmnAyaH_trikam/00_tantram/mAlinI-vijayottara-tantram/sarva-prastutiH/12_prathamadhAraNAdhikAraH/
१२ प्रवेशबलिविधिः 	 sampradAyaH/28-Agama-sampradAyaH/AgamaH/28/kAmikAgamaH/1/12_praveshabalividhiH/
१२ प्राण-लिङ्गि-पञ्च-स्थल-प्रसङ्गः 	 sampradAyaH/vIra-shaivaH/tattvam/siddhAnta-shikhA-maNiH/12_prANa-lingi-pancha-sthala-prasangaH/
१२ प्रायश्चित्तविधि-पटलः 	 sampradAyaH/28-Agama-sampradAyaH/AgamaH/28/suprabhedAgamaH/2_charyApAdaH/12_prAyashchittavidhi-paTalaH/
१२ फाल्गुनमासगन्धपूजाविधिः 	 sampradAyaH/28-Agama-sampradAyaH/AgamaH/28/kAmikAgamaH/2/12_phAlgunamAsagandhapUjAvidhiH/
१२ ब्राह्म्यादिमन्त्रपुरश्चरणादि 	 kriyA/purashcharyArNavaH/12_brAhmyAdimantrapurashcharaNAdi/
१२ यन्त्रोद्धारपटलः 	 sampradAyaH/28-Agama-sampradAyaH/AgamaH/28/kiraNAgamaH/vidyA-pAdaH/mUlam/12_yantroddhArapaTalaH/
१२ वनदुर्गोपनिषत् 	 sampradAyaH/kaulaH_shAktaH/upaniShat/aDyAr-sankalanam/12_vanadurgopaniShat/
१२ सदानन्दोपनिषत् 	 upaniShat/aDyAr-sankalanam/12_sadAnandopaniShat/
१२ स्नपनविधिः 	 sampradAyaH/28-Agama-sampradAyaH/AgamaH/kumAra-tantram/12_snapanavidhiH/
12 स्नान-प्रकाशनम् 	 sampradAyaH/kaulaH_shAktaH/sampradAyaH/pUrvAmnAyaH_trikam/tattvam/abhinava-gupta-mUlam/tantrAlokaH/tantra-sAraH/12_snAna-prakAshanam/
१२० 	 sampradAyaH/28-Agama-sampradAyaH/AgamaH/28/kAraNAgamaH/1/120/
१२१ 	 sampradAyaH/28-Agama-sampradAyaH/AgamaH/28/kAraNAgamaH/1/121/
१२२ पवित्रारोहणविधिपटलः 	 sampradAyaH/28-Agama-sampradAyaH/AgamaH/28/kAraNAgamaH/1/122_pavitrArohaNavidhipaTalaH/
१२३ पूरकर्मविधिपटलः 	 sampradAyaH/28-Agama-sampradAyaH/AgamaH/28/kAraNAgamaH/1/123_pUrakarmavidhipaTalaH/
१२४ श्रावणतिलपूजाविधिपटलः 	 sampradAyaH/28-Agama-sampradAyaH/AgamaH/28/kAraNAgamaH/1/124_shrAvaNatilapUjAvidhipaTalaH/
१२५ पूर्वाषाढनवनैवेद्यलक्षणपटलः 	 sampradAyaH/28-Agama-sampradAyaH/AgamaH/28/kAraNAgamaH/1/125_pUrvAShADhanavanaivedyalaxaNapaTalaH/
१२६ आश्वीजघृतपूजाविधिपटलः 	 sampradAyaH/28-Agama-sampradAyaH/AgamaH/28/kAraNAgamaH/1/126_AshvIjaghRtapUjAvidhipaTalaH/
१२७ नवरात्रिविधिपटलः 	 sampradAyaH/28-Agama-sampradAyaH/AgamaH/28/kAraNAgamaH/1/127_navarAtrividhipaTalaH/
१२८ अन्नपूजाविधिपटलः 	 sampradAyaH/28-Agama-sampradAyaH/AgamaH/28/kAraNAgamaH/1/128_annapUjAvidhipaTalaH/
१२९ दीपपूजाविधिपटलः 	 sampradAyaH/28-Agama-sampradAyaH/AgamaH/28/kAraNAgamaH/1/129_dIpapUjAvidhipaTalaH/
13 	 sampradAyaH/kaulaH_shAktaH/sampradAyaH/pUrvAmnAyaH_trikam/tattvam/abhinava-gupta-mUlam/tantrAlokaH/tantra-sAraH/00/Summary/13/
१३ 	 AgamaH/daxiNA-mUrti-saMhitA/13/
१३ 	 AgamaH/jnAnArNavatantram/13/
१३ 	 AgamaH/mahA-nirvAna-tantram/sarva-prastutiH/13/
१३ 	 AgamaH/mahA-nirvAna-tantram/woodroffe/13/
१३ 	 AgamaH/mAheshvara-tantram/13/
१३ 	 kriyA/bhUta-shuddhi-tantram/13/
१३ 	 sampradAyaH/28-Agama-sampradAyaH/AgamaH/28/sUxmAgamaH/13/
१३ 	 sampradAyaH/28-Agama-sampradAyaH/AgamaH/28/vIrAgamaH/13/
१३ 	 sampradAyaH/28-Agama-sampradAyaH/AgamaH/achintya-vishva-sAd-Akhyam/1_kriyApAdaH/13/
१३ 	 sampradAyaH/28-Agama-sampradAyaH/AgamaH/aMshumat-kAshyapAgamaH/13/
१३ 	 sampradAyaH/28-Agama-sampradAyaH/AgamaH/nishvAsa-kArikA/13/
१३ 	 sampradAyaH/28-Agama-sampradAyaH/AgamaH/sarvajnAnottaraH/03_kriyApAdaH/13/
१३ 	 sampradAyaH/28-Agama-sampradAyaH/AgamaH/yogajAgamaH/13/
१३ 	 sampradAyaH/kaulaH_shAktaH/AgamaH/brahma-yAmala-tantram/daxiNAnubandhaH/13/
१३ 	 sampradAyaH/kaulaH_shAktaH/AgamaH/kulArNava-tantram/13/
१३ 	 sampradAyaH/kaulaH_shAktaH/sampradAyaH/daxiNAmnAyaH_shrI-kulam/vidyAraNyayati-shrI-vidyArNava-tantram/13/
१३ 	 sampradAyaH/kaulaH_shAktaH/sampradAyaH/pUrvAmnAyaH_trikam/00_tantram/mAlinI-vijayottara-tantram/srotaH/paramhaMsa-mishrAnuvAdaH/13/
१३ 	 sampradAyaH/kaulaH_shAktaH/sampradAyaH/pUrvAmnAyaH_trikam/00_tantram/mAlinI-vijayottara-tantram/srotaH/viShnu-datta-Shastry-anuvAdaH/13/
१३ 	 sampradAyaH/kaulaH_shAktaH/sampradAyaH/pUrvAmnAyaH_trikam/00_tantram/netra-tantram/13/
१३ 	 sampradAyaH/kaulaH_shAktaH/sampradAyaH/pUrvAmnAyaH_trikam/00_tantram/svachChandatantram/13/
१३ 	 sampradAyaH/kaulaH_shAktaH/sampradAyaH/pUrvAmnAyaH_trikam/tattvam/abhinava-gupta-mUlam/tantrAlokaH/pariShkAryam/chaturvedi-rAdheshyAmaH/p4_11-20/13/
१३ 	 sampradAyaH/kaulaH_shAktaH/sampradAyaH/pUrvAmnAyaH_trikam/tattvam/abhinava-gupta-mUlam/tantrAlokaH/pariShkAryam/paramahaMsa-mishraH/p4_10-13/13/
१३ 	 sampradAyaH/kaulaH_shAktaH/sampradAyaH/pUrvAmnAyaH_trikam/tattvam/abhinava-gupta-mUlam/tantrAlokaH/sarva-prastutiH/13/
१३ 	 sampradAyaH/kaulaH_shAktaH/sampradAyaH/pUrvAmnAyaH_trikam/tattvam/abhinava-gupta-mUlam/tantrAlokaH/tantra-sAraH/mUlam/13/
१३ 	 sampradAyaH/vIra-shaivaH/tattvam/maritoNDAryaH/vIra-shaivAnanda-chandrikA-vAda-kANDaH/13/
13 Gadyānukramaṇikā 	 meta/articles/schwartz-jason/shaiva-age-end/13_gadyAnukramaNikA/
13 Toward a History of the Navarātra, the Autumnal Festival of the Goddess 	 meta/articles/shaivism_and_the_Tantric_Traditions/3_Religion_the_State_and_Social_History/13_Toward_a_History_of_the_navarAtra_the_Autumnal/
१३ अध्वप्रकरणम् 	 sampradAyaH/28-Agama-sampradAyaH/AgamaH/mRgendrAgamaH/sarva-prastutiH/1_vidyApAdaH/13_adhvaprakaraNam/
१३ चैत्रमास-दमन-पूजा-विधिः 	 sampradAyaH/28-Agama-sampradAyaH/AgamaH/28/kAmikAgamaH/2/13_chaitramAsa-damana-pUjA-vidhiH/
१३ नवग्रहकथनप्रकाशः 	 AgamaH/meru-tantram/13_navagrahakathanaprakAshaH/
१३ नित्योत्सवविधि-पटलः 	 sampradAyaH/28-Agama-sampradAyaH/AgamaH/28/suprabhedAgamaH/1_kriyApAdaH/13_nityotsavavidhi-paTalaH/
13 भूतजयाधिकारः 	 sampradAyaH/kaulaH_shAktaH/sampradAyaH/pUrvAmnAyaH_trikam/00_tantram/mAlinI-vijayottara-tantram/sarva-prastutiH/13_bhUtajayAdhikAraH/
१३ भूपरिग्रहविधिः 	 sampradAyaH/28-Agama-sampradAyaH/AgamaH/28/kAmikAgamaH/1/13_bhUparigrahavidhiH/
१३ रक्षादीपपटलः 	 sampradAyaH/vIra-shaivaH/AgamaH/vIrashaiva-vIrAgamaH/13_raxAdIpapaTalaH/
१३ शरणस्य-चतुःस्थल-प्रसङ्गः 	 sampradAyaH/vIra-shaivaH/tattvam/siddhAnta-shikhA-maNiH/13_sharaNasya-chatuHsthala-prasangaH/
१३ श्यामोपनिषत् 	 sampradAyaH/kaulaH_shAktaH/upaniShat/aDyAr-sankalanam/13_shyAmopaniShat/
१३ श्रावणपूजाविधिपटलः 	 sampradAyaH/28-Agama-sampradAyaH/AgamaH/28/svAyambhuvAgamaH/04_prakIrNam/13_shrAvaNapUjAvidhipaTalaH/
13 समयि-दीक्षा 	 sampradAyaH/kaulaH_shAktaH/sampradAyaH/pUrvAmnAyaH_trikam/tattvam/abhinava-gupta-mUlam/tantrAlokaH/tantra-sAraH/13_samayi-dIxA/
१३ सिद्धान्तशिखोपनिषत् 	 upaniShat/aDyAr-sankalanam/13_siddhAntashikhopaniShat/
१३ स्कन्दोत्सवविधिः 	 sampradAyaH/28-Agama-sampradAyaH/AgamaH/kumAra-tantram/13_skandotsavavidhiH/
१३० लाजपूजाविधिपटलः 	 sampradAyaH/28-Agama-sampradAyaH/AgamaH/28/kAraNAgamaH/1/130_lAjapUjAvidhipaTalaH/
१३१ सङ्क्रमविधिपटलः 	 sampradAyaH/28-Agama-sampradAyaH/AgamaH/28/kAraNAgamaH/1/131_sankramavidhipaTalaH/
१३२ ग्रहणपूजाविधिपटलः 	 sampradAyaH/28-Agama-sampradAyaH/AgamaH/28/kAraNAgamaH/1/132_grahaNapUjAvidhipaTalaH/
१३३ विशेषपूजाविधिपटलः 	 sampradAyaH/28-Agama-sampradAyaH/AgamaH/28/kAraNAgamaH/1/133_visheShapUjAvidhipaTalaH/
१३४ जीर्णोद्धारविधिपटलः 	 sampradAyaH/28-Agama-sampradAyaH/AgamaH/28/kAraNAgamaH/1/134_jIrNoddhAravidhipaTalaH/
१३५ बालस्थापनप्रतिष्ठाविधिपटलः 	 sampradAyaH/28-Agama-sampradAyaH/AgamaH/28/kAraNAgamaH/1/135_bAlasthApanapratiShThAvidhipaTalaH/
१३६ अष्टबन्धनविधिपटलः 	 sampradAyaH/28-Agama-sampradAyaH/AgamaH/28/kAraNAgamaH/1/136_aShTabandhanavidhipaTalaH/
१३७ सम्प्रोक्षणविधिपटलः 	 sampradAyaH/28-Agama-sampradAyaH/AgamaH/28/kAraNAgamaH/1/137_samproxaNavidhipaTalaH/
१३८ रक्षाबन्धनविधिपटलः 	 sampradAyaH/28-Agama-sampradAyaH/AgamaH/28/kAraNAgamaH/1/138_raxAbandhanavidhipaTalaH/
१३९ नित्योत्सवविधिपटलः 	 sampradAyaH/28-Agama-sampradAyaH/AgamaH/28/kAraNAgamaH/1/139_nityotsavavidhipaTalaH/
13A TEXTS QUOTED BY JAYARATHA 	 sampradAyaH/kaulaH_shAktaH/sampradAyaH/pUrvAmnAyaH_trikam/tattvam/abhinava-gupta-mUlam/tantrAlokaH/meta/articles/rastogi-navajIvana-intro/7_APPENDICES/13A_TEXTS_QUOTED_BY_JAYARATHA/
13B BHAIRAVA TANTRAS 	 sampradAyaH/kaulaH_shAktaH/sampradAyaH/pUrvAmnAyaH_trikam/tattvam/abhinava-gupta-mUlam/tantrAlokaH/meta/articles/rastogi-navajIvana-intro/7_APPENDICES/13B_BHAIRAVA_TANTRAS/
14 	 sampradAyaH/kaulaH_shAktaH/sampradAyaH/pUrvAmnAyaH_trikam/tattvam/abhinava-gupta-mUlam/tantrAlokaH/tantra-sAraH/00/Summary/14/
१४ 	 AgamaH/daxiNA-mUrti-saMhitA/14/
१४ 	 AgamaH/jnAnArNavatantram/14/
१४ 	 AgamaH/mahA-nirvAna-tantram/sarva-prastutiH/14/
१४ 	 AgamaH/mahA-nirvAna-tantram/woodroffe/14/
१४ 	 AgamaH/mAheshvara-tantram/14/
१४ 	 kriyA/bhUta-shuddhi-tantram/14/
१४ 	 sampradAyaH/28-Agama-sampradAyaH/AgamaH/28/sUxmAgamaH/14/
१४ 	 sampradAyaH/28-Agama-sampradAyaH/AgamaH/28/vIrAgamaH/14/
१४ 	 sampradAyaH/28-Agama-sampradAyaH/AgamaH/achintya-vishva-sAd-Akhyam/1_kriyApAdaH/14/
१४ 	 sampradAyaH/28-Agama-sampradAyaH/AgamaH/aMshumat-kAshyapAgamaH/14/
१४ 	 sampradAyaH/28-Agama-sampradAyaH/AgamaH/nishvAsa-kArikA/14/
१४ 	 sampradAyaH/28-Agama-sampradAyaH/AgamaH/sarvajnAnottaraH/03_kriyApAdaH/14/
१४ 	 sampradAyaH/28-Agama-sampradAyaH/AgamaH/yogajAgamaH/14/
१४ 	 sampradAyaH/kaulaH_shAktaH/AgamaH/brahma-yAmala-tantram/daxiNAnubandhaH/14/
१४ 	 sampradAyaH/kaulaH_shAktaH/AgamaH/kulArNava-tantram/14/
१४ 	 sampradAyaH/kaulaH_shAktaH/sampradAyaH/daxiNAmnAyaH_shrI-kulam/vidyAraNyayati-shrI-vidyArNava-tantram/14/
१४ 	 sampradAyaH/kaulaH_shAktaH/sampradAyaH/pUrvAmnAyaH_trikam/00_tantram/mAlinI-vijayottara-tantram/srotaH/paramhaMsa-mishrAnuvAdaH/14/
१४ 	 sampradAyaH/kaulaH_shAktaH/sampradAyaH/pUrvAmnAyaH_trikam/00_tantram/mAlinI-vijayottara-tantram/srotaH/viShnu-datta-Shastry-anuvAdaH/14/
१४ 	 sampradAyaH/kaulaH_shAktaH/sampradAyaH/pUrvAmnAyaH_trikam/00_tantram/netra-tantram/14/
१४ 	 sampradAyaH/kaulaH_shAktaH/sampradAyaH/pUrvAmnAyaH_trikam/00_tantram/svachChandatantram/14/
१४ 	 sampradAyaH/kaulaH_shAktaH/sampradAyaH/pUrvAmnAyaH_trikam/tattvam/abhinava-gupta-mUlam/tantrAlokaH/pariShkAryam/chaturvedi-rAdheshyAmaH/p4_11-20/14/
१४ 	 sampradAyaH/kaulaH_shAktaH/sampradAyaH/pUrvAmnAyaH_trikam/tattvam/abhinava-gupta-mUlam/tantrAlokaH/pariShkAryam/paramahaMsa-mishraH/p5_14-15/14/
१४ 	 sampradAyaH/kaulaH_shAktaH/sampradAyaH/pUrvAmnAyaH_trikam/tattvam/abhinava-gupta-mUlam/tantrAlokaH/sarva-prastutiH/14/
१४ 	 sampradAyaH/kaulaH_shAktaH/sampradAyaH/pUrvAmnAyaH_trikam/tattvam/abhinava-gupta-mUlam/tantrAlokaH/tantra-sAraH/mUlam/14/
१४ 	 sampradAyaH/vIra-shaivaH/tattvam/maritoNDAryaH/vIra-shaivAnanda-chandrikA-vAda-kANDaH/14/
14 Bibliography 	 meta/articles/schwartz-jason/shaiva-age-end/14_Bibliography/
14 PERSONS* NAMED BY JAYARATHA 	 sampradAyaH/kaulaH_shAktaH/sampradAyaH/pUrvAmnAyaH_trikam/tattvam/abhinava-gupta-mUlam/tantrAlokaH/meta/articles/rastogi-navajIvana-intro/7_APPENDICES/14_PERSONS_NAMED_BY_JAYARATHA/
14 Śārikā’s Mantra 	 meta/articles/shaivism_and_the_Tantric_Traditions/4_Mantra_Ritual_and_Yoga/14_shArikAs_Mantra/
१४ अङ्कुरार्पणम् 	 sampradAyaH/vIra-shaivaH/AgamaH/vIrashaiva-vIrAgamaH/14_ankurArpaNam/
१४ चतुर्-विध-स्थल-प्रसङ्गः 	 sampradAyaH/vIra-shaivaH/tattvam/siddhAnta-shikhA-maNiH/14_chatur-vidha-sthala-prasangaH/
१४ चैत्रमास वसन्तोत्सवविधिः 	 sampradAyaH/28-Agama-sampradAyaH/AgamaH/28/kAmikAgamaH/2/14_chaitramAsa_vasantotsavavidhiH/
14 तन्मात्रधारणाधिकारः 	 sampradAyaH/kaulaH_shAktaH/sampradAyaH/pUrvAmnAyaH_trikam/00_tantram/mAlinI-vijayottara-tantram/sarva-prastutiH/14_tanmAtradhAraNAdhikAraH/
14 पुत्रक-दीक्षा 	 sampradAyaH/kaulaH_shAktaH/sampradAyaH/pUrvAmnAyaH_trikam/tattvam/abhinava-gupta-mUlam/tantrAlokaH/tantra-sAraH/14_putraka-dIxA/
१४ प्रत्यङ्गिरामन्त्रकथनप्रकाशः 	 AgamaH/meru-tantram/14_pratyangirAmantrakathanaprakAshaH/
१४ प्रायश्चित्तविधिः 	 sampradAyaH/28-Agama-sampradAyaH/AgamaH/kumAra-tantram/14_prAyashchittavidhiH/
१४ भाद्रपदमासपूजाविधिपटलः 	 sampradAyaH/28-Agama-sampradAyaH/AgamaH/28/svAyambhuvAgamaH/04_prakIrNam/14_bhAdrapadamAsapUjAvidhipaTalaH/
१४ भूकर्षणविधिः 	 sampradAyaH/28-Agama-sampradAyaH/AgamaH/28/kAmikAgamaH/1/14_bhUkarShaNavidhiH/
१४ शिवोत्सवविधि-पटलः 	 sampradAyaH/28-Agama-sampradAyaH/AgamaH/28/suprabhedAgamaH/1_kriyApAdaH/14_shivotsavavidhi-paTalaH/
१४ श्रीचक्रोपनिषत् 	 sampradAyaH/kaulaH_shAktaH/upaniShat/aDyAr-sankalanam/14_shrIchakropaniShat/
१४ सिद्धान्तसारोपनिषत् 	 upaniShat/aDyAr-sankalanam/14_siddhAntasAropaniShat/
१४० महोत्सवविधिपटलः 	 sampradAyaH/28-Agama-sampradAyaH/AgamaH/28/kAraNAgamaH/1/140_mahotsavavidhipaTalaH/
१४१ सप्तविंशति-उत्सवविधिपटलप्रारम्भः 	 sampradAyaH/28-Agama-sampradAyaH/AgamaH/28/kAraNAgamaH/1/141_saptaviMshati-utsavavidhipaTalaprArambhaH/
१४२ रथसङ्ग्रहणविधिपटलः 	 sampradAyaH/28-Agama-sampradAyaH/AgamaH/28/kAraNAgamaH/1/142_rathasangrahaNavidhipaTalaH/
१४३ नीराञ्जनविधिपटलः 	 sampradAyaH/28-Agama-sampradAyaH/AgamaH/28/kAraNAgamaH/1/143_nIrAnjanavidhipaTalaH/
१४४ प्रायश्चित्तविधिपटलः 	 sampradAyaH/28-Agama-sampradAyaH/AgamaH/28/kAraNAgamaH/1/144_prAyashchittavidhipaTalaH/
१४५ शिवदीक्षाविधिपटलः 	 sampradAyaH/28-Agama-sampradAyaH/AgamaH/28/kAraNAgamaH/1/145_shivadIxAvidhipaTalaH/
15 	 sampradAyaH/kaulaH_shAktaH/sampradAyaH/pUrvAmnAyaH_trikam/tattvam/abhinava-gupta-mUlam/tantrAlokaH/tantra-sAraH/00/Summary/15/
१५ 	 AgamaH/daxiNA-mUrti-saMhitA/15/
१५ 	 AgamaH/jnAnArNavatantram/15/
१५ 	 AgamaH/mAheshvara-tantram/15/
१५ 	 kriyA/bhUta-shuddhi-tantram/15/
१५ 	 sampradAyaH/28-Agama-sampradAyaH/AgamaH/28/sUxmAgamaH/15/
१५ 	 sampradAyaH/28-Agama-sampradAyaH/AgamaH/28/vIrAgamaH/15/
१५ 	 sampradAyaH/28-Agama-sampradAyaH/AgamaH/achintya-vishva-sAd-Akhyam/1_kriyApAdaH/15/
१५ 	 sampradAyaH/28-Agama-sampradAyaH/AgamaH/aMshumat-kAshyapAgamaH/15/
१५ 	 sampradAyaH/28-Agama-sampradAyaH/AgamaH/nishvAsa-kArikA/15/
१५ 	 sampradAyaH/28-Agama-sampradAyaH/AgamaH/sarvajnAnottaraH/03_kriyApAdaH/15/
१५ 	 sampradAyaH/28-Agama-sampradAyaH/AgamaH/yogajAgamaH/15/
१५ 	 sampradAyaH/kaulaH_shAktaH/AgamaH/brahma-yAmala-tantram/daxiNAnubandhaH/15/
१५ 	 sampradAyaH/kaulaH_shAktaH/AgamaH/kulArNava-tantram/15/
१५ 	 sampradAyaH/kaulaH_shAktaH/sampradAyaH/daxiNAmnAyaH_shrI-kulam/vidyAraNyayati-shrI-vidyArNava-tantram/15/
१५ 	 sampradAyaH/kaulaH_shAktaH/sampradAyaH/pUrvAmnAyaH_trikam/00_tantram/mAlinI-vijayottara-tantram/srotaH/paramhaMsa-mishrAnuvAdaH/15/
१५ 	 sampradAyaH/kaulaH_shAktaH/sampradAyaH/pUrvAmnAyaH_trikam/00_tantram/mAlinI-vijayottara-tantram/srotaH/viShnu-datta-Shastry-anuvAdaH/15/
१५ 	 sampradAyaH/kaulaH_shAktaH/sampradAyaH/pUrvAmnAyaH_trikam/00_tantram/netra-tantram/15/
१५ 	 sampradAyaH/kaulaH_shAktaH/sampradAyaH/pUrvAmnAyaH_trikam/00_tantram/svachChandatantram/15/
१५ 	 sampradAyaH/kaulaH_shAktaH/sampradAyaH/pUrvAmnAyaH_trikam/tattvam/abhinava-gupta-mUlam/tantrAlokaH/pariShkAryam/chaturvedi-rAdheshyAmaH/p4_11-20/15/
१५ 	 sampradAyaH/kaulaH_shAktaH/sampradAyaH/pUrvAmnAyaH_trikam/tattvam/abhinava-gupta-mUlam/tantrAlokaH/pariShkAryam/paramahaMsa-mishraH/p5_14-15/15/
१५ 	 sampradAyaH/kaulaH_shAktaH/sampradAyaH/pUrvAmnAyaH_trikam/tattvam/abhinava-gupta-mUlam/tantrAlokaH/sarva-prastutiH/15/
१५ 	 sampradAyaH/kaulaH_shAktaH/sampradAyaH/pUrvAmnAyaH_trikam/tattvam/abhinava-gupta-mUlam/tantrAlokaH/tantra-sAraH/mUlam/15/
१५ 	 sampradAyaH/vIra-shaivaH/tattvam/maritoNDAryaH/vIra-shaivAnanda-chandrikA-vAda-kANDaH/15/
15 SYSTEMS REFERRED BY JAYARATHA 	 sampradAyaH/kaulaH_shAktaH/sampradAyaH/pUrvAmnAyaH_trikam/tattvam/abhinava-gupta-mUlam/tantrAlokaH/meta/articles/rastogi-navajIvana-intro/7_APPENDICES/15_SYSTEMS_REFERRED_BY_JAYARATHA/
15 The Kāmasiddhistuti of King Vatsarāja 	 meta/articles/shaivism_and_the_Tantric_Traditions/4_Mantra_Ritual_and_Yoga/15_The_kAmasiddhistuti_of_King_vatsarAja/
15 अक्षधारणाधिकारः 	 sampradAyaH/kaulaH_shAktaH/sampradAyaH/pUrvAmnAyaH_trikam/00_tantram/mAlinI-vijayottara-tantram/sarva-prastutiH/15_axadhAraNAdhikAraH/
१५ उत्सवसूचनम् 	 sampradAyaH/vIra-shaivaH/AgamaH/vIrashaiva-vIrAgamaH/15_utsavasUchanam/
१५ जीर्णोद्धारविधिः 	 sampradAyaH/28-Agama-sampradAyaH/AgamaH/kumAra-tantram/15_jIrNoddhAravidhiH/
१५ तुलामासपूजाविधिपटलः 	 sampradAyaH/28-Agama-sampradAyaH/AgamaH/28/svAyambhuvAgamaH/04_prakIrNam/15_tulAmAsapUjAvidhipaTalaH/
१५ नव-विध-लिङ्ग-प्रसङ्गः 	 sampradAyaH/vIra-shaivaH/tattvam/siddhAnta-shikhA-maNiH/15_nava-vidha-linga-prasangaH/
१५ वेशाखमासशीतकुम्भविधिः 	 sampradAyaH/28-Agama-sampradAyaH/AgamaH/28/kAmikAgamaH/2/15_veshAkhamAsashItakumbhavidhiH/
१५ वैदिकयन्त्रकथनप्रकाशः 	 AgamaH/meru-tantram/15_vaidikayantrakathanaprakAshaH/
१५ शङ्कुस्थापनविधिः 	 sampradAyaH/28-Agama-sampradAyaH/AgamaH/28/kAmikAgamaH/1/15_shankusthApanavidhiH/
१५ श्रीविद्यातारकोपनिषत् 	 sampradAyaH/kaulaH_shAktaH/upaniShat/aDyAr-sankalanam/15_shrIvidyAtArakopaniShat/
15 सप्रत्यय-दीक्षा 	 sampradAyaH/kaulaH_shAktaH/sampradAyaH/pUrvAmnAyaH_trikam/tattvam/abhinava-gupta-mUlam/tantrAlokaH/tantra-sAraH/15_sapratyaya-dIxA/
१५ स्नपनविधि-पटलः 	 sampradAyaH/28-Agama-sampradAyaH/AgamaH/28/suprabhedAgamaH/1_kriyApAdaH/15_snapanavidhi-paTalaH/
१५ हेरम्बोपनिषत् 	 upaniShat/aDyAr-sankalanam/15_herambopaniShat/
16 	 sampradAyaH/kaulaH_shAktaH/sampradAyaH/pUrvAmnAyaH_trikam/tattvam/abhinava-gupta-mUlam/tantrAlokaH/tantra-sAraH/00/Summary/16/
१६ 	 AgamaH/daxiNA-mUrti-saMhitA/16/
१६ 	 AgamaH/jnAnArNavatantram/16/
१६ 	 AgamaH/mAheshvara-tantram/16/
१६ 	 kriyA/bhUta-shuddhi-tantram/16/
१६ 	 sampradAyaH/28-Agama-sampradAyaH/AgamaH/28/sUxmAgamaH/16/
१६ 	 sampradAyaH/28-Agama-sampradAyaH/AgamaH/28/vIrAgamaH/16/
१६ 	 sampradAyaH/28-Agama-sampradAyaH/AgamaH/achintya-vishva-sAd-Akhyam/1_kriyApAdaH/16/
१६ 	 sampradAyaH/28-Agama-sampradAyaH/AgamaH/aMshumat-kAshyapAgamaH/16/
१६ 	 sampradAyaH/28-Agama-sampradAyaH/AgamaH/nishvAsa-kArikA/16/
१६ 	 sampradAyaH/28-Agama-sampradAyaH/AgamaH/sarvajnAnottaraH/03_kriyApAdaH/16/
१६ 	 sampradAyaH/28-Agama-sampradAyaH/AgamaH/yogajAgamaH/16/
१६ 	 sampradAyaH/kaulaH_shAktaH/AgamaH/brahma-yAmala-tantram/daxiNAnubandhaH/16/
१६ 	 sampradAyaH/kaulaH_shAktaH/AgamaH/kulArNava-tantram/16/
१६ 	 sampradAyaH/kaulaH_shAktaH/sampradAyaH/daxiNAmnAyaH_shrI-kulam/vidyAraNyayati-shrI-vidyArNava-tantram/16/
१६ 	 sampradAyaH/kaulaH_shAktaH/sampradAyaH/pUrvAmnAyaH_trikam/00_tantram/mAlinI-vijayottara-tantram/srotaH/paramhaMsa-mishrAnuvAdaH/16/
१६ 	 sampradAyaH/kaulaH_shAktaH/sampradAyaH/pUrvAmnAyaH_trikam/00_tantram/mAlinI-vijayottara-tantram/srotaH/viShnu-datta-Shastry-anuvAdaH/16/
१६ 	 sampradAyaH/kaulaH_shAktaH/sampradAyaH/pUrvAmnAyaH_trikam/00_tantram/netra-tantram/16/
१६ 	 sampradAyaH/kaulaH_shAktaH/sampradAyaH/pUrvAmnAyaH_trikam/tattvam/abhinava-gupta-mUlam/tantrAlokaH/pariShkAryam/chaturvedi-rAdheshyAmaH/p4_11-20/16/
१६ 	 sampradAyaH/kaulaH_shAktaH/sampradAyaH/pUrvAmnAyaH_trikam/tattvam/abhinava-gupta-mUlam/tantrAlokaH/pariShkAryam/paramahaMsa-mishraH/p6_16-27/16/
१६ 	 sampradAyaH/kaulaH_shAktaH/sampradAyaH/pUrvAmnAyaH_trikam/tattvam/abhinava-gupta-mUlam/tantrAlokaH/sarva-prastutiH/16/
१६ 	 sampradAyaH/kaulaH_shAktaH/sampradAyaH/pUrvAmnAyaH_trikam/tattvam/abhinava-gupta-mUlam/tantrAlokaH/tantra-sAraH/mUlam/16/
१६ 	 sampradAyaH/vIra-shaivaH/tattvam/maritoNDAryaH/vIra-shaivAnanda-chandrikA-vAda-kANDaH/16/
16 padmamālā, śaktitantu in Brahmayāmala 	 meta/articles/shaivism_and_the_Tantric_Traditions/4_Mantra_Ritual_and_Yoga/16_padmamAlA_shaktitantu_in_brahmayAmala/
16 UNSPECIFIED CITATIONS / REFERENCES IN JAYARATHA* 	 sampradAyaH/kaulaH_shAktaH/sampradAyaH/pUrvAmnAyaH_trikam/tattvam/abhinava-gupta-mUlam/tantrAlokaH/meta/articles/rastogi-navajIvana-intro/7_APPENDICES/16_CITATIONS_JAYARATHA/
१६ कृत्तिकापूजाविधिपटलः 	 sampradAyaH/28-Agama-sampradAyaH/AgamaH/28/svAyambhuvAgamaH/04_prakIrNam/16_kRttikApUjAvidhipaTalaH/
१६ ज्येष्ठमासफलपूजाविधिः 	 sampradAyaH/28-Agama-sampradAyaH/AgamaH/28/kAmikAgamaH/2/16_jyeShThamAsaphalapUjAvidhiH/
१६ दक्षिणाम्नायगणपतिमन्त्रप्रकाशः 	 AgamaH/meru-tantram/16_daxiNAmnAyagaNapatimantraprakAshaH/
16 धारणाधिकारः 	 sampradAyaH/kaulaH_shAktaH/sampradAyaH/pUrvAmnAyaH_trikam/00_tantram/mAlinI-vijayottara-tantram/sarva-prastutiH/16_dhAraNAdhikAraH/
16 परोक्ष-दीक्षा 	 sampradAyaH/kaulaH_shAktaH/sampradAyaH/pUrvAmnAyaH_trikam/tattvam/abhinava-gupta-mUlam/tantrAlokaH/tantra-sAraH/16_paroxa-dIxA/
१६ मानोपकरणविधिः 	 sampradAyaH/28-Agama-sampradAyaH/AgamaH/28/kAmikAgamaH/1/16_mAnopakaraNavidhiH/
१६ माहेश्वर-स्थलाश्रित-नव-लिङ्ग-प्रसङ्गः 	 sampradAyaH/vIra-shaivaH/tattvam/siddhAnta-shikhA-maNiH/16_mAheshvara-sthalAshrita-nava-linga-prasangaH/
१६ वास्तुहोमविधिः 	 sampradAyaH/28-Agama-sampradAyaH/AgamaH/kumAra-tantram/16_vAstuhomavidhiH/
१६ वृषयागः 	 sampradAyaH/vIra-shaivaH/AgamaH/vIrashaiva-vIrAgamaH/16_vRShayAgaH/
१६ शीतकुम्भविधि-पटलः 	 sampradAyaH/28-Agama-sampradAyaH/AgamaH/28/suprabhedAgamaH/1_kriyApAdaH/16_shItakumbhavidhi-paTalaH/
१६ षोढोपनिषत् 	 sampradAyaH/kaulaH_shAktaH/upaniShat/aDyAr-sankalanam/16_ShoDhopaniShat/
17 	 sampradAyaH/kaulaH_shAktaH/sampradAyaH/pUrvAmnAyaH_trikam/tattvam/abhinava-gupta-mUlam/tantrAlokaH/tantra-sAraH/00/Summary/17/
१७ 	 AgamaH/daxiNA-mUrti-saMhitA/17/
१७ 	 AgamaH/jnAnArNavatantram/17/
१७ 	 AgamaH/mAheshvara-tantram/17/
१७ 	 kriyA/bhUta-shuddhi-tantram/17/
१७ 	 sampradAyaH/28-Agama-sampradAyaH/AgamaH/28/sUxmAgamaH/17/
१७ 	 sampradAyaH/28-Agama-sampradAyaH/AgamaH/28/vIrAgamaH/17/
१७ 	 sampradAyaH/28-Agama-sampradAyaH/AgamaH/achintya-vishva-sAd-Akhyam/1_kriyApAdaH/17/
१७ 	 sampradAyaH/28-Agama-sampradAyaH/AgamaH/aMshumat-kAshyapAgamaH/17/
१७ 	 sampradAyaH/28-Agama-sampradAyaH/AgamaH/nishvAsa-kArikA/17/
१७ 	 sampradAyaH/28-Agama-sampradAyaH/AgamaH/sarvajnAnottaraH/03_kriyApAdaH/17/
१७ 	 sampradAyaH/28-Agama-sampradAyaH/AgamaH/yogajAgamaH/17/
१७ 	 sampradAyaH/kaulaH_shAktaH/AgamaH/brahma-yAmala-tantram/daxiNAnubandhaH/17/
१७ 	 sampradAyaH/kaulaH_shAktaH/AgamaH/kulArNava-tantram/17/
१७ 	 sampradAyaH/kaulaH_shAktaH/sampradAyaH/daxiNAmnAyaH_shrI-kulam/vidyAraNyayati-shrI-vidyArNava-tantram/17/
१७ 	 sampradAyaH/kaulaH_shAktaH/sampradAyaH/pUrvAmnAyaH_trikam/00_tantram/mAlinI-vijayottara-tantram/srotaH/paramhaMsa-mishrAnuvAdaH/17/
१७ 	 sampradAyaH/kaulaH_shAktaH/sampradAyaH/pUrvAmnAyaH_trikam/00_tantram/mAlinI-vijayottara-tantram/srotaH/viShnu-datta-Shastry-anuvAdaH/17/
१७ 	 sampradAyaH/kaulaH_shAktaH/sampradAyaH/pUrvAmnAyaH_trikam/00_tantram/netra-tantram/17/
१७ 	 sampradAyaH/kaulaH_shAktaH/sampradAyaH/pUrvAmnAyaH_trikam/tattvam/abhinava-gupta-mUlam/tantrAlokaH/pariShkAryam/chaturvedi-rAdheshyAmaH/p4_11-20/17/
१७ 	 sampradAyaH/kaulaH_shAktaH/sampradAyaH/pUrvAmnAyaH_trikam/tattvam/abhinava-gupta-mUlam/tantrAlokaH/pariShkAryam/paramahaMsa-mishraH/p6_16-27/17/
१७ 	 sampradAyaH/kaulaH_shAktaH/sampradAyaH/pUrvAmnAyaH_trikam/tattvam/abhinava-gupta-mUlam/tantrAlokaH/sarva-prastutiH/17/
१७ 	 sampradAyaH/kaulaH_shAktaH/sampradAyaH/pUrvAmnAyaH_trikam/tattvam/abhinava-gupta-mUlam/tantrAlokaH/tantra-sAraH/mUlam/17/
१७ 	 sampradAyaH/vIra-shaivaH/tattvam/maritoNDAryaH/vIra-shaivAnanda-chandrikA-vAda-kANDaH/17/
17 SANSKIT TOC 	 sampradAyaH/kaulaH_shAktaH/sampradAyaH/pUrvAmnAyaH_trikam/tattvam/abhinava-gupta-mUlam/tantrAlokaH/meta/articles/rastogi-navajIvana-intro/7_APPENDICES/17_SANSKIT_TOC/
17 The Amṛtasiddhi: Haṭhayoga’s Tantric Buddhist Source Text 	 meta/articles/shaivism_and_the_Tantric_Traditions/4_Mantra_Ritual_and_Yoga/17_The_amRtasiddhi_haThayogas_Tantric_Buddhist_Sou/
१७ आषाढ मास पूर्वफल्गुनी 	 sampradAyaH/28-Agama-sampradAyaH/AgamaH/28/kAmikAgamaH/2/17_AShADha_mAsa_pUrvaphalgunI/
१७ ऊर्ध्वाम्नायगणपतिमन्त्रप्रकाशः 	 AgamaH/meru-tantram/17_UrdhvAmnAyagaNapatimantraprakAshaH/
१७ ध्वजारोहणविधिः 	 sampradAyaH/vIra-shaivaH/AgamaH/vIrashaiva-vIrAgamaH/17_dhvajArohaNavidhiH/
१७ पदविन्यासविधिः 	 sampradAyaH/28-Agama-sampradAyaH/AgamaH/28/kAmikAgamaH/1/17_padavinyAsavidhiH/
१७ प्रसादि-स्थलाश्रित-नव-लिङ्ग-प्रसङ्गः 	 sampradAyaH/vIra-shaivaH/tattvam/siddhAnta-shikhA-maNiH/17_prasAdi-sthalAshrita-nava-linga-prasangaH/
17 लिङ्गोद्धरणम् 	 sampradAyaH/kaulaH_shAktaH/sampradAyaH/pUrvAmnAyaH_trikam/tattvam/abhinava-gupta-mUlam/tantrAlokaH/tantra-sAraH/17_lingoddharaNam/
१७ विधि-पटलः 	 sampradAyaH/28-Agama-sampradAyaH/AgamaH/28/suprabhedAgamaH/1_kriyApAdaH/17_vidhi-paTalaH/
१७ शान्तिहोमविधिः 	 sampradAyaH/28-Agama-sampradAyaH/AgamaH/kumAra-tantram/17_shAntihomavidhiH/
17 षडङ्गयोगाधिकारः 	 sampradAyaH/kaulaH_shAktaH/sampradAyaH/pUrvAmnAyaH_trikam/00_tantram/mAlinI-vijayottara-tantram/sarva-prastutiH/17_ShaDangayogAdhikAraH/
१७ सर्वप्रायश्चित्तविधिपटलः 	 sampradAyaH/28-Agama-sampradAyaH/AgamaH/28/svAyambhuvAgamaH/04_prakIrNam/17_sarvaprAyashchittavidhipaTalaH/
१७ सुमुख्युपनिषत् 	 sampradAyaH/kaulaH_shAktaH/upaniShat/aDyAr-sankalanam/17_sumukhyupaniShat/
18 	 sampradAyaH/kaulaH_shAktaH/sampradAyaH/pUrvAmnAyaH_trikam/tattvam/abhinava-gupta-mUlam/tantrAlokaH/tantra-sAraH/00/Summary/18/
१८ 	 AgamaH/daxiNA-mUrti-saMhitA/18/
१८ 	 AgamaH/jnAnArNavatantram/18/
१८ 	 AgamaH/mAheshvara-tantram/18/
१८ 	 sampradAyaH/28-Agama-sampradAyaH/AgamaH/28/sUxmAgamaH/18/
१८ 	 sampradAyaH/28-Agama-sampradAyaH/AgamaH/28/vIrAgamaH/18/
१८ 	 sampradAyaH/28-Agama-sampradAyaH/AgamaH/achintya-vishva-sAd-Akhyam/1_kriyApAdaH/18/
१८ 	 sampradAyaH/28-Agama-sampradAyaH/AgamaH/aMshumat-kAshyapAgamaH/18/
१८ 	 sampradAyaH/28-Agama-sampradAyaH/AgamaH/nishvAsa-kArikA/18/
१८ 	 sampradAyaH/28-Agama-sampradAyaH/AgamaH/sarvajnAnottaraH/03_kriyApAdaH/18/
१८ 	 sampradAyaH/28-Agama-sampradAyaH/AgamaH/yogajAgamaH/18/
१८ 	 sampradAyaH/kaulaH_shAktaH/AgamaH/brahma-yAmala-tantram/daxiNAnubandhaH/18/
१८ 	 sampradAyaH/kaulaH_shAktaH/sampradAyaH/daxiNAmnAyaH_shrI-kulam/vidyAraNyayati-shrI-vidyArNava-tantram/18/
१८ 	 sampradAyaH/kaulaH_shAktaH/sampradAyaH/pUrvAmnAyaH_trikam/00_tantram/mAlinI-vijayottara-tantram/srotaH/paramhaMsa-mishrAnuvAdaH/18/
१८ 	 sampradAyaH/kaulaH_shAktaH/sampradAyaH/pUrvAmnAyaH_trikam/00_tantram/mAlinI-vijayottara-tantram/srotaH/viShnu-datta-Shastry-anuvAdaH/18/
१८ 	 sampradAyaH/kaulaH_shAktaH/sampradAyaH/pUrvAmnAyaH_trikam/00_tantram/netra-tantram/18/
१८ 	 sampradAyaH/kaulaH_shAktaH/sampradAyaH/pUrvAmnAyaH_trikam/tattvam/abhinava-gupta-mUlam/tantrAlokaH/pariShkAryam/chaturvedi-rAdheshyAmaH/p4_11-20/18/
१८ 	 sampradAyaH/kaulaH_shAktaH/sampradAyaH/pUrvAmnAyaH_trikam/tattvam/abhinava-gupta-mUlam/tantrAlokaH/pariShkAryam/paramahaMsa-mishraH/p6_16-27/18/
१८ 	 sampradAyaH/kaulaH_shAktaH/sampradAyaH/pUrvAmnAyaH_trikam/tattvam/abhinava-gupta-mUlam/tantrAlokaH/sarva-prastutiH/18/
१८ 	 sampradAyaH/kaulaH_shAktaH/sampradAyaH/pUrvAmnAyaH_trikam/tattvam/abhinava-gupta-mUlam/tantrAlokaH/tantra-sAraH/mUlam/18/
१८ 	 sampradAyaH/vIra-shaivaH/tattvam/maritoNDAryaH/vIra-shaivAnanda-chandrikA-vAda-kANDaH/18/
18 A Sexual Ritual with Māyā in 	 meta/articles/shaivism_and_the_Tantric_Traditions/4_Mantra_Ritual_and_Yoga/18_A_Sexual_Ritual_with_mAyA_in/
18 nAthas 	 sampradAyaH/kaulaH_shAktaH/sampradAyaH/pashchimAmnAyaH_kubjikA/articles/MT/18_nAthas/
18 WORD-INDEX 	 sampradAyaH/kaulaH_shAktaH/sampradAyaH/pUrvAmnAyaH_trikam/tattvam/abhinava-gupta-mUlam/tantrAlokaH/meta/articles/rastogi-navajIvana-intro/7_APPENDICES/18_WORD-INDEX/
18 अभिषेक-प्रकाशनम् 	 sampradAyaH/kaulaH_shAktaH/sampradAyaH/pUrvAmnAyaH_trikam/tattvam/abhinava-gupta-mUlam/tantrAlokaH/tantra-sAraH/18_abhiSheka-prakAshanam/
१८ कृत्तिकादीपविधि-पटलः 	 sampradAyaH/28-Agama-sampradAyaH/AgamaH/28/suprabhedAgamaH/1_kriyApAdaH/18_kRttikAdIpavidhi-paTalaH/
१८ दिशाहोमविधिः 	 sampradAyaH/28-Agama-sampradAyaH/AgamaH/kumAra-tantram/18_dishAhomavidhiH/
18 परमविद्याधिकारः 	 sampradAyaH/kaulaH_shAktaH/sampradAyaH/pUrvAmnAyaH_trikam/00_tantram/mAlinI-vijayottara-tantram/sarva-prastutiH/18_paramavidyAdhikAraH/
१८ पूर्वाम्नायगणपतिमन्त्रप्रकाशः 	 AgamaH/meru-tantram/18_pUrvAmnAyagaNapatimantraprakAshaH/
१८ प्राण-लिङ्गि-स्थल-विषय-नव-विध-लिङ्ग-प्रसङ्गः 	 sampradAyaH/vIra-shaivaH/tattvam/siddhAnta-shikhA-maNiH/18_prANa-lingi-sthala-viShaya-nava-vidha-linga-pra/
१८ भेरीताडनम् 	 sampradAyaH/vIra-shaivaH/AgamaH/vIrashaiva-vIrAgamaH/18_bherItADanam/
१८ श्रावणमासे पवित्रारोहण-विधिः 	 sampradAyaH/28-Agama-sampradAyaH/AgamaH/28/kAmikAgamaH/2/18_shrAvaNamAse_pavitrArohaNa-vidhiH/
१८ संकोचविधिपटलः 	 sampradAyaH/28-Agama-sampradAyaH/AgamaH/28/svAyambhuvAgamaH/04_prakIrNam/18_saMkochavidhipaTalaH/
१८ सङ्क्षेपेण भूतशुद्धिविवरणम् 	 kriyA/bhUta-shuddhi-tantram/18_sanxepeNa_bhUtashuddhivivaraNam/
१८ सूत्रनिर्माणविधिः 	 sampradAyaH/28-Agama-sampradAyaH/AgamaH/28/kAmikAgamaH/1/18_sUtranirmANavidhiH/
१८ हंसषोढोपनिषत् 	 sampradAyaH/kaulaH_shAktaH/upaniShat/aDyAr-sankalanam/18_haMsaShoDhopaniShat/
19 	 sampradAyaH/kaulaH_shAktaH/sampradAyaH/pUrvAmnAyaH_trikam/tattvam/abhinava-gupta-mUlam/tantrAlokaH/tantra-sAraH/00/Summary/19/
१९ 	 AgamaH/daxiNA-mUrti-saMhitA/19/
१९ 	 AgamaH/jnAnArNavatantram/19/
१९ 	 AgamaH/mAheshvara-tantram/19/
१९ 	 sampradAyaH/28-Agama-sampradAyaH/AgamaH/28/sUxmAgamaH/19/
१९ 	 sampradAyaH/28-Agama-sampradAyaH/AgamaH/28/vIrAgamaH/19/
१९ 	 sampradAyaH/28-Agama-sampradAyaH/AgamaH/achintya-vishva-sAd-Akhyam/1_kriyApAdaH/19/
१९ 	 sampradAyaH/28-Agama-sampradAyaH/AgamaH/aMshumat-kAshyapAgamaH/19/
१९ 	 sampradAyaH/28-Agama-sampradAyaH/AgamaH/nishvAsa-kArikA/19/
१९ 	 sampradAyaH/28-Agama-sampradAyaH/AgamaH/sarvajnAnottaraH/03_kriyApAdaH/19/
१९ 	 sampradAyaH/28-Agama-sampradAyaH/AgamaH/yogajAgamaH/19/
१९ 	 sampradAyaH/kaulaH_shAktaH/AgamaH/brahma-yAmala-tantram/daxiNAnubandhaH/19/
१९ 	 sampradAyaH/kaulaH_shAktaH/sampradAyaH/pUrvAmnAyaH_trikam/00_tantram/mAlinI-vijayottara-tantram/srotaH/viShnu-datta-Shastry-anuvAdaH/19/
१९ 	 sampradAyaH/kaulaH_shAktaH/sampradAyaH/pUrvAmnAyaH_trikam/00_tantram/netra-tantram/19/
१९ 	 sampradAyaH/kaulaH_shAktaH/sampradAyaH/pUrvAmnAyaH_trikam/tattvam/abhinava-gupta-mUlam/tantrAlokaH/pariShkAryam/chaturvedi-rAdheshyAmaH/p4_11-20/19/
१९ 	 sampradAyaH/kaulaH_shAktaH/sampradAyaH/pUrvAmnAyaH_trikam/tattvam/abhinava-gupta-mUlam/tantrAlokaH/pariShkAryam/paramahaMsa-mishraH/p6_16-27/19/
१९ 	 sampradAyaH/kaulaH_shAktaH/sampradAyaH/pUrvAmnAyaH_trikam/tattvam/abhinava-gupta-mUlam/tantrAlokaH/sarva-prastutiH/19/
१९ 	 sampradAyaH/kaulaH_shAktaH/sampradAyaH/pUrvAmnAyaH_trikam/tattvam/abhinava-gupta-mUlam/tantrAlokaH/tantra-sAraH/mUlam/19/
१९ 	 sampradAyaH/vIra-shaivaH/tattvam/maritoNDAryaH/vIra-shaivAnanda-chandrikA-vAda-kANDaH/19/
19 CORRECTIONS 	 sampradAyaH/kaulaH_shAktaH/sampradAyaH/pUrvAmnAyaH_trikam/tattvam/abhinava-gupta-mUlam/tantrAlokaH/meta/articles/rastogi-navajIvana-intro/7_APPENDICES/19_CORRECTIONS/
19 Haṭhayoga’s Floruit on the Eve of Colonialism Jason Birch 	 meta/articles/shaivism_and_the_Tantric_Traditions/4_Mantra_Ritual_and_Yoga/19_haThayogas_Floruit_on_the_Eve_of_Colonialism_Ja/
१९ अरुणपूजाविधिपटलः 	 sampradAyaH/28-Agama-sampradAyaH/AgamaH/28/svAyambhuvAgamaH/04_prakIrNam/19_aruNapUjAvidhipaTalaH/
१९ आषाढपूरकर्मविधि-पटलः 	 sampradAyaH/28-Agama-sampradAyaH/AgamaH/28/suprabhedAgamaH/1_kriyApAdaH/19_AShADhapUrakarmavidhi-paTalaH/
19 कुलचक्राधिकारः 	 sampradAyaH/kaulaH_shAktaH/sampradAyaH/pUrvAmnAyaH_trikam/00_tantram/mAlinI-vijayottara-tantram/sarva-prastutiH/19_kulachakrAdhikAraH/
१९ नवनैवेद्यविधिः 	 sampradAyaH/28-Agama-sampradAyaH/AgamaH/28/kAmikAgamaH/2/19_navanaivedyavidhiH/
१९ पश्चिमाम्नाय-गणपतिमन्त्रकथनम् 	 AgamaH/meru-tantram/19_pashchimAmnAya-gaNapatimantrakathanam/
१९ मूर्तिहोमविधिः 	 sampradAyaH/28-Agama-sampradAyaH/AgamaH/kumAra-tantram/19_mUrtihomavidhiH/
१९ वास्तुदेवबलिविधिः 	 sampradAyaH/28-Agama-sampradAyaH/AgamaH/28/kAmikAgamaH/1/19_vAstudevabalividhiH/
१९ शरण-स्थल-विषय-द्वा-दश-विध-लिङ्ग-प्रसङ्गः 	 sampradAyaH/vIra-shaivaH/tattvam/siddhAnta-shikhA-maNiH/19_sharaNa-sthala-viShaya-dvA-dasha-vidha-linga-pr/
19 श्राद्ध-दीक्षा 	 sampradAyaH/kaulaH_shAktaH/sampradAyaH/pUrvAmnAyaH_trikam/tattvam/abhinava-gupta-mUlam/tantrAlokaH/tantra-sAraH/19_shrAddha-dIxA/
1st person rudra experience 	 meta/articles/MT/first-person-rudra-experience/
2 	 sampradAyaH/kaulaH_shAktaH/sampradAyaH/daxiNAmnAyaH_shrI-kulam/AgamaH/yoginI-hRdayam/padoux-jeanty/0/notes/2/
२ 	 sampradAyaH/28-Agama-sampradAyaH/AgamaH/28/kiraNAgamaH/vidyA-pAdaH/sarva-prastutiH/2/
२ 	 sampradAyaH/kaulaH_shAktaH/sampradAyaH/daxiNAmnAyaH_shrI-kulam/AgamaH/nityA-ShoDashikArNavaH/bhAskara-rAya-TIkA/2/
२ 	 sampradAyaH/kaulaH_shAktaH/sampradAyaH/pUrvAmnAyaH_trikam/tattvam/praty-abhijnA/somAnanda-shivadRShTiH/2/
२ 	 sampradAyaH/kaulaH_shAktaH/sampradAyaH/pUrvAmnAyaH_trikam/tattvam/praty-abhijnA/utpala-devaH_Ishvara-pratyabhiJNA-kArikA/abhinava-gupta-vimarshinI/bhAskarakaNTha-TIkA/1_jnAnAdhikAraH/2/
२ 	 sampradAyaH/kaulaH_shAktaH/sampradAyaH/pUrvAmnAyaH_trikam/tattvam/praty-abhijnA/utpala-devaH_Ishvara-pratyabhiJNA-kArikA/abhinava-gupta-vimarshinI/bhAskarakaNTha-TIkA/2_kriyAdhikAraH/2/
२ 	 sampradAyaH/kaulaH_shAktaH/sampradAyaH/pUrvAmnAyaH_trikam/tattvam/praty-abhijnA/utpala-devaH_Ishvara-pratyabhiJNA-kArikA/abhinava-gupta-vimarshinI/bhAskarakaNTha-TIkA/3_AgamAdhikAraH/2/
२ 	 sampradAyaH/kaulaH_shAktaH/sampradAyaH/pUrvAmnAyaH_trikam/tattvam/praty-abhijnA/utpala-devaH_Ishvara-pratyabhiJNA-kArikA/vRttiH/mUlam/1_jnAnAdhikAraH/2/
२ 	 sampradAyaH/kaulaH_shAktaH/sampradAyaH/pUrvAmnAyaH_trikam/tattvam/praty-abhijnA/utpala-devaH_Ishvara-pratyabhiJNA-kArikA/vRttiH/mUlam/2_kriyAdhikAraH/2/
२ 	 sampradAyaH/kaulaH_shAktaH/sampradAyaH/pUrvAmnAyaH_trikam/tattvam/praty-abhijnA/utpala-devaH_Ishvara-pratyabhiJNA-kArikA/vRttiH/mUlam/3_AgamAdhikAraH/2/
२ 	 shiva-sUtrANi/kShemarAja-vimarshinI/2/
२ 	 shiva-sUtrANi/mUlam/2/
२ 	 shiva-sUtrANi/viShaya-sangrahaH/2/
2 ABOUT THE AUTHOR ABHINAVAGUPTA 	 sampradAyaH/kaulaH_shAktaH/sampradAyaH/pUrvAmnAyaH_trikam/tattvam/abhinava-gupta-mUlam/tantrAlokaH/meta/articles/rastogi-navajIvana-intro/2_ABOUT_THE_AUTHOR_ABHINAVAGUPTA/
2 Encounter in the Mantra 	 sampradAyaH/kaulaH_shAktaH/sampradAyaH/daxiNAmnAyaH_shrI-kulam/AgamaH/yoginI-hRdayam/padoux-jeanty/2_encounter_in_the_mantra/
2 Oscillation in the Ritual Universe 	 meta/articles/davis_on_ritual/2_Oscillation_in_the_Ritual_Universe/
2 Why Are the Skull-Bearers (Kāpālikas) Called Soma? 	 meta/articles/shaivism_and_the_Tantric_Traditions/1_Early_shaivism/2_Why_Are_the_Skull-Bearers_kApAlikas_Called_Soma/
२ आमुख 	 sampradAyaH/kaulaH_shAktaH/sampradAyaH/pUrvAmnAyaH_trikam/articles/rastogi-navajIvanaH/pramANa-chintana/0/2_Amukha/
२ ईश्वरपरीक्षा 	 sampradAyaH/28-Agama-sampradAyaH/tattvam/sampradAyaH/aShTa-prakaraNa-shAkhA/aShTa_prakaraNAni/sadyo-jyotiH/nareshvara-parIxA/2_IshvaraparIxA/
२ कालचक्रविधि-पटलः 	 sampradAyaH/28-Agama-sampradAyaH/AgamaH/28/suprabhedAgamaH/3_yogapAdaH/2_kAlachakravidhi-paTalaH/
२ कुण्डलि-पटलः 	 sampradAyaH/28-Agama-sampradAyaH/tattvam/jnAnaprakAshaH/pauShkara-vRttiH/2_kuNDali-paTalaH/
२ क्रियाधिकारः 	 sampradAyaH/kaulaH_shAktaH/sampradAyaH/pUrvAmnAyaH_trikam/tattvam/praty-abhijnA/utpala-devaH_Ishvara-pratyabhiJNA-kArikA/abhinava-gupta-vimarshinI/vyAkhyAntaram/2_kriyAdhikAraH/
२ क्रियापादः 	 sampradAyaH/28-Agama-sampradAyaH/tattvam/sampradAyaH/aShTa-prakaraNa-shAkhA/parichaya-sanxepaH/trilochana-shiva-siddhAnta-sArAvaliH/sarva-prastutiH/2_kriyApAdaH/
२ पशुसृष्टिविधि-पटलः 	 sampradAyaH/28-Agama-sampradAyaH/AgamaH/28/suprabhedAgamaH/4_jnAnapAdaH/2_pashusRShTividhi-paTalaH/
२ प्रमाण-चिन्तन 	 sampradAyaH/kaulaH_shAktaH/sampradAyaH/pUrvAmnAyaH_trikam/articles/rastogi-navajIvanaH/pramANa-chintana/1_pramANa/2_pramANa-chintana/
२ मन्त्रः 	 sampradAyaH/kaulaH_shAktaH/sampradAyaH/daxiNAmnAyaH_shrI-kulam/AgamaH/yoginI-hRdayam/sarva-prastutiH/2_mantraH/
२ योगपादः 	 sampradAyaH/28-Agama-sampradAyaH/AgamaH/mRgendrAgamaH/sarva-prastutiH/2_yogapAdaH/
२ सहजविद्योदयः 	 shiva-sUtrANi/vasugupta-vArttikam/2_sahajavidyodayaH/
2\ Sarva-Siddhānta-Vivēka 	 meta/articles/nAgasvAmI/bhairava-art-religion/2_Sarva-SiddhAnta-Viveka/
20 	 sampradAyaH/kaulaH_shAktaH/sampradAyaH/pUrvAmnAyaH_trikam/tattvam/abhinava-gupta-mUlam/tantrAlokaH/tantra-sAraH/00/Summary/20/
२० 	 AgamaH/daxiNA-mUrti-saMhitA/20/
२० 	 AgamaH/jnAnArNavatantram/20/
२० 	 AgamaH/mAheshvara-tantram/20/
२० 	 sampradAyaH/28-Agama-sampradAyaH/AgamaH/28/sUxmAgamaH/20/
२० 	 sampradAyaH/28-Agama-sampradAyaH/AgamaH/28/vIrAgamaH/20/
२० 	 sampradAyaH/28-Agama-sampradAyaH/AgamaH/achintya-vishva-sAd-Akhyam/1_kriyApAdaH/20/
२० 	 sampradAyaH/28-Agama-sampradAyaH/AgamaH/aMshumat-kAshyapAgamaH/20/
२० 	 sampradAyaH/28-Agama-sampradAyaH/AgamaH/nishvAsa-kArikA/20/
२० 	 sampradAyaH/28-Agama-sampradAyaH/AgamaH/sarvajnAnottaraH/03_kriyApAdaH/20/
२० 	 sampradAyaH/28-Agama-sampradAyaH/AgamaH/yogajAgamaH/20/
२० 	 sampradAyaH/kaulaH_shAktaH/AgamaH/brahma-yAmala-tantram/daxiNAnubandhaH/20/
२० 	 sampradAyaH/kaulaH_shAktaH/sampradAyaH/pUrvAmnAyaH_trikam/00_tantram/mAlinI-vijayottara-tantram/srotaH/paramhaMsa-mishrAnuvAdaH/20/
२० 	 sampradAyaH/kaulaH_shAktaH/sampradAyaH/pUrvAmnAyaH_trikam/00_tantram/mAlinI-vijayottara-tantram/srotaH/viShnu-datta-Shastry-anuvAdaH/20/
२० 	 sampradAyaH/kaulaH_shAktaH/sampradAyaH/pUrvAmnAyaH_trikam/00_tantram/netra-tantram/20/
२० 	 sampradAyaH/kaulaH_shAktaH/sampradAyaH/pUrvAmnAyaH_trikam/tattvam/abhinava-gupta-mUlam/tantrAlokaH/pariShkAryam/chaturvedi-rAdheshyAmaH/p4_11-20/20/
२० 	 sampradAyaH/kaulaH_shAktaH/sampradAyaH/pUrvAmnAyaH_trikam/tattvam/abhinava-gupta-mUlam/tantrAlokaH/pariShkAryam/paramahaMsa-mishraH/p6_16-27/20/
२० 	 sampradAyaH/kaulaH_shAktaH/sampradAyaH/pUrvAmnAyaH_trikam/tattvam/abhinava-gupta-mUlam/tantrAlokaH/sarva-prastutiH/20/
२० 	 sampradAyaH/kaulaH_shAktaH/sampradAyaH/pUrvAmnAyaH_trikam/tattvam/abhinava-gupta-mUlam/tantrAlokaH/tantra-sAraH/mUlam/20/
२० 	 sampradAyaH/vIra-shaivaH/tattvam/maritoNDAryaH/vIra-shaivAnanda-chandrikA-vAda-kANDaH/20/
20 KSTS TO MLBD TABLE OF CONVERSION 	 sampradAyaH/kaulaH_shAktaH/sampradAyaH/pUrvAmnAyaH_trikam/tattvam/abhinava-gupta-mUlam/tantrAlokaH/meta/articles/rastogi-navajIvana-intro/7_APPENDICES/20_KSTS_TO_MLBD_TABLE/
20 The Early Śaiva Maṭha: Form and Function 	 meta/articles/shaivism_and_the_Tantric_Traditions/5_Art_and_Architecture/20_The_Early_shaiva_maTha_Form_and_Function/
२० उत्तराम्नाय-गणपति-मन्त्र-कथनं 	 AgamaH/meru-tantram/20_uttarAmnAya-gaNapati-mantra-kathanaM/
२० उत्सवविधिपटलः 	 sampradAyaH/28-Agama-sampradAyaH/AgamaH/28/svAyambhuvAgamaH/04_prakIrNam/20_utsavavidhipaTalaH/
२० ग्रामादिलक्षणविधिः 	 sampradAyaH/28-Agama-sampradAyaH/AgamaH/28/kAmikAgamaH/1/20_grAmAdilaxaNavidhiH/
२० पञ्चगव्यविधिः 	 sampradAyaH/28-Agama-sampradAyaH/AgamaH/kumAra-tantram/20_panchagavyavidhiH/
२० फलपाकविधि-पटलः 	 sampradAyaH/28-Agama-sampradAyaH/AgamaH/28/suprabhedAgamaH/1_kriyApAdaH/20_phalapAkavidhi-paTalaH/
२० शिवैक्य-स्थल-विषय-नव-विध-लिङ्ग-प्रसङ्गः 	 sampradAyaH/vIra-shaivaH/tattvam/siddhAnta-shikhA-maNiH/20_shivaikya-sthala-viShaya-nava-vidha-linga-prasa/
20 शेष-वर्तन-प्रकाशनम् 	 sampradAyaH/kaulaH_shAktaH/sampradAyaH/pUrvAmnAyaH_trikam/tattvam/abhinava-gupta-mUlam/tantrAlokaH/tantra-sAraH/20_sheSha-vartana-prakAshanam/
२० समयविशेषदीक्षा-विधिः 	 sampradAyaH/28-Agama-sampradAyaH/AgamaH/28/kAmikAgamaH/2/20_samayavisheShadIxA-vidhiH/
20 सर्वमन्त्रनिर्णयः 	 sampradAyaH/kaulaH_shAktaH/sampradAyaH/pUrvAmnAyaH_trikam/00_tantram/mAlinI-vijayottara-tantram/sarva-prastutiH/20_sarvamantranirNayaH/
21 	 sampradAyaH/kaulaH_shAktaH/sampradAyaH/pUrvAmnAyaH_trikam/tattvam/abhinava-gupta-mUlam/tantrAlokaH/tantra-sAraH/00/Summary/21/
२१ 	 AgamaH/daxiNA-mUrti-saMhitA/21/
२१ 	 AgamaH/jnAnArNavatantram/21/
२१ 	 AgamaH/mAheshvara-tantram/21/
२१ 	 sampradAyaH/28-Agama-sampradAyaH/AgamaH/28/sUxmAgamaH/21/
२१ 	 sampradAyaH/28-Agama-sampradAyaH/AgamaH/28/vIrAgamaH/21/
२१ 	 sampradAyaH/28-Agama-sampradAyaH/AgamaH/achintya-vishva-sAd-Akhyam/1_kriyApAdaH/21/
२१ 	 sampradAyaH/28-Agama-sampradAyaH/AgamaH/aMshumat-kAshyapAgamaH/21/
२१ 	 sampradAyaH/28-Agama-sampradAyaH/AgamaH/nishvAsa-kArikA/21/
२१ 	 sampradAyaH/28-Agama-sampradAyaH/AgamaH/sarvajnAnottaraH/03_kriyApAdaH/21/
२१ 	 sampradAyaH/28-Agama-sampradAyaH/AgamaH/yogajAgamaH/21/
२१ 	 sampradAyaH/kaulaH_shAktaH/AgamaH/brahma-yAmala-tantram/daxiNAnubandhaH/21/
२१ 	 sampradAyaH/kaulaH_shAktaH/sampradAyaH/pUrvAmnAyaH_trikam/00_tantram/mAlinI-vijayottara-tantram/srotaH/paramhaMsa-mishrAnuvAdaH/21/
२१ 	 sampradAyaH/kaulaH_shAktaH/sampradAyaH/pUrvAmnAyaH_trikam/00_tantram/mAlinI-vijayottara-tantram/srotaH/viShnu-datta-Shastry-anuvAdaH/21/
२१ 	 sampradAyaH/kaulaH_shAktaH/sampradAyaH/pUrvAmnAyaH_trikam/00_tantram/netra-tantram/21/
२१ 	 sampradAyaH/kaulaH_shAktaH/sampradAyaH/pUrvAmnAyaH_trikam/tattvam/abhinava-gupta-mUlam/tantrAlokaH/pariShkAryam/chaturvedi-rAdheshyAmaH/p5_21-37/21/
२१ 	 sampradAyaH/kaulaH_shAktaH/sampradAyaH/pUrvAmnAyaH_trikam/tattvam/abhinava-gupta-mUlam/tantrAlokaH/pariShkAryam/paramahaMsa-mishraH/p6_16-27/21/
२१ 	 sampradAyaH/kaulaH_shAktaH/sampradAyaH/pUrvAmnAyaH_trikam/tattvam/abhinava-gupta-mUlam/tantrAlokaH/sarva-prastutiH/21/
२१ 	 sampradAyaH/kaulaH_shAktaH/sampradAyaH/pUrvAmnAyaH_trikam/tattvam/abhinava-gupta-mUlam/tantrAlokaH/tantra-sAraH/mUlam/21/
२१ 	 sampradAyaH/vIra-shaivaH/tattvam/maritoNDAryaH/vIra-shaivAnanda-chandrikA-vAda-kANDaH/21/
21 Kriyāsaṃgrahapañjikā 	 meta/articles/shaivism_and_the_Tantric_Traditions/5_Art_and_Architecture/21_kriyAsaMgrahapanjikA/
21 आगम-प्रामाण्य-प्रकाशनम् 	 sampradAyaH/kaulaH_shAktaH/sampradAyaH/pUrvAmnAyaH_trikam/tattvam/abhinava-gupta-mUlam/tantrAlokaH/tantra-sAraH/21_Agama-prAmANya-prakAshanam/
२१ आचार्यलक्षण-पटलः 	 sampradAyaH/28-Agama-sampradAyaH/AgamaH/28/suprabhedAgamaH/1_kriyApAdaH/21_AchAryalaxaNa-paTalaH/
21 चन्द्राकृष्ट्यधिकारः 	 sampradAyaH/kaulaH_shAktaH/sampradAyaH/pUrvAmnAyaH_trikam/00_tantram/mAlinI-vijayottara-tantram/sarva-prastutiH/21_chandrAkRShTyadhikAraH/
२१ पञ्चामृतविधिः 	 sampradAyaH/28-Agama-sampradAyaH/AgamaH/kumAra-tantram/21_panchAmRtavidhiH/
२१ रेणुक-शिव-लिङ्गैक्य-प्रसङ्गः 	 sampradAyaH/vIra-shaivaH/tattvam/siddhAnta-shikhA-maNiH/21_reNuka-shiva-lingaikya-prasangaH/
२१ विस्तारायामलक्षणविधिः 	 sampradAyaH/28-Agama-sampradAyaH/AgamaH/28/kAmikAgamaH/1/21_vistArAyAmalaxaNavidhiH/
२१ शक्त्युत्सवविधिपटलः 	 sampradAyaH/28-Agama-sampradAyaH/AgamaH/28/svAyambhuvAgamaH/04_prakIrNam/21_shaktyutsavavidhipaTalaH/
२१ सूर्य्यमन्त्रप्रकाशः 	 AgamaH/meru-tantram/21_sUryyamantraprakAshaH/
२१ स्थालीपाकविधिः 	 sampradAyaH/28-Agama-sampradAyaH/AgamaH/28/kAmikAgamaH/2/21_sthAlIpAkavidhiH/
22 	 sampradAyaH/kaulaH_shAktaH/sampradAyaH/pUrvAmnAyaH_trikam/tattvam/abhinava-gupta-mUlam/tantrAlokaH/tantra-sAraH/00/Summary/22/
२२ 	 AgamaH/daxiNA-mUrti-saMhitA/22/
२२ 	 AgamaH/jnAnArNavatantram/22/
२२ 	 AgamaH/mAheshvara-tantram/22/
२२ 	 sampradAyaH/28-Agama-sampradAyaH/AgamaH/28/sUxmAgamaH/22/
२२ 	 sampradAyaH/28-Agama-sampradAyaH/AgamaH/28/vIrAgamaH/22/
२२ 	 sampradAyaH/28-Agama-sampradAyaH/AgamaH/achintya-vishva-sAd-Akhyam/1_kriyApAdaH/22/
२२ 	 sampradAyaH/28-Agama-sampradAyaH/AgamaH/aMshumat-kAshyapAgamaH/22/
२२ 	 sampradAyaH/28-Agama-sampradAyaH/AgamaH/nishvAsa-kArikA/22/
२२ 	 sampradAyaH/28-Agama-sampradAyaH/AgamaH/sarvajnAnottaraH/03_kriyApAdaH/22/
२२ 	 sampradAyaH/28-Agama-sampradAyaH/AgamaH/yogajAgamaH/22/
२२ 	 sampradAyaH/kaulaH_shAktaH/AgamaH/brahma-yAmala-tantram/daxiNAnubandhaH/22/
२२ 	 sampradAyaH/kaulaH_shAktaH/sampradAyaH/pUrvAmnAyaH_trikam/00_tantram/mAlinI-vijayottara-tantram/srotaH/paramhaMsa-mishrAnuvAdaH/22/
२२ 	 sampradAyaH/kaulaH_shAktaH/sampradAyaH/pUrvAmnAyaH_trikam/00_tantram/mAlinI-vijayottara-tantram/srotaH/viShnu-datta-Shastry-anuvAdaH/22/
२२ 	 sampradAyaH/kaulaH_shAktaH/sampradAyaH/pUrvAmnAyaH_trikam/00_tantram/netra-tantram/22/
२२ 	 sampradAyaH/kaulaH_shAktaH/sampradAyaH/pUrvAmnAyaH_trikam/tattvam/abhinava-gupta-mUlam/tantrAlokaH/pariShkAryam/chaturvedi-rAdheshyAmaH/p5_21-37/22/
२२ 	 sampradAyaH/kaulaH_shAktaH/sampradAyaH/pUrvAmnAyaH_trikam/tattvam/abhinava-gupta-mUlam/tantrAlokaH/pariShkAryam/paramahaMsa-mishraH/p6_16-27/22/
२२ 	 sampradAyaH/kaulaH_shAktaH/sampradAyaH/pUrvAmnAyaH_trikam/tattvam/abhinava-gupta-mUlam/tantrAlokaH/sarva-prastutiH/22/
२२ 	 sampradAyaH/kaulaH_shAktaH/sampradAyaH/pUrvAmnAyaH_trikam/tattvam/abhinava-gupta-mUlam/tantrAlokaH/tantra-sAraH/mUlam/22/
२२ 	 sampradAyaH/vIra-shaivaH/tattvam/maritoNDAryaH/vIra-shaivAnanda-chandrikA-vAda-kANDaH/22/
22 Mañjuśrī as Ādibuddha: The Identity of an Eight armed Form of Mañjuśrī Found in Early Western Himalayan Buddhist Art in the Light of Three Nāmasaṃgīti-Related Texts 	 meta/articles/shaivism_and_the_Tantric_Traditions/5_Art_and_Architecture/22_manjushrI_as_Adibuddha_The_Identity_of_an_Eight/
२२ आयादिलक्षणविधिः 	 sampradAyaH/28-Agama-sampradAyaH/AgamaH/28/kAmikAgamaH/1/22_AyAdilaxaNavidhiH/
२२ करणाधिकारलक्षण-पटलः 	 sampradAyaH/28-Agama-sampradAyaH/AgamaH/28/suprabhedAgamaH/1_kriyApAdaH/22_karaNAdhikAralaxaNa-paTalaH/
22 कुल-याग-प्रकाशनम् 	 sampradAyaH/kaulaH_shAktaH/sampradAyaH/pUrvAmnAyaH_trikam/tattvam/abhinava-gupta-mUlam/tantrAlokaH/tantra-sAraH/22_kula-yAga-prakAshanam/
२२ नवग्रहप्रकाशः 	 AgamaH/meru-tantram/22_navagrahaprakAshaH/
२२ बालस्थापनविधिः 	 sampradAyaH/28-Agama-sampradAyaH/AgamaH/kumAra-tantram/22_bAlasthApanavidhiH/
२२ वैवाह्यविधिपटलः 	 sampradAyaH/28-Agama-sampradAyaH/AgamaH/28/svAyambhuvAgamaH/04_prakIrNam/22_vaivAhyavidhipaTalaH/
22 सूर्याकृष्ट्यधिकारः 	 sampradAyaH/kaulaH_shAktaH/sampradAyaH/pUrvAmnAyaH_trikam/00_tantram/mAlinI-vijayottara-tantram/sarva-prastutiH/22_sUryAkRShTyadhikAraH/
२२ स्वप्नाध्यायविधिः 	 sampradAyaH/28-Agama-sampradAyaH/AgamaH/28/kAmikAgamaH/2/22_svapnAdhyAyavidhiH/
२३ 	 AgamaH/daxiNA-mUrti-saMhitA/23/
२३ 	 AgamaH/jnAnArNavatantram/23/
२३ 	 AgamaH/mAheshvara-tantram/23/
२३ 	 sampradAyaH/28-Agama-sampradAyaH/AgamaH/28/sUxmAgamaH/23/
२३ 	 sampradAyaH/28-Agama-sampradAyaH/AgamaH/28/vIrAgamaH/23/
२३ 	 sampradAyaH/28-Agama-sampradAyaH/AgamaH/achintya-vishva-sAd-Akhyam/1_kriyApAdaH/23/
२३ 	 sampradAyaH/28-Agama-sampradAyaH/AgamaH/aMshumat-kAshyapAgamaH/23/
२३ 	 sampradAyaH/28-Agama-sampradAyaH/AgamaH/nishvAsa-kArikA/23/
२३ 	 sampradAyaH/28-Agama-sampradAyaH/AgamaH/sarvajnAnottaraH/03_kriyApAdaH/23/
२३ 	 sampradAyaH/28-Agama-sampradAyaH/AgamaH/yogajAgamaH/23/
२३ 	 sampradAyaH/kaulaH_shAktaH/AgamaH/brahma-yAmala-tantram/daxiNAnubandhaH/23/
२३ 	 sampradAyaH/kaulaH_shAktaH/sampradAyaH/pUrvAmnAyaH_trikam/00_tantram/mAlinI-vijayottara-tantram/srotaH/viShnu-datta-Shastry-anuvAdaH/23/
२३ 	 sampradAyaH/kaulaH_shAktaH/sampradAyaH/pUrvAmnAyaH_trikam/tattvam/abhinava-gupta-mUlam/tantrAlokaH/pariShkAryam/chaturvedi-rAdheshyAmaH/p5_21-37/23/
२३ 	 sampradAyaH/kaulaH_shAktaH/sampradAyaH/pUrvAmnAyaH_trikam/tattvam/abhinava-gupta-mUlam/tantrAlokaH/pariShkAryam/paramahaMsa-mishraH/p6_16-27/23/
२३ 	 sampradAyaH/kaulaH_shAktaH/sampradAyaH/pUrvAmnAyaH_trikam/tattvam/abhinava-gupta-mUlam/tantrAlokaH/sarva-prastutiH/23/
२३ 	 sampradAyaH/vIra-shaivaH/tattvam/maritoNDAryaH/vIra-shaivAnanda-chandrikA-vAda-kANDaH/23/
23 Life and Afterlife of Sādṛśya: Revisiting the Citrasūtra through the Nationalism-Naturalism Debate in Indian Art History 	 meta/articles/shaivism_and_the_Tantric_Traditions/5_Art_and_Architecture/23_Life_and_Afterlife_of_sAdRshya_Revisiting_the_c/
23 अन्तिमः 	 sampradAyaH/kaulaH_shAktaH/sampradAyaH/pUrvAmnAyaH_trikam/00_tantram/mAlinI-vijayottara-tantram/sarva-prastutiH/23_antimaH/
२३ ग्रामादिलक्षण-पटलः 	 sampradAyaH/28-Agama-sampradAyaH/AgamaH/28/suprabhedAgamaH/1_kriyApAdaH/23_grAmAdilaxaNa-paTalaH/
२३ नक्षत्रचक्रविधिः 	 sampradAyaH/28-Agama-sampradAyaH/AgamaH/28/kAmikAgamaH/1/23_naxatrachakravidhiH/
२३ निर्वाण-दीक्षा-विधिः 	 sampradAyaH/28-Agama-sampradAyaH/AgamaH/28/kAmikAgamaH/2/23_nirvANa-dIxA-vidhiH/
२३ ब्राह्माद्यष्टमातृकामन्त्रप्रकाशस् 	 AgamaH/meru-tantram/23_brAhmAdyaShTamAtRkAmantraprakAshas/
२३ सम्प्रोक्षणविधिः 	 sampradAyaH/28-Agama-sampradAyaH/AgamaH/kumAra-tantram/23_samproxaNavidhiH/
२३ स्नानविधिपटलः 	 sampradAyaH/28-Agama-sampradAyaH/AgamaH/28/svAyambhuvAgamaH/04_prakIrNam/23_snAnavidhipaTalaH/
२४ 	 AgamaH/daxiNA-mUrti-saMhitA/24/
२४ 	 AgamaH/jnAnArNavatantram/24/
२४ 	 AgamaH/mAheshvara-tantram/24/
२४ 	 sampradAyaH/28-Agama-sampradAyaH/AgamaH/28/sUxmAgamaH/24/
२४ 	 sampradAyaH/28-Agama-sampradAyaH/AgamaH/28/vIrAgamaH/24/
२४ 	 sampradAyaH/28-Agama-sampradAyaH/AgamaH/achintya-vishva-sAd-Akhyam/1_kriyApAdaH/24/
२४ 	 sampradAyaH/28-Agama-sampradAyaH/AgamaH/aMshumat-kAshyapAgamaH/24/
२४ 	 sampradAyaH/28-Agama-sampradAyaH/AgamaH/nishvAsa-kArikA/24/
२४ 	 sampradAyaH/28-Agama-sampradAyaH/AgamaH/sarvajnAnottaraH/03_kriyApAdaH/24/
२४ 	 sampradAyaH/28-Agama-sampradAyaH/AgamaH/yogajAgamaH/24/
२४ 	 sampradAyaH/kaulaH_shAktaH/AgamaH/brahma-yAmala-tantram/daxiNAnubandhaH/24/
२४ 	 sampradAyaH/kaulaH_shAktaH/sampradAyaH/pUrvAmnAyaH_trikam/tattvam/abhinava-gupta-mUlam/tantrAlokaH/pariShkAryam/chaturvedi-rAdheshyAmaH/p5_21-37/24/
२४ 	 sampradAyaH/kaulaH_shAktaH/sampradAyaH/pUrvAmnAyaH_trikam/tattvam/abhinava-gupta-mUlam/tantrAlokaH/pariShkAryam/paramahaMsa-mishraH/p6_16-27/24/
२४ 	 sampradAyaH/kaulaH_shAktaH/sampradAyaH/pUrvAmnAyaH_trikam/tattvam/abhinava-gupta-mUlam/tantrAlokaH/sarva-prastutiH/24/
२४ 	 sampradAyaH/vIra-shaivaH/tattvam/maritoNDAryaH/vIra-shaivAnanda-chandrikA-vAda-kANDaH/24/
२४ आचार्याभिषेक-विधिः 	 sampradAyaH/28-Agama-sampradAyaH/AgamaH/28/kAmikAgamaH/2/24_AchAryAbhiSheka-vidhiH/
२४ दण्डिकादिविधिः 	 sampradAyaH/28-Agama-sampradAyaH/AgamaH/28/kAmikAgamaH/1/24_daNDikAdividhiH/
२४ दशदिगीशमन्त्रप्रकाशः 	 AgamaH/meru-tantram/24_dashadigIshamantraprakAshaH/
२४ प्रतिमालक्षणविधिः 	 sampradAyaH/28-Agama-sampradAyaH/AgamaH/kumAra-tantram/24_pratimAlaxaNavidhiH/
२४ प्रथमेष्टकः पटलः 	 sampradAyaH/28-Agama-sampradAyaH/AgamaH/28/svAyambhuvAgamaH/02_uttarasUtram/24_prathameShTakaH_paTalaH/
२४ विभवनिश्चय-पटलः 	 sampradAyaH/28-Agama-sampradAyaH/AgamaH/28/suprabhedAgamaH/1_kriyApAdaH/24_vibhavanishchaya-paTalaH/
२४ शिवपूजाविधिपटलः 	 sampradAyaH/28-Agama-sampradAyaH/AgamaH/28/svAyambhuvAgamaH/04_prakIrNam/24_shivapUjAvidhipaTalaH/
२५ 	 AgamaH/daxiNA-mUrti-saMhitA/25/
२५ 	 AgamaH/jnAnArNavatantram/25/
२५ 	 AgamaH/mAheshvara-tantram/25/
२५ 	 sampradAyaH/28-Agama-sampradAyaH/AgamaH/28/sUxmAgamaH/25/
२५ 	 sampradAyaH/28-Agama-sampradAyaH/AgamaH/28/vIrAgamaH/25/
२५ 	 sampradAyaH/28-Agama-sampradAyaH/AgamaH/achintya-vishva-sAd-Akhyam/1_kriyApAdaH/25/
२५ 	 sampradAyaH/28-Agama-sampradAyaH/AgamaH/aMshumat-kAshyapAgamaH/25/
२५ 	 sampradAyaH/28-Agama-sampradAyaH/AgamaH/nishvAsa-kArikA/25/
२५ 	 sampradAyaH/28-Agama-sampradAyaH/AgamaH/yogajAgamaH/25/
२५ 	 sampradAyaH/kaulaH_shAktaH/AgamaH/brahma-yAmala-tantram/daxiNAnubandhaH/25/
२५ 	 sampradAyaH/kaulaH_shAktaH/sampradAyaH/pUrvAmnAyaH_trikam/tattvam/abhinava-gupta-mUlam/tantrAlokaH/pariShkAryam/chaturvedi-rAdheshyAmaH/p5_21-37/25/
२५ 	 sampradAyaH/kaulaH_shAktaH/sampradAyaH/pUrvAmnAyaH_trikam/tattvam/abhinava-gupta-mUlam/tantrAlokaH/pariShkAryam/paramahaMsa-mishraH/p6_16-27/25/
२५ 	 sampradAyaH/kaulaH_shAktaH/sampradAyaH/pUrvAmnAyaH_trikam/tattvam/abhinava-gupta-mUlam/tantrAlokaH/sarva-prastutiH/25/
२५ कर्षण-पटलः 	 sampradAyaH/28-Agama-sampradAyaH/AgamaH/28/suprabhedAgamaH/1_kriyApAdaH/25_karShaNa-paTalaH/
२५ गोत्र-निर्णय-विधिः 	 sampradAyaH/28-Agama-sampradAyaH/AgamaH/28/kAmikAgamaH/2/25_gotra-nirNaya-vidhiH/
२५ दीपविधिप्रकाशः 	 AgamaH/meru-tantram/25_dIpavidhiprakAshaH/
२५ मुद्रालक्षणपटलः 	 sampradAyaH/28-Agama-sampradAyaH/AgamaH/28/svAyambhuvAgamaH/04_prakIrNam/25_mudrAlaxaNapaTalaH/
२५ वीथिद्वारादिमानम् 	 sampradAyaH/28-Agama-sampradAyaH/AgamaH/28/kAmikAgamaH/1/25_vIthidvArAdimAnam/
२५ शूलस्थापनविधिः 	 sampradAyaH/28-Agama-sampradAyaH/AgamaH/kumAra-tantram/25_shUlasthApanavidhiH/
२६ 	 AgamaH/daxiNA-mUrti-saMhitA/26/
२६ 	 AgamaH/jnAnArNavatantram/26/
२६ 	 AgamaH/mAheshvara-tantram/26/
२६ 	 sampradAyaH/28-Agama-sampradAyaH/AgamaH/28/sUxmAgamaH/26/
२६ 	 sampradAyaH/28-Agama-sampradAyaH/AgamaH/28/vIrAgamaH/26/
२६ 	 sampradAyaH/28-Agama-sampradAyaH/AgamaH/achintya-vishva-sAd-Akhyam/1_kriyApAdaH/26/
२६ 	 sampradAyaH/28-Agama-sampradAyaH/AgamaH/aMshumat-kAshyapAgamaH/26/
२६ 	 sampradAyaH/28-Agama-sampradAyaH/AgamaH/nishvAsa-kArikA/26/
२६ 	 sampradAyaH/28-Agama-sampradAyaH/AgamaH/yogajAgamaH/26/
२६ 	 sampradAyaH/kaulaH_shAktaH/AgamaH/brahma-yAmala-tantram/daxiNAnubandhaH/26/
२६ 	 sampradAyaH/kaulaH_shAktaH/sampradAyaH/pUrvAmnAyaH_trikam/tattvam/abhinava-gupta-mUlam/tantrAlokaH/pariShkAryam/chaturvedi-rAdheshyAmaH/p5_21-37/26/
२६ 	 sampradAyaH/kaulaH_shAktaH/sampradAyaH/pUrvAmnAyaH_trikam/tattvam/abhinava-gupta-mUlam/tantrAlokaH/pariShkAryam/paramahaMsa-mishraH/p6_16-27/26/
२६ 	 sampradAyaH/kaulaH_shAktaH/sampradAyaH/pUrvAmnAyaH_trikam/tattvam/abhinava-gupta-mUlam/tantrAlokaH/sarva-prastutiH/26/
२६ अचलस्थापनविधिः 	 sampradAyaH/28-Agama-sampradAyaH/AgamaH/kumAra-tantram/26_achalasthApanavidhiH/
२६ गर्भन्यासपटलः 	 sampradAyaH/28-Agama-sampradAyaH/AgamaH/28/svAyambhuvAgamaH/02_uttarasUtram/26_garbhanyAsapaTalaH/
२६ ग्रामादिदेवतास्थानविधिः 	 sampradAyaH/28-Agama-sampradAyaH/AgamaH/28/kAmikAgamaH/1/26_grAmAdidevatAsthAnavidhiH/
२६ तरुणालयलक्षण-पटलः 	 sampradAyaH/28-Agama-sampradAyaH/AgamaH/28/suprabhedAgamaH/1_kriyApAdaH/26_taruNAlayalaxaNa-paTalaH/
२६ दशावतारमन्त्रप्रकाशः 	 AgamaH/meru-tantram/26_dashAvatAramantraprakAshaH/
२६ शताभिषेकविधिः 	 sampradAyaH/28-Agama-sampradAyaH/AgamaH/28/kAmikAgamaH/2/26_shatAbhiShekavidhiH/
२६ शिवरात्रिपूजाविधिपटलः 	 sampradAyaH/28-Agama-sampradAyaH/AgamaH/28/svAyambhuvAgamaH/04_prakIrNam/26_shivarAtripUjAvidhipaTalaH/
२७ 	 AgamaH/daxiNA-mUrti-saMhitA/27/
२७ 	 AgamaH/mAheshvara-tantram/27/
२७ 	 sampradAyaH/28-Agama-sampradAyaH/AgamaH/28/sUxmAgamaH/27/
२७ 	 sampradAyaH/28-Agama-sampradAyaH/AgamaH/28/vIrAgamaH/27/
२७ 	 sampradAyaH/28-Agama-sampradAyaH/AgamaH/achintya-vishva-sAd-Akhyam/1_kriyApAdaH/27/
२७ 	 sampradAyaH/28-Agama-sampradAyaH/AgamaH/aMshumat-kAshyapAgamaH/27/
२७ 	 sampradAyaH/28-Agama-sampradAyaH/AgamaH/nishvAsa-kArikA/27/
२७ 	 sampradAyaH/28-Agama-sampradAyaH/AgamaH/yogajAgamaH/27/
२७ 	 sampradAyaH/kaulaH_shAktaH/AgamaH/brahma-yAmala-tantram/daxiNAnubandhaH/27/
२७ 	 sampradAyaH/kaulaH_shAktaH/sampradAyaH/pUrvAmnAyaH_trikam/tattvam/abhinava-gupta-mUlam/tantrAlokaH/pariShkAryam/chaturvedi-rAdheshyAmaH/p5_21-37/27/
२७ 	 sampradAyaH/kaulaH_shAktaH/sampradAyaH/pUrvAmnAyaH_trikam/tattvam/abhinava-gupta-mUlam/tantrAlokaH/pariShkAryam/paramahaMsa-mishraH/p6_16-27/27/
२७ 	 sampradAyaH/kaulaH_shAktaH/sampradAyaH/pUrvAmnAyaH_trikam/tattvam/abhinava-gupta-mUlam/tantrAlokaH/sarva-prastutiH/27/
२७ अथचलबेरप्रतिष्ठाविधिः 	 sampradAyaH/28-Agama-sampradAyaH/AgamaH/kumAra-tantram/27_athachalaberapratiShThAvidhiH/
२७ अन्त्येष्टिविधिः 	 sampradAyaH/28-Agama-sampradAyaH/AgamaH/28/kAmikAgamaH/2/27_antyeShTividhiH/
२७ कृत्तिकादीपपटलः 	 sampradAyaH/28-Agama-sampradAyaH/AgamaH/28/svAyambhuvAgamaH/04_prakIrNam/27_kRttikAdIpapaTalaH/
२७ चतुर्विंशतिमूर्तिमनुकथनं 	 AgamaH/meru-tantram/27_chaturviMshatimUrtimanukathanaM/
२७ द्विजसङ्ख्याविधिः 	 sampradAyaH/28-Agama-sampradAyaH/AgamaH/28/kAmikAgamaH/1/27_dvijasankhyAvidhiH/
२७ प्रासादलक्षणम् 	 sampradAyaH/28-Agama-sampradAyaH/AgamaH/28/svAyambhuvAgamaH/02_uttarasUtram/27_prAsAdalaxaNam/
२७ लक्षण-पटलः 	 sampradAyaH/28-Agama-sampradAyaH/AgamaH/28/suprabhedAgamaH/1_kriyApAdaH/27_laxaNa-paTalaH/
२८ 	 AgamaH/daxiNA-mUrti-saMhitA/28/
२८ 	 AgamaH/mAheshvara-tantram/28/
२८ 	 sampradAyaH/28-Agama-sampradAyaH/AgamaH/28/sUxmAgamaH/28/
२८ 	 sampradAyaH/28-Agama-sampradAyaH/AgamaH/28/vIrAgamaH/28/
२८ 	 sampradAyaH/28-Agama-sampradAyaH/AgamaH/achintya-vishva-sAd-Akhyam/1_kriyApAdaH/28/
२८ 	 sampradAyaH/28-Agama-sampradAyaH/AgamaH/aMshumat-kAshyapAgamaH/28/
२८ 	 sampradAyaH/28-Agama-sampradAyaH/AgamaH/nishvAsa-kArikA/28/
२८ 	 sampradAyaH/28-Agama-sampradAyaH/AgamaH/yogajAgamaH/28/
२८ 	 sampradAyaH/kaulaH_shAktaH/AgamaH/brahma-yAmala-tantram/daxiNAnubandhaH/28/
२८ 	 sampradAyaH/kaulaH_shAktaH/sampradAyaH/pUrvAmnAyaH_trikam/tattvam/abhinava-gupta-mUlam/tantrAlokaH/pariShkAryam/chaturvedi-rAdheshyAmaH/p5_21-37/28/
२८ 	 sampradAyaH/kaulaH_shAktaH/sampradAyaH/pUrvAmnAyaH_trikam/tattvam/abhinava-gupta-mUlam/tantrAlokaH/pariShkAryam/paramahaMsa-mishraH/p7_28-29/28/
२८ 	 sampradAyaH/kaulaH_shAktaH/sampradAyaH/pUrvAmnAyaH_trikam/tattvam/abhinava-gupta-mUlam/tantrAlokaH/sarva-prastutiH/28/
२८ आद्येष्टकाविधि-पटलः 	 sampradAyaH/28-Agama-sampradAyaH/AgamaH/28/suprabhedAgamaH/1_kriyApAdaH/28_AdyeShTakAvidhi-paTalaH/
२८ ग्रामादिविन्यासविधिः 	 sampradAyaH/28-Agama-sampradAyaH/AgamaH/28/kAmikAgamaH/1/28_grAmAdivinyAsavidhiH/
२८ पितृ-यज्ञ-विधिः 	 sampradAyaH/28-Agama-sampradAyaH/AgamaH/28/kAmikAgamaH/2/28_pitR-yajna-vidhiH/
२८ मयमते यानाधिकाराध्यायः 	 sampradAyaH/28-Agama-sampradAyaH/AgamaH/28/svAyambhuvAgamaH/04_prakIrNam/28_mayamate_yAnAdhikArAdhyAyaH/
२८ मूर्धकाष्टकःपटलः 	 sampradAyaH/28-Agama-sampradAyaH/AgamaH/28/svAyambhuvAgamaH/02_uttarasUtram/28_mUrdhakAShTakaHpaTalaH/
२८ विष्णुप्रियमन्त्रकथनं 	 AgamaH/meru-tantram/28_viShNupriyamantrakathanaM/
२८ शक्त्यस्त्रस्थापनविधिः 	 sampradAyaH/28-Agama-sampradAyaH/AgamaH/kumAra-tantram/28_shaktyastrasthApanavidhiH/
२९ 	 AgamaH/daxiNA-mUrti-saMhitA/29/
२९ 	 AgamaH/mAheshvara-tantram/29/
२९ 	 sampradAyaH/28-Agama-sampradAyaH/AgamaH/28/sUxmAgamaH/29/
२९ 	 sampradAyaH/28-Agama-sampradAyaH/AgamaH/28/vIrAgamaH/29/
२९ 	 sampradAyaH/28-Agama-sampradAyaH/AgamaH/achintya-vishva-sAd-Akhyam/1_kriyApAdaH/29/
२९ 	 sampradAyaH/28-Agama-sampradAyaH/AgamaH/aMshumat-kAshyapAgamaH/29/
२९ 	 sampradAyaH/28-Agama-sampradAyaH/AgamaH/nishvAsa-kArikA/29/
२९ 	 sampradAyaH/28-Agama-sampradAyaH/AgamaH/yogajAgamaH/29/
२९ 	 sampradAyaH/kaulaH_shAktaH/AgamaH/brahma-yAmala-tantram/daxiNAnubandhaH/29/
२९ 	 sampradAyaH/kaulaH_shAktaH/sampradAyaH/pUrvAmnAyaH_trikam/tattvam/abhinava-gupta-mUlam/tantrAlokaH/pariShkAryam/chaturvedi-rAdheshyAmaH/p5_21-37/29/
२९ 	 sampradAyaH/kaulaH_shAktaH/sampradAyaH/pUrvAmnAyaH_trikam/tattvam/abhinava-gupta-mUlam/tantrAlokaH/pariShkAryam/paramahaMsa-mishraH/p7_28-29/29/
२९ 	 sampradAyaH/kaulaH_shAktaH/sampradAyaH/pUrvAmnAyaH_trikam/tattvam/abhinava-gupta-mUlam/tantrAlokaH/sarva-prastutiH/29/
२९ आयुधमन्त्रकथनं 	 AgamaH/meru-tantram/29_AyudhamantrakathanaM/
२९ गर्भन्यासविधिः 	 sampradAyaH/28-Agama-sampradAyaH/AgamaH/kumAra-tantram/29_garbhanyAsavidhiH/
२९ गर्भन्यासविधि-पटलः 	 sampradAyaH/28-Agama-sampradAyaH/AgamaH/28/suprabhedAgamaH/1_kriyApAdaH/29_garbhanyAsavidhi-paTalaH/
२९ गौतममते यानसंहितायां रथमानम् 	 sampradAyaH/28-Agama-sampradAyaH/AgamaH/28/svAyambhuvAgamaH/04_prakIrNam/29_gautamamate_yAnasaMhitAyAM_rathamAnam/
२९ ब्रह्मदेवपदादिविधिः 	 sampradAyaH/28-Agama-sampradAyaH/AgamaH/28/kAmikAgamaH/1/29_brahmadevapadAdividhiH/
२९ लिङ्गलक्षणम् 	 sampradAyaH/28-Agama-sampradAyaH/AgamaH/28/svAyambhuvAgamaH/02_uttarasUtram/29_lingalaxaNam/
२९ शैव-श्राद्ध-विधिः 	 sampradAyaH/28-Agama-sampradAyaH/AgamaH/28/kAmikAgamaH/2/29_shaiva-shrAddha-vidhiH/
3 	 sampradAyaH/kaulaH_shAktaH/sampradAyaH/daxiNAmnAyaH_shrI-kulam/AgamaH/yoginI-hRdayam/padoux-jeanty/0/notes/3/
३ 	 sampradAyaH/28-Agama-sampradAyaH/AgamaH/28/kiraNAgamaH/vidyA-pAdaH/sarva-prastutiH/3/
३ 	 sampradAyaH/kaulaH_shAktaH/sampradAyaH/daxiNAmnAyaH_shrI-kulam/AgamaH/nityA-ShoDashikArNavaH/bhAskara-rAya-TIkA/3/
३ 	 sampradAyaH/kaulaH_shAktaH/sampradAyaH/pUrvAmnAyaH_trikam/tattvam/praty-abhijnA/somAnanda-shivadRShTiH/3/
३ 	 sampradAyaH/kaulaH_shAktaH/sampradAyaH/pUrvAmnAyaH_trikam/tattvam/praty-abhijnA/utpala-devaH_Ishvara-pratyabhiJNA-kArikA/abhinava-gupta-vimarshinI/bhAskarakaNTha-TIkA/1_jnAnAdhikAraH/3/
३ 	 sampradAyaH/kaulaH_shAktaH/sampradAyaH/pUrvAmnAyaH_trikam/tattvam/praty-abhijnA/utpala-devaH_Ishvara-pratyabhiJNA-kArikA/abhinava-gupta-vimarshinI/bhAskarakaNTha-TIkA/2_kriyAdhikAraH/3/
३ 	 sampradAyaH/kaulaH_shAktaH/sampradAyaH/pUrvAmnAyaH_trikam/tattvam/praty-abhijnA/utpala-devaH_Ishvara-pratyabhiJNA-kArikA/vRttiH/mUlam/1_jnAnAdhikAraH/3/
३ 	 sampradAyaH/kaulaH_shAktaH/sampradAyaH/pUrvAmnAyaH_trikam/tattvam/praty-abhijnA/utpala-devaH_Ishvara-pratyabhiJNA-kArikA/vRttiH/mUlam/2_kriyAdhikAraH/3/
३ 	 shiva-sUtrANi/kShemarAja-vimarshinI/3/
३ 	 shiva-sUtrANi/mUlam/3/
३ 	 shiva-sUtrANi/viShaya-sangrahaH/3/
3 ABOUT THE COMMENTATOR JAYARATHA 	 sampradAyaH/kaulaH_shAktaH/sampradAyaH/pUrvAmnAyaH_trikam/tattvam/abhinava-gupta-mUlam/tantrAlokaH/meta/articles/rastogi-navajIvana-intro/3_ABOUT_THE_COMMENTATOR_JAYARATHA/
3 Becoming a Siva 	 meta/articles/davis_on_ritual/3_Becoming_a_Siva/
3 Dressing for Power 	 meta/articles/shaivism_and_the_Tantric_Traditions/1_Early_shaivism/3_Dressing_for_Power/
3 Encounter in the Worship 	 sampradAyaH/kaulaH_shAktaH/sampradAyaH/daxiNAmnAyaH_shrI-kulam/AgamaH/yoginI-hRdayam/padoux-jeanty/3_encounter_in_the_Worship/
३ अध्वाविधि-पटलः 	 sampradAyaH/28-Agama-sampradAyaH/AgamaH/28/suprabhedAgamaH/4_jnAnapAdaH/3_adhvAvidhi-paTalaH/
३ आगमाधिकारः 	 sampradAyaH/kaulaH_shAktaH/sampradAyaH/pUrvAmnAyaH_trikam/tattvam/praty-abhijnA/utpala-devaH_Ishvara-pratyabhiJNA-kArikA/abhinava-gupta-vimarshinI/vyAkhyAntaram/3_AgamAdhikAraH/
३ आधाराधेयविधि-पटलः 	 sampradAyaH/28-Agama-sampradAyaH/AgamaH/28/suprabhedAgamaH/3_yogapAdaH/3_AdhArAdheyavidhi-paTalaH/
३ पर-दर्शन-प्रसिद्धेश्वर-प्रतिक्षेपः 	 sampradAyaH/28-Agama-sampradAyaH/tattvam/sampradAyaH/aShTa-prakaraNa-shAkhA/aShTa_prakaraNAni/sadyo-jyotiH/nareshvara-parIxA/3_para-darshana-prasiddheshvara-pratixepaH/
३ पूजा 	 sampradAyaH/kaulaH_shAktaH/sampradAyaH/daxiNAmnAyaH_shrI-kulam/AgamaH/yoginI-hRdayam/sarva-prastutiH/3_pUjA/
३ प्रमाण के घटक 	 sampradAyaH/kaulaH_shAktaH/sampradAyaH/pUrvAmnAyaH_trikam/articles/rastogi-navajIvanaH/pramANa-chintana/1_pramANa/3_pramANa_ke_ghaTaka/
३ माया-पटलः 	 sampradAyaH/28-Agama-sampradAyaH/tattvam/jnAnaprakAshaH/pauShkara-vRttiH/3_mAyA-paTalaH/
३ योगपादः 	 sampradAyaH/28-Agama-sampradAyaH/tattvam/sampradAyaH/aShTa-prakaraNa-shAkhA/parichaya-sanxepaH/trilochana-shiva-siddhAnta-sArAvaliH/sarva-prastutiH/3_yogapAdaH/
३ विभूतिस्पन्दः 	 shiva-sUtrANi/vasugupta-vArttikam/3_vibhUtispandaH/
३ विषयानुक्रम 	 sampradAyaH/kaulaH_shAktaH/sampradAyaH/pUrvAmnAyaH_trikam/articles/rastogi-navajIvanaH/pramANa-chintana/0/3_viShayAnukrama/
3\ Jñāna-Siddhi 	 meta/articles/nAgasvAmI/bhairava-art-religion/3_JnAna-Siddhi/
३० 	 AgamaH/daxiNA-mUrti-saMhitA/30/
३० 	 AgamaH/mAheshvara-tantram/30/
३० 	 sampradAyaH/28-Agama-sampradAyaH/AgamaH/28/sUxmAgamaH/30/
३० 	 sampradAyaH/28-Agama-sampradAyaH/AgamaH/28/vIrAgamaH/30/
३० 	 sampradAyaH/28-Agama-sampradAyaH/AgamaH/achintya-vishva-sAd-Akhyam/1_kriyApAdaH/30/
३० 	 sampradAyaH/28-Agama-sampradAyaH/AgamaH/aMshumat-kAshyapAgamaH/30/
३० 	 sampradAyaH/28-Agama-sampradAyaH/AgamaH/nishvAsa-kArikA/30/
३० 	 sampradAyaH/28-Agama-sampradAyaH/AgamaH/yogajAgamaH/30/
३० 	 sampradAyaH/kaulaH_shAktaH/AgamaH/brahma-yAmala-tantram/daxiNAnubandhaH/30/
३० 	 sampradAyaH/kaulaH_shAktaH/sampradAyaH/pUrvAmnAyaH_trikam/tattvam/abhinava-gupta-mUlam/tantrAlokaH/pariShkAryam/chaturvedi-rAdheshyAmaH/p5_21-37/30/
३० 	 sampradAyaH/kaulaH_shAktaH/sampradAyaH/pUrvAmnAyaH_trikam/tattvam/abhinava-gupta-mUlam/tantrAlokaH/pariShkAryam/paramahaMsa-mishraH/p8_30-37_pariShiShTAni/30/
३० 	 sampradAyaH/kaulaH_shAktaH/sampradAyaH/pUrvAmnAyaH_trikam/tattvam/abhinava-gupta-mUlam/tantrAlokaH/sarva-prastutiH/30/
३० आद्येष्टकाविधिः 	 sampradAyaH/28-Agama-sampradAyaH/AgamaH/kumAra-tantram/30_AdyeShTakAvidhiH/
३० ग्रामाद्यङ्गस्थाननिर्णयविधिः 	 sampradAyaH/28-Agama-sampradAyaH/AgamaH/28/kAmikAgamaH/1/30_grAmAdyangasthAnanirNayavidhiH/
३० प्रतिमालक्षणम् 	 sampradAyaH/28-Agama-sampradAyaH/AgamaH/28/svAyambhuvAgamaH/02_uttarasUtram/30_pratimAlaxaNam/
३० प्रायश्चित्त-विधिः 	 sampradAyaH/28-Agama-sampradAyaH/AgamaH/28/kAmikAgamaH/2/30_prAyashchitta-vidhiH/
३० मूलसंकोचविधिपटलः 	 sampradAyaH/28-Agama-sampradAyaH/AgamaH/28/svAyambhuvAgamaH/04_prakIrNam/30_mUlasaMkochavidhipaTalaH/
३० लक्षणविधि-पटलः 	 sampradAyaH/28-Agama-sampradAyaH/AgamaH/28/suprabhedAgamaH/1_kriyApAdaH/30_laxaNavidhi-paTalaH/
३० विष्णुशक्तिमनुकथनं 	 AgamaH/meru-tantram/30_viShNushaktimanukathanaM/
३१ 	 AgamaH/daxiNA-mUrti-saMhitA/31/
३१ 	 AgamaH/mAheshvara-tantram/31/
३१ 	 sampradAyaH/28-Agama-sampradAyaH/AgamaH/28/sUxmAgamaH/31/
३१ 	 sampradAyaH/28-Agama-sampradAyaH/AgamaH/28/vIrAgamaH/31/
३१ 	 sampradAyaH/28-Agama-sampradAyaH/AgamaH/achintya-vishva-sAd-Akhyam/1_kriyApAdaH/31/
३१ 	 sampradAyaH/28-Agama-sampradAyaH/AgamaH/aMshumat-kAshyapAgamaH/31/
३१ 	 sampradAyaH/28-Agama-sampradAyaH/AgamaH/nishvAsa-kArikA/31/
३१ 	 sampradAyaH/28-Agama-sampradAyaH/AgamaH/yogajAgamaH/31/
३१ 	 sampradAyaH/kaulaH_shAktaH/AgamaH/brahma-yAmala-tantram/daxiNAnubandhaH/31/
३१ 	 sampradAyaH/kaulaH_shAktaH/sampradAyaH/pUrvAmnAyaH_trikam/tattvam/abhinava-gupta-mUlam/tantrAlokaH/pariShkAryam/chaturvedi-rAdheshyAmaH/p5_21-37/31/
३१ 	 sampradAyaH/kaulaH_shAktaH/sampradAyaH/pUrvAmnAyaH_trikam/tattvam/abhinava-gupta-mUlam/tantrAlokaH/pariShkAryam/paramahaMsa-mishraH/p8_30-37_pariShiShTAni/31/
३१ 	 sampradAyaH/kaulaH_shAktaH/sampradAyaH/pUrvAmnAyaH_trikam/tattvam/abhinava-gupta-mUlam/tantrAlokaH/sarva-prastutiH/31/
३१ गर्भन्यासविधिः 	 sampradAyaH/28-Agama-sampradAyaH/AgamaH/28/kAmikAgamaH/1/31_garbhanyAsavidhiH/
३१ प्रासादलक्षणविधिः 	 sampradAyaH/28-Agama-sampradAyaH/AgamaH/kumAra-tantram/31_prAsAdalaxaNavidhiH/
३१ प्रासादलक्षणविधि-पटलः 	 sampradAyaH/28-Agama-sampradAyaH/AgamaH/28/suprabhedAgamaH/1_kriyApAdaH/31_prAsAdalaxaNavidhi-paTalaH/
३१ लिङ्गस्थापनम् 	 sampradAyaH/28-Agama-sampradAyaH/AgamaH/28/svAyambhuvAgamaH/02_uttarasUtram/31_lingasthApanam/
३१ विघ्नेशार्चनम् 	 sampradAyaH/28-Agama-sampradAyaH/AgamaH/28/svAyambhuvAgamaH/04_prakIrNam/31_vighneshArchanam/
३१ शिवमन्त्रकथनं 	 AgamaH/meru-tantram/31_shivamantrakathanaM/
३२ 	 AgamaH/daxiNA-mUrti-saMhitA/32/
३२ 	 AgamaH/mAheshvara-tantram/32/
३२ 	 sampradAyaH/28-Agama-sampradAyaH/AgamaH/28/sUxmAgamaH/32/
३२ 	 sampradAyaH/28-Agama-sampradAyaH/AgamaH/28/vIrAgamaH/32/
३२ 	 sampradAyaH/28-Agama-sampradAyaH/AgamaH/achintya-vishva-sAd-Akhyam/1_kriyApAdaH/32/
३२ 	 sampradAyaH/28-Agama-sampradAyaH/AgamaH/aMshumat-kAshyapAgamaH/32/
३२ 	 sampradAyaH/28-Agama-sampradAyaH/AgamaH/nishvAsa-kArikA/32/
३२ 	 sampradAyaH/kaulaH_shAktaH/AgamaH/brahma-yAmala-tantram/daxiNAnubandhaH/32/
३२ 	 sampradAyaH/kaulaH_shAktaH/sampradAyaH/pUrvAmnAyaH_trikam/tattvam/abhinava-gupta-mUlam/tantrAlokaH/pariShkAryam/chaturvedi-rAdheshyAmaH/p5_21-37/32/
३२ 	 sampradAyaH/kaulaH_shAktaH/sampradAyaH/pUrvAmnAyaH_trikam/tattvam/abhinava-gupta-mUlam/tantrAlokaH/pariShkAryam/paramahaMsa-mishraH/p8_30-37_pariShiShTAni/32/
३२ 	 sampradAyaH/kaulaH_shAktaH/sampradAyaH/pUrvAmnAyaH_trikam/tattvam/abhinava-gupta-mUlam/tantrAlokaH/sarva-prastutiH/32/
३२ बालस्थापनविधिः 	 sampradAyaH/28-Agama-sampradAyaH/AgamaH/28/kAmikAgamaH/1/32_bAlasthApanavidhiH/
३२ भैरवादिमनुकथनं 	 AgamaH/meru-tantram/32_bhairavAdimanukathanaM/
३२ मूर्धेऽष्टकाविधि-पटलः 	 sampradAyaH/28-Agama-sampradAyaH/AgamaH/28/suprabhedAgamaH/1_kriyApAdaH/32_mUrdhe-ShTakAvidhi-paTalaH/
३२ मूर्ध्नेष्टिकाविधिः 	 sampradAyaH/28-Agama-sampradAyaH/AgamaH/kumAra-tantram/32_mUrdhneShTikAvidhiH/
३२ विघ्नेशध्यानम् 	 sampradAyaH/28-Agama-sampradAyaH/AgamaH/28/svAyambhuvAgamaH/04_prakIrNam/32_vighneshadhyAnam/
३२ स्थापकः पटलः 	 sampradAyaH/28-Agama-sampradAyaH/AgamaH/28/svAyambhuvAgamaH/02_uttarasUtram/32_sthApakaH_paTalaH/
३३ 	 AgamaH/daxiNA-mUrti-saMhitA/33/
३३ 	 AgamaH/mAheshvara-tantram/33/
३३ 	 sampradAyaH/28-Agama-sampradAyaH/AgamaH/28/sUxmAgamaH/33/
३३ 	 sampradAyaH/28-Agama-sampradAyaH/AgamaH/28/vIrAgamaH/33/
३३ 	 sampradAyaH/28-Agama-sampradAyaH/AgamaH/achintya-vishva-sAd-Akhyam/1_kriyApAdaH/33/
३३ 	 sampradAyaH/28-Agama-sampradAyaH/AgamaH/aMshumat-kAshyapAgamaH/33/
३३ 	 sampradAyaH/28-Agama-sampradAyaH/AgamaH/nishvAsa-kArikA/33/
३३ 	 sampradAyaH/kaulaH_shAktaH/AgamaH/brahma-yAmala-tantram/daxiNAnubandhaH/33/
३३ 	 sampradAyaH/kaulaH_shAktaH/sampradAyaH/pUrvAmnAyaH_trikam/tattvam/abhinava-gupta-mUlam/tantrAlokaH/pariShkAryam/chaturvedi-rAdheshyAmaH/p5_21-37/33/
३३ 	 sampradAyaH/kaulaH_shAktaH/sampradAyaH/pUrvAmnAyaH_trikam/tattvam/abhinava-gupta-mUlam/tantrAlokaH/pariShkAryam/paramahaMsa-mishraH/p8_30-37_pariShiShTAni/33/
३३ 	 sampradAyaH/kaulaH_shAktaH/sampradAyaH/pUrvAmnAyaH_trikam/tattvam/abhinava-gupta-mUlam/tantrAlokaH/sarva-prastutiH/33/
३३ गणेशोत्सवपटलः 	 sampradAyaH/28-Agama-sampradAyaH/AgamaH/28/svAyambhuvAgamaH/04_prakIrNam/33_gaNeshotsavapaTalaH/
३३ ग्रामगृहविन्यासविधिः 	 sampradAyaH/28-Agama-sampradAyaH/AgamaH/28/kAmikAgamaH/1/33_grAmagRhavinyAsavidhiH/
३३ दैवतयन्त्रकथनं 	 AgamaH/meru-tantram/33_daivatayantrakathanaM/
३३ प्राकारलक्षणविधिः 	 sampradAyaH/28-Agama-sampradAyaH/AgamaH/kumAra-tantram/33_prAkAralaxaNavidhiH/
३३ बलस्थापनम् 	 sampradAyaH/28-Agama-sampradAyaH/AgamaH/28/svAyambhuvAgamaH/02_uttarasUtram/33_balasthApanam/
३३ लिङ्गलक्षणविधि-पटलः 	 sampradAyaH/28-Agama-sampradAyaH/AgamaH/28/suprabhedAgamaH/1_kriyApAdaH/33_lingalaxaNavidhi-paTalaH/
३४ 	 AgamaH/daxiNA-mUrti-saMhitA/34/
३४ 	 AgamaH/mAheshvara-tantram/34/
३४ 	 sampradAyaH/28-Agama-sampradAyaH/AgamaH/28/sUxmAgamaH/34/
३४ 	 sampradAyaH/28-Agama-sampradAyaH/AgamaH/28/vIrAgamaH/34/
३४ 	 sampradAyaH/28-Agama-sampradAyaH/AgamaH/achintya-vishva-sAd-Akhyam/1_kriyApAdaH/34/
३४ 	 sampradAyaH/28-Agama-sampradAyaH/AgamaH/aMshumat-kAshyapAgamaH/34/
३४ 	 sampradAyaH/28-Agama-sampradAyaH/AgamaH/nishvAsa-kArikA/34/
३४ 	 sampradAyaH/kaulaH_shAktaH/AgamaH/brahma-yAmala-tantram/daxiNAnubandhaH/34/
३४ 	 sampradAyaH/kaulaH_shAktaH/sampradAyaH/pUrvAmnAyaH_trikam/tattvam/abhinava-gupta-mUlam/tantrAlokaH/pariShkAryam/chaturvedi-rAdheshyAmaH/p5_21-37/34/
३४ 	 sampradAyaH/kaulaH_shAktaH/sampradAyaH/pUrvAmnAyaH_trikam/tattvam/abhinava-gupta-mUlam/tantrAlokaH/pariShkAryam/paramahaMsa-mishraH/p8_30-37_pariShiShTAni/34/
३४ 	 sampradAyaH/kaulaH_shAktaH/sampradAyaH/pUrvAmnAyaH_trikam/tattvam/abhinava-gupta-mUlam/tantrAlokaH/sarva-prastutiH/34/
३४ अनामकम्?? 	 sampradAyaH/28-Agama-sampradAyaH/AgamaH/28/svAyambhuvAgamaH/04_prakIrNam/34_anAmakam/
३४ परिवारविधिः 	 sampradAyaH/28-Agama-sampradAyaH/AgamaH/kumAra-tantram/34_parivAravidhiH/
३४ वास्तुशान्तिविधिः 	 sampradAyaH/28-Agama-sampradAyaH/AgamaH/28/kAmikAgamaH/1/34_vAstushAntividhiH/
३४ शूल-स्थापन-पटलम् 	 sampradAyaH/28-Agama-sampradAyaH/AgamaH/28/svAyambhuvAgamaH/02_uttarasUtram/34_shUla-sthApana-paTalam/
३४ सकललक्षणविधि-पटलः 	 sampradAyaH/28-Agama-sampradAyaH/AgamaH/28/suprabhedAgamaH/1_kriyApAdaH/34_sakalalaxaNavidhi-paTalaH/
३४ हनुमन्मन्त्रकथनं 	 AgamaH/meru-tantram/34_hanumanmantrakathanaM/
३५ 	 AgamaH/daxiNA-mUrti-saMhitA/35/
३५ 	 AgamaH/mAheshvara-tantram/35/
३५ 	 sampradAyaH/28-Agama-sampradAyaH/AgamaH/28/sUxmAgamaH/35/
३५ 	 sampradAyaH/28-Agama-sampradAyaH/AgamaH/28/vIrAgamaH/35/
३५ 	 sampradAyaH/28-Agama-sampradAyaH/AgamaH/achintya-vishva-sAd-Akhyam/1_kriyApAdaH/35/
३५ 	 sampradAyaH/28-Agama-sampradAyaH/AgamaH/aMshumat-kAshyapAgamaH/35/
३५ 	 sampradAyaH/28-Agama-sampradAyaH/AgamaH/nishvAsa-kArikA/35/
३५ 	 sampradAyaH/kaulaH_shAktaH/AgamaH/brahma-yAmala-tantram/daxiNAnubandhaH/35/
३५ 	 sampradAyaH/kaulaH_shAktaH/sampradAyaH/pUrvAmnAyaH_trikam/tattvam/abhinava-gupta-mUlam/tantrAlokaH/pariShkAryam/chaturvedi-rAdheshyAmaH/p5_21-37/35/
३५ 	 sampradAyaH/kaulaH_shAktaH/sampradAyaH/pUrvAmnAyaH_trikam/tattvam/abhinava-gupta-mUlam/tantrAlokaH/pariShkAryam/paramahaMsa-mishraH/p8_30-37_pariShiShTAni/35/
३५ 	 sampradAyaH/kaulaH_shAktaH/sampradAyaH/pUrvAmnAyaH_trikam/tattvam/abhinava-gupta-mUlam/tantrAlokaH/sarva-prastutiH/35/
३५ अङ्कुरार्पणविधि-पटलः 	 sampradAyaH/28-Agama-sampradAyaH/AgamaH/28/suprabhedAgamaH/1_kriyApAdaH/35_ankurArpaNavidhi-paTalaH/
३५ करणलक्षणविधिः 	 sampradAyaH/28-Agama-sampradAyaH/AgamaH/kumAra-tantram/35_karaNalaxaNavidhiH/
३५ कार्त्तवीर्य्यार्जुनमन्त्रकथनं 	 AgamaH/meru-tantram/35_kArttavIryyArjunamantrakathanaM/
३५ बलिदानविधिः 	 sampradAyaH/28-Agama-sampradAyaH/AgamaH/28/svAyambhuvAgamaH/04_prakIrNam/35_balidAnavidhiH/
३५ शालालक्षणविधिः 	 sampradAyaH/28-Agama-sampradAyaH/AgamaH/28/kAmikAgamaH/1/35_shAlAlaxaNavidhiH/
३६ 	 AgamaH/daxiNA-mUrti-saMhitA/36/
३६ 	 AgamaH/mAheshvara-tantram/36/
३६ 	 sampradAyaH/28-Agama-sampradAyaH/AgamaH/28/sUxmAgamaH/36/
३६ 	 sampradAyaH/28-Agama-sampradAyaH/AgamaH/28/vIrAgamaH/36/
३६ 	 sampradAyaH/28-Agama-sampradAyaH/AgamaH/achintya-vishva-sAd-Akhyam/1_kriyApAdaH/36/
३६ 	 sampradAyaH/28-Agama-sampradAyaH/AgamaH/aMshumat-kAshyapAgamaH/36/
३६ 	 sampradAyaH/28-Agama-sampradAyaH/AgamaH/nishvAsa-kArikA/36/
३६ 	 sampradAyaH/kaulaH_shAktaH/AgamaH/brahma-yAmala-tantram/daxiNAnubandhaH/36/
३६ 	 sampradAyaH/kaulaH_shAktaH/sampradAyaH/pUrvAmnAyaH_trikam/tattvam/abhinava-gupta-mUlam/tantrAlokaH/pariShkAryam/chaturvedi-rAdheshyAmaH/p5_21-37/36/
३६ 	 sampradAyaH/kaulaH_shAktaH/sampradAyaH/pUrvAmnAyaH_trikam/tattvam/abhinava-gupta-mUlam/tantrAlokaH/pariShkAryam/paramahaMsa-mishraH/p8_30-37_pariShiShTAni/36/
३६ 	 sampradAyaH/kaulaH_shAktaH/sampradAyaH/pUrvAmnAyaH_trikam/tattvam/abhinava-gupta-mUlam/tantrAlokaH/sarva-prastutiH/36/
३६ चन्द्रार्चनम् 	 sampradAyaH/28-Agama-sampradAyaH/AgamaH/28/svAyambhuvAgamaH/04_prakIrNam/36_chandrArchanam/
३६ परिवारस्थापनम् 	 sampradAyaH/28-Agama-sampradAyaH/AgamaH/28/svAyambhuvAgamaH/02_uttarasUtram/36_parivArasthApanam/
३६ पादुकाप्रोक्षणविधिः 	 sampradAyaH/28-Agama-sampradAyaH/AgamaH/kumAra-tantram/36_pAdukAproxaNavidhiH/
३६ लिङ्गप्रतिष्ठाविधि-पटलः 	 sampradAyaH/28-Agama-sampradAyaH/AgamaH/28/suprabhedAgamaH/1_kriyApAdaH/36_lingapratiShThAvidhi-paTalaH/
३६ विशेषशालालक्षणविधिः 	 sampradAyaH/28-Agama-sampradAyaH/AgamaH/28/kAmikAgamaH/1/36_visheShashAlAlaxaNavidhiH/
३७ 	 AgamaH/daxiNA-mUrti-saMhitA/37/
३७ 	 AgamaH/mAheshvara-tantram/37/
३७ 	 sampradAyaH/28-Agama-sampradAyaH/AgamaH/28/sUxmAgamaH/37/
३७ 	 sampradAyaH/28-Agama-sampradAyaH/AgamaH/28/vIrAgamaH/37/
३७ 	 sampradAyaH/28-Agama-sampradAyaH/AgamaH/achintya-vishva-sAd-Akhyam/1_kriyApAdaH/37/
३७ 	 sampradAyaH/28-Agama-sampradAyaH/AgamaH/aMshumat-kAshyapAgamaH/37/
३७ 	 sampradAyaH/28-Agama-sampradAyaH/AgamaH/nishvAsa-kArikA/37/
३७ 	 sampradAyaH/kaulaH_shAktaH/AgamaH/brahma-yAmala-tantram/daxiNAnubandhaH/37/
३७ 	 sampradAyaH/kaulaH_shAktaH/sampradAyaH/pUrvAmnAyaH_trikam/tattvam/abhinava-gupta-mUlam/tantrAlokaH/pariShkAryam/chaturvedi-rAdheshyAmaH/p5_21-37/37/
३७ 	 sampradAyaH/kaulaH_shAktaH/sampradAyaH/pUrvAmnAyaH_trikam/tattvam/abhinava-gupta-mUlam/tantrAlokaH/pariShkAryam/paramahaMsa-mishraH/p8_30-37_pariShiShTAni/37/
३७ 	 sampradAyaH/kaulaH_shAktaH/sampradAyaH/pUrvAmnAyaH_trikam/tattvam/abhinava-gupta-mUlam/tantrAlokaH/sarva-prastutiH/37/
३७ आत्मार्थयजनविधिः 	 sampradAyaH/28-Agama-sampradAyaH/AgamaH/kumAra-tantram/37_AtmArthayajanavidhiH/
३७ द्वित्रिशालालक्षणविधिः 	 sampradAyaH/28-Agama-sampradAyaH/AgamaH/28/kAmikAgamaH/1/37_dvitrishAlAlaxaNavidhiH/
३७ प्रवेशबलिपटलः 	 sampradAyaH/28-Agama-sampradAyaH/AgamaH/28/svAyambhuvAgamaH/04_prakIrNam/37_praveshabalipaTalaH/
३७ बाल्यस्थानम् 	 sampradAyaH/28-Agama-sampradAyaH/AgamaH/28/svAyambhuvAgamaH/02_uttarasUtram/37_bAlyasthAnam/
३७ सकलप्रतिष्ठाविधि-पटलः 	 sampradAyaH/28-Agama-sampradAyaH/AgamaH/28/suprabhedAgamaH/1_kriyApAdaH/37_sakalapratiShThAvidhi-paTalaH/
३८ 	 AgamaH/daxiNA-mUrti-saMhitA/38/
३८ 	 AgamaH/mAheshvara-tantram/38/
३८ 	 sampradAyaH/28-Agama-sampradAyaH/AgamaH/28/sUxmAgamaH/38/
३८ 	 sampradAyaH/28-Agama-sampradAyaH/AgamaH/28/vIrAgamaH/38/
३८ 	 sampradAyaH/28-Agama-sampradAyaH/AgamaH/achintya-vishva-sAd-Akhyam/1_kriyApAdaH/38/
३८ 	 sampradAyaH/28-Agama-sampradAyaH/AgamaH/aMshumat-kAshyapAgamaH/38/
३८ 	 sampradAyaH/28-Agama-sampradAyaH/AgamaH/nishvAsa-kArikA/38/
३८ 	 sampradAyaH/kaulaH_shAktaH/AgamaH/brahma-yAmala-tantram/daxiNAnubandhaH/38/
३८ चतुः-शालालक्षणविधिः 	 sampradAyaH/28-Agama-sampradAyaH/AgamaH/28/kAmikAgamaH/1/38_chatuH-shAlAlaxaNavidhiH/
३८ तैलाभ्यङ्गविधिः 	 sampradAyaH/28-Agama-sampradAyaH/AgamaH/kumAra-tantram/38_tailAbhyangavidhiH/
३८ प्रोक्षणविधिः 	 sampradAyaH/28-Agama-sampradAyaH/AgamaH/28/svAyambhuvAgamaH/02_uttarasUtram/38_proxaNavidhiH/
३८ शक्तिप्रतिष्ठाविधि-पटलः 	 sampradAyaH/28-Agama-sampradAyaH/AgamaH/28/suprabhedAgamaH/1_kriyApAdaH/38_shaktipratiShThAvidhi-paTalaH/
३८ स्थूपिप्रतिष्ठाविधिपटलः 	 sampradAyaH/28-Agama-sampradAyaH/AgamaH/28/svAyambhuvAgamaH/04_prakIrNam/38_sthUpipratiShThAvidhipaTalaH/
३९ 	 AgamaH/daxiNA-mUrti-saMhitA/39/
३९ 	 AgamaH/mAheshvara-tantram/39/
३९ 	 sampradAyaH/28-Agama-sampradAyaH/AgamaH/28/sUxmAgamaH/39/
३९ 	 sampradAyaH/28-Agama-sampradAyaH/AgamaH/28/vIrAgamaH/39/
३९ 	 sampradAyaH/28-Agama-sampradAyaH/AgamaH/achintya-vishva-sAd-Akhyam/1_kriyApAdaH/39/
३९ 	 sampradAyaH/28-Agama-sampradAyaH/AgamaH/aMshumat-kAshyapAgamaH/39/
३९ 	 sampradAyaH/28-Agama-sampradAyaH/AgamaH/nishvAsa-kArikA/39/
३९ 	 sampradAyaH/kaulaH_shAktaH/AgamaH/brahma-yAmala-tantram/daxiNAnubandhaH/39/
३९ अङ्कुरार्पणम् 	 sampradAyaH/28-Agama-sampradAyaH/AgamaH/28/svAyambhuvAgamaH/02_uttarasUtram/39_ankurArpaNam/
३९ परिवारविधि-पटलः 	 sampradAyaH/28-Agama-sampradAyaH/AgamaH/28/suprabhedAgamaH/1_kriyApAdaH/39_parivAravidhi-paTalaH/
३९ मासपूजाविधिः 	 sampradAyaH/28-Agama-sampradAyaH/AgamaH/kumAra-tantram/39_mAsapUjAvidhiH/
३९ वर्धमानशालाक्षणविधिः 	 sampradAyaH/28-Agama-sampradAyaH/AgamaH/28/kAmikAgamaH/1/39_vardhamAnashAlAxaNavidhiH/
३९ विमानस्थापनम् 	 sampradAyaH/28-Agama-sampradAyaH/AgamaH/28/svAyambhuvAgamaH/04_prakIrNam/39_vimAnasthApanam/
४ 	 sampradAyaH/28-Agama-sampradAyaH/AgamaH/28/kiraNAgamaH/vidyA-pAdaH/sarva-prastutiH/4/
४ 	 sampradAyaH/kaulaH_shAktaH/sampradAyaH/daxiNAmnAyaH_shrI-kulam/AgamaH/nityA-ShoDashikArNavaH/bhAskara-rAya-TIkA/4/
४ 	 sampradAyaH/kaulaH_shAktaH/sampradAyaH/pUrvAmnAyaH_trikam/tattvam/praty-abhijnA/somAnanda-shivadRShTiH/4/
४ 	 sampradAyaH/kaulaH_shAktaH/sampradAyaH/pUrvAmnAyaH_trikam/tattvam/praty-abhijnA/utpala-devaH_Ishvara-pratyabhiJNA-kArikA/abhinava-gupta-vimarshinI/bhAskarakaNTha-TIkA/1_jnAnAdhikAraH/4/
४ 	 sampradAyaH/kaulaH_shAktaH/sampradAyaH/pUrvAmnAyaH_trikam/tattvam/praty-abhijnA/utpala-devaH_Ishvara-pratyabhiJNA-kArikA/abhinava-gupta-vimarshinI/bhAskarakaNTha-TIkA/2_kriyAdhikAraH/4/
४ 	 sampradAyaH/kaulaH_shAktaH/sampradAyaH/pUrvAmnAyaH_trikam/tattvam/praty-abhijnA/utpala-devaH_Ishvara-pratyabhiJNA-kArikA/vRttiH/mUlam/2_kriyAdhikAraH/4/
४  	 sampradAyaH/kaulaH_shAktaH/sampradAyaH/pUrvAmnAyaH_trikam/tattvam/praty-abhijnA/utpala-devaH_Ishvara-pratyabhiJNA-kArikA/vRttiH/mUlam/1_jnAnAdhikAraH/4/
4 ABOUT THE TEXT 	 sampradAyaH/kaulaH_shAktaH/sampradAyaH/pUrvAmnAyaH_trikam/tattvam/abhinava-gupta-mUlam/tantrAlokaH/meta/articles/rastogi-navajIvana-intro/4_ABOUT_THE_TEXT/
4 Rāmakaṇṭha 0 Ātman Debate 	 meta/articles/shaivism_and_the_Tantric_Traditions/2_Exegetical_and_Philosophical_Traditions/4_rAmakaNTha_0_Atman_Debate/
4 Summoning the Lord 	 meta/articles/davis_on_ritual/4_Summoning_the_Lord/
4 The Art of the Bhairavas 	 meta/articles/nAgasvAmI/bhairava-art-religion/4_The_Art_of_the_Bhairavas/
४ आसूत्रण 	 sampradAyaH/kaulaH_shAktaH/sampradAyaH/pUrvAmnAyaH_trikam/articles/rastogi-navajIvanaH/pramANa-chintana/2_pramANa-bheda/4_AsUtraNa/
४ ग्रन्थ-प्रतीक 	 sampradAyaH/kaulaH_shAktaH/sampradAyaH/pUrvAmnAyaH_trikam/articles/rastogi-navajIvanaH/pramANa-chintana/0/4_grantha-pratIka/
४ चर्यापादः 	 sampradAyaH/28-Agama-sampradAyaH/tattvam/sampradAyaH/aShTa-prakaraNa-shAkhA/parichaya-sanxepaH/trilochana-shiva-siddhAnta-sArAvaliH/sarva-prastutiH/4_charyApAdaH/
४ तत्त्वसंग्रहाधिकारः 	 sampradAyaH/kaulaH_shAktaH/sampradAyaH/pUrvAmnAyaH_trikam/tattvam/praty-abhijnA/utpala-devaH_Ishvara-pratyabhiJNA-kArikA/abhinava-gupta-vimarshinI/vyAkhyAntaram/4_tattvasaMgrahAdhikAraH/
४ तत्त्वसङ्ग्रहाधिकारः 	 sampradAyaH/kaulaH_shAktaH/sampradAyaH/pUrvAmnAyaH_trikam/tattvam/praty-abhijnA/utpala-devaH_Ishvara-pratyabhiJNA-kArikA/abhinava-gupta-vimarshinI/bhAskarakaNTha-TIkA/4_tattvasangrahAdhikAraH/
४ तत्त्वसङ्ग्रहाधिकारः 	 sampradAyaH/kaulaH_shAktaH/sampradAyaH/pUrvAmnAyaH_trikam/tattvam/praty-abhijnA/utpala-devaH_Ishvara-pratyabhiJNA-kArikA/vRttiH/mUlam/4_tattvasangrahAdhikAraH/
४ पशु-पटलः 	 sampradAyaH/28-Agama-sampradAyaH/tattvam/jnAnaprakAshaH/pauShkara-vRttiH/4_pashu-paTalaH/
४० 	 AgamaH/daxiNA-mUrti-saMhitA/40/
४० 	 AgamaH/mAheshvara-tantram/40/
४० 	 sampradAyaH/28-Agama-sampradAyaH/AgamaH/28/sUxmAgamaH/40/
४० 	 sampradAyaH/28-Agama-sampradAyaH/AgamaH/28/vIrAgamaH/40/
४० 	 sampradAyaH/28-Agama-sampradAyaH/AgamaH/achintya-vishva-sAd-Akhyam/1_kriyApAdaH/40/
४० 	 sampradAyaH/28-Agama-sampradAyaH/AgamaH/aMshumat-kAshyapAgamaH/40/
४० 	 sampradAyaH/28-Agama-sampradAyaH/AgamaH/nishvAsa-kArikA/40/
४० 	 sampradAyaH/kaulaH_shAktaH/AgamaH/brahma-yAmala-tantram/daxiNAnubandhaH/40/
४० अङ्कुरार्पणविधिः 	 sampradAyaH/28-Agama-sampradAyaH/AgamaH/kumAra-tantram/40_ankurArpaNavidhiH/
४० उत्सवविधिः 	 sampradAyaH/28-Agama-sampradAyaH/AgamaH/28/svAyambhuvAgamaH/02_uttarasUtram/40_utsavavidhiH/
४० नन्द्यावर्तविधिः 	 sampradAyaH/28-Agama-sampradAyaH/AgamaH/28/kAmikAgamaH/1/40_nandyAvartavidhiH/
४० वृषभस्थापनविधि-पटलः 	 sampradAyaH/28-Agama-sampradAyaH/AgamaH/28/suprabhedAgamaH/1_kriyApAdaH/40_vRShabhasthApanavidhi-paTalaH/
४० संप्रोक्षणम् 	 sampradAyaH/28-Agama-sampradAyaH/AgamaH/28/svAyambhuvAgamaH/04_prakIrNam/40_saMproxaNam/
४१ 	 AgamaH/daxiNA-mUrti-saMhitA/41/
४१ 	 AgamaH/mAheshvara-tantram/41/
४१ 	 sampradAyaH/28-Agama-sampradAyaH/AgamaH/28/sUxmAgamaH/41/
४१ 	 sampradAyaH/28-Agama-sampradAyaH/AgamaH/28/vIrAgamaH/41/
४१ 	 sampradAyaH/28-Agama-sampradAyaH/AgamaH/achintya-vishva-sAd-Akhyam/1_kriyApAdaH/41/
४१ 	 sampradAyaH/28-Agama-sampradAyaH/AgamaH/aMshumat-kAshyapAgamaH/41/
४१ 	 sampradAyaH/28-Agama-sampradAyaH/AgamaH/nishvAsa-kArikA/41/
४१ 	 sampradAyaH/kaulaH_shAktaH/AgamaH/brahma-yAmala-tantram/daxiNAnubandhaH/41/
४१ नृत्तमूर्तिप्रतिष्ठा 	 sampradAyaH/28-Agama-sampradAyaH/AgamaH/28/svAyambhuvAgamaH/04_prakIrNam/41_nRttamUrtipratiShThA/
४१ महावल्लीदेवसेनास्थापनविधिः 	 sampradAyaH/28-Agama-sampradAyaH/AgamaH/kumAra-tantram/41_mahAvallIdevasenAsthApanavidhiH/
४१ वह्निस्थापनविधि-पटलः 	 sampradAyaH/28-Agama-sampradAyaH/AgamaH/28/suprabhedAgamaH/1_kriyApAdaH/41_vahnisthApanavidhi-paTalaH/
४१ शङ्करस्नपनम् 	 sampradAyaH/28-Agama-sampradAyaH/AgamaH/28/svAyambhuvAgamaH/02_uttarasUtram/41_shankarasnapanam/
४१ स्वस्तिकविधिः 	 sampradAyaH/28-Agama-sampradAyaH/AgamaH/28/kAmikAgamaH/1/41_svastikavidhiH/
४२ 	 AgamaH/daxiNA-mUrti-saMhitA/42/
४२ 	 AgamaH/mAheshvara-tantram/42/
४२ 	 sampradAyaH/28-Agama-sampradAyaH/AgamaH/28/sUxmAgamaH/42/
४२ 	 sampradAyaH/28-Agama-sampradAyaH/AgamaH/28/vIrAgamaH/42/
४२ 	 sampradAyaH/28-Agama-sampradAyaH/AgamaH/achintya-vishva-sAd-Akhyam/1_kriyApAdaH/42/
४२ 	 sampradAyaH/28-Agama-sampradAyaH/AgamaH/aMshumat-kAshyapAgamaH/42/
४२ 	 sampradAyaH/28-Agama-sampradAyaH/AgamaH/nishvAsa-kArikA/42/
४२ 	 sampradAyaH/kaulaH_shAktaH/AgamaH/brahma-yAmala-tantram/daxiNAnubandhaH/42/
४२ चतुःशालाविधिः 	 sampradAyaH/28-Agama-sampradAyaH/AgamaH/28/kAmikAgamaH/1/42_chatuHshAlAvidhiH/
४२ नैवेद्यप्रमाणम् 	 sampradAyaH/28-Agama-sampradAyaH/AgamaH/28/svAyambhuvAgamaH/02_uttarasUtram/42_naivedyapramANam/
४२ प्रदोषविधिः 	 sampradAyaH/28-Agama-sampradAyaH/AgamaH/28/svAyambhuvAgamaH/04_prakIrNam/42_pradoShavidhiH/
४२ मातृस्थापनविधि-पटलः 	 sampradAyaH/28-Agama-sampradAyaH/AgamaH/28/suprabhedAgamaH/1_kriyApAdaH/42_mAtRsthApanavidhi-paTalaH/
४२ सुमित्रस्थापनविधिः 	 sampradAyaH/28-Agama-sampradAyaH/AgamaH/kumAra-tantram/42_sumitrasthApanavidhiH/
४३ 	 AgamaH/daxiNA-mUrti-saMhitA/43/
४३ 	 AgamaH/mAheshvara-tantram/43/
४३ 	 sampradAyaH/28-Agama-sampradAyaH/AgamaH/28/sUxmAgamaH/43/
४३ 	 sampradAyaH/28-Agama-sampradAyaH/AgamaH/28/vIrAgamaH/43/
४३ 	 sampradAyaH/28-Agama-sampradAyaH/AgamaH/achintya-vishva-sAd-Akhyam/1_kriyApAdaH/43/
४३ 	 sampradAyaH/28-Agama-sampradAyaH/AgamaH/aMshumat-kAshyapAgamaH/43/
४३ 	 sampradAyaH/28-Agama-sampradAyaH/AgamaH/nishvAsa-kArikA/43/
४३ 	 sampradAyaH/kaulaH_shAktaH/AgamaH/brahma-yAmala-tantram/daxiNAnubandhaH/43/
४३ गजस्थापनविधिः 	 sampradAyaH/28-Agama-sampradAyaH/AgamaH/kumAra-tantram/43_gajasthApanavidhiH/
४३ पञ्चशालादिविधिः 	 sampradAyaH/28-Agama-sampradAyaH/AgamaH/28/kAmikAgamaH/1/43_panchashAlAdividhiH/
४३ बलिविधिपटलः 	 sampradAyaH/28-Agama-sampradAyaH/AgamaH/28/svAyambhuvAgamaH/02_uttarasUtram/43_balividhipaTalaH/
४३ महोत्सवः 	 sampradAyaH/28-Agama-sampradAyaH/AgamaH/28/svAyambhuvAgamaH/04_prakIrNam/43_mahotsavaH/
४३ विघ्नेशस्थापनविधि-पटलः 	 sampradAyaH/28-Agama-sampradAyaH/AgamaH/28/suprabhedAgamaH/1_kriyApAdaH/43_vighneshasthApanavidhi-paTalaH/
४४ 	 AgamaH/daxiNA-mUrti-saMhitA/44/
४४ 	 AgamaH/mAheshvara-tantram/44/
४४ 	 sampradAyaH/28-Agama-sampradAyaH/AgamaH/28/sUxmAgamaH/44/
४४ 	 sampradAyaH/28-Agama-sampradAyaH/AgamaH/28/vIrAgamaH/44/
४४ 	 sampradAyaH/28-Agama-sampradAyaH/AgamaH/achintya-vishva-sAd-Akhyam/1_kriyApAdaH/44/
४४ 	 sampradAyaH/28-Agama-sampradAyaH/AgamaH/aMshumat-kAshyapAgamaH/44/
४४ 	 sampradAyaH/28-Agama-sampradAyaH/AgamaH/nishvAsa-kArikA/44/
४४ 	 sampradAyaH/kaulaH_shAktaH/AgamaH/brahma-yAmala-tantram/daxiNAnubandhaH/44/
४४ रथप्रतिष्ठाविधिः 	 sampradAyaH/28-Agama-sampradAyaH/AgamaH/kumAra-tantram/44_rathapratiShThAvidhiH/
४४ वसन्तोत्सवविधिपटलः 	 sampradAyaH/28-Agama-sampradAyaH/AgamaH/28/svAyambhuvAgamaH/04_prakIrNam/44_vasantotsavavidhipaTalaH/
४४ स्कन्दस्थापनविधि-पटलः 	 sampradAyaH/28-Agama-sampradAyaH/AgamaH/28/suprabhedAgamaH/1_kriyApAdaH/44_skandasthApanavidhi-paTalaH/
४४ हस्तिशालाविधिः 	 sampradAyaH/28-Agama-sampradAyaH/AgamaH/28/kAmikAgamaH/1/44_hastishAlAvidhiH/
४५ 	 AgamaH/daxiNA-mUrti-saMhitA/45/
४५ 	 AgamaH/mAheshvara-tantram/45/
४५ 	 sampradAyaH/28-Agama-sampradAyaH/AgamaH/28/sUxmAgamaH/45/
४५ 	 sampradAyaH/28-Agama-sampradAyaH/AgamaH/28/vIrAgamaH/45/
४५ 	 sampradAyaH/28-Agama-sampradAyaH/AgamaH/achintya-vishva-sAd-Akhyam/1_kriyApAdaH/45/
४५ 	 sampradAyaH/28-Agama-sampradAyaH/AgamaH/aMshumat-kAshyapAgamaH/45/
४५ 	 sampradAyaH/28-Agama-sampradAyaH/AgamaH/nishvAsa-kArikA/45/
४५ 	 sampradAyaH/kaulaH_shAktaH/AgamaH/brahma-yAmala-tantram/daxiNAnubandhaH/45/
४५ अद्भुतशान्तिः 	 sampradAyaH/28-Agama-sampradAyaH/AgamaH/28/svAyambhuvAgamaH/02_uttarasUtram/45_adbhutashAntiH/
४५ ज्येष्ठास्थापनविधि-पटलः 	 sampradAyaH/28-Agama-sampradAyaH/AgamaH/28/suprabhedAgamaH/1_kriyApAdaH/45_jyeShThAsthApanavidhi-paTalaH/
४५ महाभिषेकविधिः 	 sampradAyaH/28-Agama-sampradAyaH/AgamaH/kumAra-tantram/45_mahAbhiShekavidhiH/
४५ मालिकालक्षणविधिः 	 sampradAyaH/28-Agama-sampradAyaH/AgamaH/28/kAmikAgamaH/1/45_mAlikAlaxaNavidhiH/
४५ वारार्चनम् 	 sampradAyaH/28-Agama-sampradAyaH/AgamaH/28/svAyambhuvAgamaH/04_prakIrNam/45_vArArchanam/
४६ 	 AgamaH/daxiNA-mUrti-saMhitA/46/
४६ 	 AgamaH/mAheshvara-tantram/46/
४६ 	 sampradAyaH/28-Agama-sampradAyaH/AgamaH/28/sUxmAgamaH/46/
४६ 	 sampradAyaH/28-Agama-sampradAyaH/AgamaH/28/vIrAgamaH/46/
४६ 	 sampradAyaH/28-Agama-sampradAyaH/AgamaH/achintya-vishva-sAd-Akhyam/1_kriyApAdaH/46/
४६ 	 sampradAyaH/28-Agama-sampradAyaH/AgamaH/aMshumat-kAshyapAgamaH/46/
४६ 	 sampradAyaH/28-Agama-sampradAyaH/AgamaH/nishvAsa-kArikA/46/
४६ 	 sampradAyaH/kaulaH_shAktaH/AgamaH/brahma-yAmala-tantram/daxiNAnubandhaH/46/
४६ अन्नाभिषेकविधिः 	 sampradAyaH/28-Agama-sampradAyaH/AgamaH/28/svAyambhuvAgamaH/04_prakIrNam/46_annAbhiShekavidhiH/
४६ करणलक्षणम् 	 sampradAyaH/28-Agama-sampradAyaH/AgamaH/28/svAyambhuvAgamaH/02_uttarasUtram/46_karaNalaxaNam/
४६ दुर्गास्थापनविधि-पटलः 	 sampradAyaH/28-Agama-sampradAyaH/AgamaH/28/suprabhedAgamaH/1_kriyApAdaH/46_durgAsthApanavidhi-paTalaH/
४६ लाङ्गलमालिकाविधिः 	 sampradAyaH/28-Agama-sampradAyaH/AgamaH/28/kAmikAgamaH/1/46_lAngalamAlikAvidhiH/
४६ स्कन्दकलान्यासविधिः 	 sampradAyaH/28-Agama-sampradAyaH/AgamaH/kumAra-tantram/46_skandakalAnyAsavidhiH/
४७ 	 AgamaH/daxiNA-mUrti-saMhitA/47/
४७ 	 AgamaH/mAheshvara-tantram/47/
४७ 	 sampradAyaH/28-Agama-sampradAyaH/AgamaH/28/sUxmAgamaH/47/
४७ 	 sampradAyaH/28-Agama-sampradAyaH/AgamaH/28/vIrAgamaH/47/
४७ 	 sampradAyaH/28-Agama-sampradAyaH/AgamaH/achintya-vishva-sAd-Akhyam/1_kriyApAdaH/47/
४७ 	 sampradAyaH/28-Agama-sampradAyaH/AgamaH/aMshumat-kAshyapAgamaH/47/
४७ 	 sampradAyaH/28-Agama-sampradAyaH/AgamaH/nishvAsa-kArikA/47/
४७ 	 sampradAyaH/kaulaH_shAktaH/AgamaH/brahma-yAmala-tantram/daxiNAnubandhaH/47/
४७ चण्डेशस्थापनविधि-पटलः 	 sampradAyaH/28-Agama-sampradAyaH/AgamaH/28/suprabhedAgamaH/1_kriyApAdaH/47_chaNDeshasthApanavidhi-paTalaH/
४७ ध्वजपटलक्षणम् 	 sampradAyaH/28-Agama-sampradAyaH/AgamaH/28/svAyambhuvAgamaH/02_uttarasUtram/47_dhvajapaTalaxaNam/
४७ मातृकान्यासविधिः 	 sampradAyaH/28-Agama-sampradAyaH/AgamaH/kumAra-tantram/47_mAtRkAnyAsavidhiH/
४७ मौलिकामालिकाविधिः 	 sampradAyaH/28-Agama-sampradAyaH/AgamaH/28/kAmikAgamaH/1/47_maulikAmAlikAvidhiH/
४७ सकलपूजा 	 sampradAyaH/28-Agama-sampradAyaH/AgamaH/28/svAyambhuvAgamaH/04_prakIrNam/47_sakalapUjA/
४८ 	 AgamaH/daxiNA-mUrti-saMhitA/48/
४८ 	 AgamaH/mAheshvara-tantram/48/
४८ 	 sampradAyaH/28-Agama-sampradAyaH/AgamaH/28/sUxmAgamaH/48/
४८ 	 sampradAyaH/28-Agama-sampradAyaH/AgamaH/28/vIrAgamaH/48/
४८ 	 sampradAyaH/28-Agama-sampradAyaH/AgamaH/achintya-vishva-sAd-Akhyam/1_kriyApAdaH/48/
४८ 	 sampradAyaH/28-Agama-sampradAyaH/AgamaH/aMshumat-kAshyapAgamaH/48/
४८ 	 sampradAyaH/28-Agama-sampradAyaH/AgamaH/nishvAsa-kArikA/48/
४८ 	 sampradAyaH/kaulaH_shAktaH/AgamaH/brahma-yAmala-tantram/daxiNAnubandhaH/48/
४८ चक्रादिस्थापनविधि-पटलः 	 sampradAyaH/28-Agama-sampradAyaH/AgamaH/28/suprabhedAgamaH/1_kriyApAdaH/48_chakrAdisthApanavidhi-paTalaH/
४८ जीर्णोद्धारणम् 	 sampradAyaH/28-Agama-sampradAyaH/AgamaH/28/svAyambhuvAgamaH/04_prakIrNam/48_jIrNoddhAraNam/
४८ पद्ममालिकाविधिः 	 sampradAyaH/28-Agama-sampradAyaH/AgamaH/28/kAmikAgamaH/1/48_padmamAlikAvidhiH/
४८ सुब्रह्मण्यकवचविधिः 	 sampradAyaH/28-Agama-sampradAyaH/AgamaH/kumAra-tantram/48_subrahmaNyakavachavidhiH/
४९ 	 AgamaH/daxiNA-mUrti-saMhitA/49/
४९ 	 AgamaH/mAheshvara-tantram/49/
४९ 	 sampradAyaH/28-Agama-sampradAyaH/AgamaH/28/sUxmAgamaH/49/
४९ 	 sampradAyaH/28-Agama-sampradAyaH/AgamaH/28/vIrAgamaH/49/
४९ 	 sampradAyaH/28-Agama-sampradAyaH/AgamaH/achintya-vishva-sAd-Akhyam/1_kriyApAdaH/49/
४९ 	 sampradAyaH/28-Agama-sampradAyaH/AgamaH/aMshumat-kAshyapAgamaH/49/
४९ 	 sampradAyaH/28-Agama-sampradAyaH/AgamaH/nishvAsa-kArikA/49/
४९ 	 sampradAyaH/kaulaH_shAktaH/AgamaH/brahma-yAmala-tantram/daxiNAnubandhaH/49/
४९ आदित्यस्थापनविधि-पटलः 	 sampradAyaH/28-Agama-sampradAyaH/AgamaH/28/suprabhedAgamaH/1_kriyApAdaH/49_AdityasthApanavidhi-paTalaH/
४९ नागरादिविभेदविधिः 	 sampradAyaH/28-Agama-sampradAyaH/AgamaH/28/kAmikAgamaH/1/49_nAgarAdivibhedavidhiH/
४९ प्रदक्षिणनमस्कारविधिः 	 sampradAyaH/28-Agama-sampradAyaH/AgamaH/kumAra-tantram/49_pradaxiNanamaskAravidhiH/
४९ लिङ्गलक्षणम् 	 sampradAyaH/28-Agama-sampradAyaH/AgamaH/28/svAyambhuvAgamaH/04_prakIrNam/49_lingalaxaNam/
५ 	 sampradAyaH/28-Agama-sampradAyaH/AgamaH/28/kiraNAgamaH/vidyA-pAdaH/sarva-prastutiH/5/
५ 	 sampradAyaH/kaulaH_shAktaH/sampradAyaH/daxiNAmnAyaH_shrI-kulam/AgamaH/nityA-ShoDashikArNavaH/bhAskara-rAya-TIkA/5/
५ 	 sampradAyaH/kaulaH_shAktaH/sampradAyaH/pUrvAmnAyaH_trikam/tattvam/praty-abhijnA/somAnanda-shivadRShTiH/5/
५ 	 sampradAyaH/kaulaH_shAktaH/sampradAyaH/pUrvAmnAyaH_trikam/tattvam/praty-abhijnA/utpala-devaH_Ishvara-pratyabhiJNA-kArikA/abhinava-gupta-vimarshinI/bhAskarakaNTha-TIkA/1_jnAnAdhikAraH/5/
५  	 sampradAyaH/kaulaH_shAktaH/sampradAyaH/pUrvAmnAyaH_trikam/tattvam/praty-abhijnA/utpala-devaH_Ishvara-pratyabhiJNA-kArikA/vRttiH/mUlam/1_jnAnAdhikAraH/5/
5 AGENDA FOR FUTURE RESEARCH 	 sampradAyaH/kaulaH_shAktaH/sampradAyaH/pUrvAmnAyaH_trikam/tattvam/abhinava-gupta-mUlam/tantrAlokaH/meta/articles/rastogi-navajIvana-intro/5_AGENDA_FOR_FUTURE_RESEARCH/
5 Relations of Worship 	 meta/articles/davis_on_ritual/5_Relations_of_Worship/
5 Some Hitherto Unknown Fragments of 	 meta/articles/shaivism_and_the_Tantric_Traditions/2_Exegetical_and_Philosophical_Traditions/5_Some_Hitherto_Unknown_Fragments_of/
५ पाश-पटलः 	 sampradAyaH/28-Agama-sampradAyaH/tattvam/jnAnaprakAshaH/pauShkara-vRttiH/5_pAsha-paTalaH/
५ प्रत्यक्ष 	 sampradAyaH/kaulaH_shAktaH/sampradAyaH/pUrvAmnAyaH_trikam/articles/rastogi-navajIvanaH/pramANa-chintana/2_pramANa-bheda/5_pratyaxa/
५ विविध परिशिष्ट 	 sampradAyaH/28-Agama-sampradAyaH/tattvam/sampradAyaH/aShTa-prakaraNa-shAkhA/parichaya-sanxepaH/trilochana-shiva-siddhAnta-sArAvaliH/sarva-prastutiH/5_vividha_parishiShTa/
५० 	 AgamaH/daxiNA-mUrti-saMhitA/50/
५० 	 AgamaH/mAheshvara-tantram/50/
५० 	 sampradAyaH/28-Agama-sampradAyaH/AgamaH/28/sUxmAgamaH/50/
५० 	 sampradAyaH/28-Agama-sampradAyaH/AgamaH/28/vIrAgamaH/50/
५० 	 sampradAyaH/28-Agama-sampradAyaH/AgamaH/achintya-vishva-sAd-Akhyam/1_kriyApAdaH/50/
५० 	 sampradAyaH/28-Agama-sampradAyaH/AgamaH/aMshumat-kAshyapAgamaH/50/
५० 	 sampradAyaH/28-Agama-sampradAyaH/AgamaH/nishvAsa-kArikA/50/
५० 	 sampradAyaH/kaulaH_shAktaH/AgamaH/brahma-yAmala-tantram/daxiNAnubandhaH/50/
५० आचार्यलक्षणविधिः 	 sampradAyaH/28-Agama-sampradAyaH/AgamaH/kumAra-tantram/50_AchAryalaxaNavidhiH/
५० क्षेत्रेशस्थापनविधि-पटलः 	 sampradAyaH/28-Agama-sampradAyaH/AgamaH/28/suprabhedAgamaH/1_kriyApAdaH/50_xetreshasthApanavidhi-paTalaH/
५० भूमिलम्बविधिपटलः 	 sampradAyaH/28-Agama-sampradAyaH/AgamaH/28/kAmikAgamaH/1/50_bhUmilambavidhipaTalaH/
५१ 	 AgamaH/daxiNA-mUrti-saMhitA/51/
५१ 	 AgamaH/mAheshvara-tantram/51/
५१ 	 sampradAyaH/28-Agama-sampradAyaH/AgamaH/28/sUxmAgamaH/51/
५१ 	 sampradAyaH/28-Agama-sampradAyaH/AgamaH/28/vIrAgamaH/51/
५१ 	 sampradAyaH/28-Agama-sampradAyaH/AgamaH/achintya-vishva-sAd-Akhyam/1_kriyApAdaH/51/
५१ 	 sampradAyaH/28-Agama-sampradAyaH/AgamaH/aMshumat-kAshyapAgamaH/51/
५१ 	 sampradAyaH/28-Agama-sampradAyaH/AgamaH/nishvAsa-kArikA/51/
५१ 	 sampradAyaH/kaulaH_shAktaH/AgamaH/brahma-yAmala-tantram/daxiNAnubandhaH/51/
५१ आद्येष्टकाविधिः 	 sampradAyaH/28-Agama-sampradAyaH/AgamaH/28/kAmikAgamaH/1/51_AdyeShTakAvidhiH/
५१ शूलस्थापनविधि-पटलः 	 sampradAyaH/28-Agama-sampradAyaH/AgamaH/28/suprabhedAgamaH/1_kriyApAdaH/51_shUlasthApanavidhi-paTalaH/
५१ सायरक्षाविधिः 	 sampradAyaH/28-Agama-sampradAyaH/AgamaH/kumAra-tantram/51_sAyaraxAvidhiH/
५२ 	 AgamaH/daxiNA-mUrti-saMhitA/52/
५२ 	 sampradAyaH/28-Agama-sampradAyaH/AgamaH/28/sUxmAgamaH/52/
५२ 	 sampradAyaH/28-Agama-sampradAyaH/AgamaH/28/vIrAgamaH/52/
५२ 	 sampradAyaH/28-Agama-sampradAyaH/AgamaH/achintya-vishva-sAd-Akhyam/1_kriyApAdaH/52/
५२ 	 sampradAyaH/28-Agama-sampradAyaH/AgamaH/aMshumat-kAshyapAgamaH/52/
५२ 	 sampradAyaH/28-Agama-sampradAyaH/AgamaH/nishvAsa-kArikA/52/
५२ अस्त्रराजविधि-पटलः 	 sampradAyaH/28-Agama-sampradAyaH/AgamaH/28/suprabhedAgamaH/1_kriyApAdaH/52_astrarAjavidhi-paTalaH/
५२ उपपीठविधिः 	 sampradAyaH/28-Agama-sampradAyaH/AgamaH/28/kAmikAgamaH/1/52_upapIThavidhiH/
५३ 	 AgamaH/daxiNA-mUrti-saMhitA/53/
५३ 	 sampradAyaH/28-Agama-sampradAyaH/AgamaH/28/sUxmAgamaH/53/
५३ 	 sampradAyaH/28-Agama-sampradAyaH/AgamaH/28/vIrAgamaH/53/
५३ 	 sampradAyaH/28-Agama-sampradAyaH/AgamaH/achintya-vishva-sAd-Akhyam/1_kriyApAdaH/53/
५३ 	 sampradAyaH/28-Agama-sampradAyaH/AgamaH/aMshumat-kAshyapAgamaH/53/
५३ 	 sampradAyaH/28-Agama-sampradAyaH/AgamaH/nishvAsa-kArikA/53/
५३ पादमानविधिपटलः 	 sampradAyaH/28-Agama-sampradAyaH/AgamaH/28/kAmikAgamaH/1/53_pAdamAnavidhipaTalaH/
५३ शास्त्रस्थापनविधि-पटलः 	 sampradAyaH/28-Agama-sampradAyaH/AgamaH/28/suprabhedAgamaH/1_kriyApAdaH/53_shAstrasthApanavidhi-paTalaH/
५४ 	 AgamaH/daxiNA-mUrti-saMhitA/54/
५४ 	 sampradAyaH/28-Agama-sampradAyaH/AgamaH/28/sUxmAgamaH/54/
५४ 	 sampradAyaH/28-Agama-sampradAyaH/AgamaH/28/vIrAgamaH/54/
५४ 	 sampradAyaH/28-Agama-sampradAyaH/AgamaH/achintya-vishva-sAd-Akhyam/1_kriyApAdaH/54/
५४ 	 sampradAyaH/28-Agama-sampradAyaH/AgamaH/aMshumat-kAshyapAgamaH/54/
५४ जीर्णोद्धारविधि-पटलः 	 sampradAyaH/28-Agama-sampradAyaH/AgamaH/28/suprabhedAgamaH/1_kriyApAdaH/54_jIrNoddhAravidhi-paTalaH/
५४ प्रस्तरविधिपटलः 	 sampradAyaH/28-Agama-sampradAyaH/AgamaH/28/kAmikAgamaH/1/54_prastaravidhipaTalaH/
५५ 	 AgamaH/daxiNA-mUrti-saMhitA/55/
५५ 	 sampradAyaH/28-Agama-sampradAyaH/AgamaH/28/sUxmAgamaH/55/
५५ 	 sampradAyaH/28-Agama-sampradAyaH/AgamaH/28/vIrAgamaH/55/
५५ 	 sampradAyaH/28-Agama-sampradAyaH/AgamaH/achintya-vishva-sAd-Akhyam/1_kriyApAdaH/55/
५५ 	 sampradAyaH/28-Agama-sampradAyaH/AgamaH/aMshumat-kAshyapAgamaH/55/
५५ प्रायश्चित्तविधि-पटलः 	 sampradAyaH/28-Agama-sampradAyaH/AgamaH/28/suprabhedAgamaH/1_kriyApAdaH/55_prAyashchittavidhi-paTalaH/
५५ प्रासादभूषणविधिः 	 sampradAyaH/28-Agama-sampradAyaH/AgamaH/28/kAmikAgamaH/1/55_prAsAdabhUShaNavidhiH/
५६ 	 AgamaH/daxiNA-mUrti-saMhitA/56/
५६ 	 sampradAyaH/28-Agama-sampradAyaH/AgamaH/28/sUxmAgamaH/56/
५६ 	 sampradAyaH/28-Agama-sampradAyaH/AgamaH/28/vIrAgamaH/56/
५६ 	 sampradAyaH/28-Agama-sampradAyaH/AgamaH/achintya-vishva-sAd-Akhyam/1_kriyApAdaH/56/
५६ 	 sampradAyaH/28-Agama-sampradAyaH/AgamaH/aMshumat-kAshyapAgamaH/56/
५६ कण्ठलक्षणविधिपटलः 	 sampradAyaH/28-Agama-sampradAyaH/AgamaH/28/kAmikAgamaH/1/56_kaNThalaxaNavidhipaTalaH/
५६ तन्त्रसङ्करविधि-पटलः 	 sampradAyaH/28-Agama-sampradAyaH/AgamaH/28/suprabhedAgamaH/1_kriyApAdaH/56_tantrasankaravidhi-paTalaH/
५७ 	 sampradAyaH/28-Agama-sampradAyaH/AgamaH/28/sUxmAgamaH/57/
५७ 	 sampradAyaH/28-Agama-sampradAyaH/AgamaH/28/vIrAgamaH/57/
५७ 	 sampradAyaH/28-Agama-sampradAyaH/AgamaH/achintya-vishva-sAd-Akhyam/1_kriyApAdaH/57/
५७ 	 sampradAyaH/28-Agama-sampradAyaH/AgamaH/aMshumat-kAshyapAgamaH/57/
५७ शिखरलक्षणविधिः 	 sampradAyaH/28-Agama-sampradAyaH/AgamaH/28/kAmikAgamaH/1/57_shikharalaxaNavidhiH/
५८ 	 sampradAyaH/28-Agama-sampradAyaH/AgamaH/28/sUxmAgamaH/58/
५८ 	 sampradAyaH/28-Agama-sampradAyaH/AgamaH/28/vIrAgamaH/58/
५८ 	 sampradAyaH/28-Agama-sampradAyaH/AgamaH/achintya-vishva-sAd-Akhyam/1_kriyApAdaH/58/
५८ 	 sampradAyaH/28-Agama-sampradAyaH/AgamaH/aMshumat-kAshyapAgamaH/58/
५८ स्थूपिकालक्षणविधिः 	 sampradAyaH/28-Agama-sampradAyaH/AgamaH/28/kAmikAgamaH/1/58_sthUpikAlaxaNavidhiH/
५९ 	 sampradAyaH/28-Agama-sampradAyaH/AgamaH/28/sUxmAgamaH/59/
५९ 	 sampradAyaH/28-Agama-sampradAyaH/AgamaH/28/vIrAgamaH/59/
५९ 	 sampradAyaH/28-Agama-sampradAyaH/AgamaH/achintya-vishva-sAd-Akhyam/1_kriyApAdaH/59/
५९ 	 sampradAyaH/28-Agama-sampradAyaH/AgamaH/aMshumat-kAshyapAgamaH/59/
५९ नालादिस्थापनविधिपटलः 	 sampradAyaH/28-Agama-sampradAyaH/AgamaH/28/kAmikAgamaH/1/59_nAlAdisthApanavidhipaTalaH/
६ 	 sampradAyaH/28-Agama-sampradAyaH/AgamaH/28/kiraNAgamaH/vidyA-pAdaH/sarva-prastutiH/6/
६ 	 sampradAyaH/kaulaH_shAktaH/sampradAyaH/daxiNAmnAyaH_shrI-kulam/AgamaH/nityA-ShoDashikArNavaH/bhAskara-rAya-TIkA/6/
६ 	 sampradAyaH/kaulaH_shAktaH/sampradAyaH/pUrvAmnAyaH_trikam/tattvam/praty-abhijnA/somAnanda-shivadRShTiH/6/
६ 	 sampradAyaH/kaulaH_shAktaH/sampradAyaH/pUrvAmnAyaH_trikam/tattvam/praty-abhijnA/utpala-devaH_Ishvara-pratyabhiJNA-kArikA/abhinava-gupta-vimarshinI/bhAskarakaNTha-TIkA/1_jnAnAdhikAraH/6/
६  	 sampradAyaH/kaulaH_shAktaH/sampradAyaH/pUrvAmnAyaH_trikam/tattvam/praty-abhijnA/utpala-devaH_Ishvara-pratyabhiJNA-kArikA/vRttiH/mUlam/1_jnAnAdhikAraH/6/
6 Alchemical Metaphors for Spiritual Transformation in Abhinavagupta’s Īśvarapratyabhijñāvimarśinī and Īśvarapratyabhijñāvivṛtivimarśinī 	 meta/articles/shaivism_and_the_Tantric_Traditions/2_Exegetical_and_Philosophical_Traditions/6_Alchemical_Metaphors_for_Spiritual_Transformatio/
6 CONCLUSION 	 meta/articles/davis_on_ritual/6_CONCLUSION/
६ अनुमान 	 sampradAyaH/kaulaH_shAktaH/sampradAyaH/pUrvAmnAyaH_trikam/articles/rastogi-navajIvanaH/pramANa-chintana/2_pramANa-bheda/6_anumAna/
६ प्रमाण-पटलः 	 sampradAyaH/28-Agama-sampradAyaH/tattvam/jnAnaprakAshaH/pauShkara-vRttiH/6_pramANa-paTalaH/
६-कर्म-सङ्ग्रहः 	 meta/6-karma-sangrahaH/
६० 	 sampradAyaH/28-Agama-sampradAyaH/AgamaH/28/sUxmAgamaH/60/
६० 	 sampradAyaH/28-Agama-sampradAyaH/AgamaH/28/vIrAgamaH/60/
६० 	 sampradAyaH/28-Agama-sampradAyaH/AgamaH/achintya-vishva-sAd-Akhyam/1_kriyApAdaH/60/
६० 	 sampradAyaH/28-Agama-sampradAyaH/AgamaH/aMshumat-kAshyapAgamaH/60/
६० एकभूम्यादिविधिः 	 sampradAyaH/28-Agama-sampradAyaH/AgamaH/28/kAmikAgamaH/1/60_ekabhUmyAdividhiH/
६१ 	 sampradAyaH/28-Agama-sampradAyaH/AgamaH/28/vIrAgamaH/61/
६१ 	 sampradAyaH/28-Agama-sampradAyaH/AgamaH/achintya-vishva-sAd-Akhyam/1_kriyApAdaH/61/
६१ 	 sampradAyaH/28-Agama-sampradAyaH/AgamaH/aMshumat-kAshyapAgamaH/61/
६१ मूर्धेष्टकास्थापनविधिपटलः 	 sampradAyaH/28-Agama-sampradAyaH/AgamaH/28/kAmikAgamaH/1/61_mUrdheShTakAsthApanavidhipaTalaH/
६२ 	 sampradAyaH/28-Agama-sampradAyaH/AgamaH/28/vIrAgamaH/62/
६२ 	 sampradAyaH/28-Agama-sampradAyaH/AgamaH/achintya-vishva-sAd-Akhyam/1_kriyApAdaH/62/
६२ 	 sampradAyaH/28-Agama-sampradAyaH/AgamaH/aMshumat-kAshyapAgamaH/62/
६२ लिङ्गलक्षणविधिः 	 sampradAyaH/28-Agama-sampradAyaH/AgamaH/28/kAmikAgamaH/1/62_lingalaxaNavidhiH/
६३ 	 sampradAyaH/28-Agama-sampradAyaH/AgamaH/28/vIrAgamaH/63/
६३ 	 sampradAyaH/28-Agama-sampradAyaH/AgamaH/achintya-vishva-sAd-Akhyam/1_kriyApAdaH/63/
६३ 	 sampradAyaH/28-Agama-sampradAyaH/AgamaH/aMshumat-kAshyapAgamaH/63/
६३ अङ्कुरार्पणलक्षणविधिः 	 sampradAyaH/28-Agama-sampradAyaH/AgamaH/28/kAmikAgamaH/1/63_ankurArpaNalaxaNavidhiH/
६४ 	 sampradAyaH/28-Agama-sampradAyaH/AgamaH/28/vIrAgamaH/64/
६४ 	 sampradAyaH/28-Agama-sampradAyaH/AgamaH/achintya-vishva-sAd-Akhyam/1_kriyApAdaH/64/
६४ 	 sampradAyaH/28-Agama-sampradAyaH/AgamaH/aMshumat-kAshyapAgamaH/64/
६४ लिङ्गप्रतिष्ठाविधिपटलः 	 sampradAyaH/28-Agama-sampradAyaH/AgamaH/28/kAmikAgamaH/1/64_lingapratiShThAvidhipaTalaH/
६५ 	 sampradAyaH/28-Agama-sampradAyaH/AgamaH/28/vIrAgamaH/65/
६५ 	 sampradAyaH/28-Agama-sampradAyaH/AgamaH/achintya-vishva-sAd-Akhyam/1_kriyApAdaH/65/
६५ 	 sampradAyaH/28-Agama-sampradAyaH/AgamaH/aMshumat-kAshyapAgamaH/65/
६५ प्रतिमालक्षणविधिपटलः 	 sampradAyaH/28-Agama-sampradAyaH/AgamaH/28/kAmikAgamaH/1/65_pratimAlaxaNavidhipaTalaH/
६६ 	 sampradAyaH/28-Agama-sampradAyaH/AgamaH/28/vIrAgamaH/66/
६६ 	 sampradAyaH/28-Agama-sampradAyaH/AgamaH/achintya-vishva-sAd-Akhyam/1_kriyApAdaH/66/
६६ 	 sampradAyaH/28-Agama-sampradAyaH/AgamaH/aMshumat-kAshyapAgamaH/66/
६६ त्रिशूलस्थापनविधिपटलः 	 sampradAyaH/28-Agama-sampradAyaH/AgamaH/28/kAmikAgamaH/1/66_trishUlasthApanavidhipaTalaH/
६७ 	 sampradAyaH/28-Agama-sampradAyaH/AgamaH/28/vIrAgamaH/67/
६७ 	 sampradAyaH/28-Agama-sampradAyaH/AgamaH/achintya-vishva-sAd-Akhyam/1_kriyApAdaH/67/
६७ 	 sampradAyaH/28-Agama-sampradAyaH/AgamaH/aMshumat-kAshyapAgamaH/67/
६७ देवतास्थापनविधिपटलः 	 sampradAyaH/28-Agama-sampradAyaH/AgamaH/28/kAmikAgamaH/1/67_devatAsthApanavidhipaTalaH/
६८ 	 sampradAyaH/28-Agama-sampradAyaH/AgamaH/28/vIrAgamaH/68/
६८ 	 sampradAyaH/28-Agama-sampradAyaH/AgamaH/achintya-vishva-sAd-Akhyam/1_kriyApAdaH/68/
६८ 	 sampradAyaH/28-Agama-sampradAyaH/AgamaH/aMshumat-kAshyapAgamaH/68/
६८ प्रतिमाप्रतिष्ठाविधिः 	 sampradAyaH/28-Agama-sampradAyaH/AgamaH/28/kAmikAgamaH/1/68_pratimApratiShThAvidhiH/
६९ 	 sampradAyaH/28-Agama-sampradAyaH/AgamaH/28/vIrAgamaH/69/
६९ 	 sampradAyaH/28-Agama-sampradAyaH/AgamaH/achintya-vishva-sAd-Akhyam/1_kriyApAdaH/69/
६९ 	 sampradAyaH/28-Agama-sampradAyaH/AgamaH/aMshumat-kAshyapAgamaH/69/
६९ विमानस्थापनविधिपटलः 	 sampradAyaH/28-Agama-sampradAyaH/AgamaH/28/kAmikAgamaH/1/69_vimAnasthApanavidhipaTalaH/
७ 	 sampradAyaH/kaulaH_shAktaH/sampradAyaH/daxiNAmnAyaH_shrI-kulam/AgamaH/nityA-ShoDashikArNavaH/bhAskara-rAya-TIkA/7/
७ 	 sampradAyaH/kaulaH_shAktaH/sampradAyaH/pUrvAmnAyaH_trikam/tattvam/praty-abhijnA/somAnanda-shivadRShTiH/7/
७ 	 sampradAyaH/kaulaH_shAktaH/sampradAyaH/pUrvAmnAyaH_trikam/tattvam/praty-abhijnA/utpala-devaH_Ishvara-pratyabhiJNA-kArikA/abhinava-gupta-vimarshinI/bhAskarakaNTha-TIkA/1_jnAnAdhikAraH/7/
७  	 sampradAyaH/kaulaH_shAktaH/sampradAyaH/pUrvAmnAyaH_trikam/tattvam/praty-abhijnA/utpala-devaH_Ishvara-pratyabhiJNA-kArikA/vRttiH/mUlam/1_jnAnAdhikAraH/7/
7 On Vāgīśvarakīrti’s Influence in Kashmir and among the Khmer 	 meta/articles/shaivism_and_the_Tantric_Traditions/2_Exegetical_and_Philosophical_Traditions/7_On_vAgIshvarakIrtis_Influence_in_Kashmir_and_amo/
७ आगम 	 sampradAyaH/kaulaH_shAktaH/sampradAyaH/pUrvAmnAyaH_trikam/articles/rastogi-navajIvanaH/pramANa-chintana/2_pramANa-bheda/7_Agama/
७ तन्त्रावतार-पटलः 	 sampradAyaH/28-Agama-sampradAyaH/tattvam/jnAnaprakAshaH/pauShkara-vRttiH/7_tantrAvatAra-paTalaH/
७० 	 sampradAyaH/28-Agama-sampradAyaH/AgamaH/28/vIrAgamaH/70/
७० 	 sampradAyaH/28-Agama-sampradAyaH/AgamaH/achintya-vishva-sAd-Akhyam/1_kriyApAdaH/70/
७० 	 sampradAyaH/28-Agama-sampradAyaH/AgamaH/aMshumat-kAshyapAgamaH/70/
७० मण्डपस्थापनविधिपटलः 	 sampradAyaH/28-Agama-sampradAyaH/AgamaH/28/kAmikAgamaH/1/70_maNDapasthApanavidhipaTalaH/
७१ 	 sampradAyaH/28-Agama-sampradAyaH/AgamaH/28/vIrAgamaH/71/
७१ 	 sampradAyaH/28-Agama-sampradAyaH/AgamaH/achintya-vishva-sAd-Akhyam/1_kriyApAdaH/71/
७१ 	 sampradAyaH/28-Agama-sampradAyaH/AgamaH/aMshumat-kAshyapAgamaH/71/
७१ प्राकारलक्षणविधिः 	 sampradAyaH/28-Agama-sampradAyaH/AgamaH/28/kAmikAgamaH/1/71_prAkAralaxaNavidhiH/
७२ 	 sampradAyaH/28-Agama-sampradAyaH/AgamaH/28/vIrAgamaH/72/
७२ 	 sampradAyaH/28-Agama-sampradAyaH/AgamaH/achintya-vishva-sAd-Akhyam/1_kriyApAdaH/72/
७२ 	 sampradAyaH/28-Agama-sampradAyaH/AgamaH/aMshumat-kAshyapAgamaH/72/
७२ परिवारस्थापनविधिः 	 sampradAyaH/28-Agama-sampradAyaH/AgamaH/28/kAmikAgamaH/1/72_parivArasthApanavidhiH/
७३ 	 sampradAyaH/28-Agama-sampradAyaH/AgamaH/28/vIrAgamaH/73/
७३ 	 sampradAyaH/28-Agama-sampradAyaH/AgamaH/achintya-vishva-sAd-Akhyam/1_kriyApAdaH/73/
७३ 	 sampradAyaH/28-Agama-sampradAyaH/AgamaH/aMshumat-kAshyapAgamaH/73/
७३ परिवारार्चनविधिः 	 sampradAyaH/28-Agama-sampradAyaH/AgamaH/28/kAmikAgamaH/1/73_parivArArchanavidhiH/
७४ 	 sampradAyaH/28-Agama-sampradAyaH/AgamaH/28/vIrAgamaH/74/
७४ 	 sampradAyaH/28-Agama-sampradAyaH/AgamaH/achintya-vishva-sAd-Akhyam/1_kriyApAdaH/74/
७४ 	 sampradAyaH/28-Agama-sampradAyaH/AgamaH/aMshumat-kAshyapAgamaH/74/
७४ वृषभस्थापनविधिपटलः 	 sampradAyaH/28-Agama-sampradAyaH/AgamaH/28/kAmikAgamaH/1/74_vRShabhasthApanavidhipaTalaH/
७५ 	 sampradAyaH/28-Agama-sampradAyaH/AgamaH/28/vIrAgamaH/75/
७५ 	 sampradAyaH/28-Agama-sampradAyaH/AgamaH/achintya-vishva-sAd-Akhyam/1_kriyApAdaH/75/
७५ 	 sampradAyaH/28-Agama-sampradAyaH/AgamaH/aMshumat-kAshyapAgamaH/75/
७५ गोपुरस्थापनविधिः 	 sampradAyaH/28-Agama-sampradAyaH/AgamaH/28/kAmikAgamaH/1/75_gopurasthApanavidhiH/
७६ 	 sampradAyaH/28-Agama-sampradAyaH/AgamaH/28/vIrAgamaH/76/
७६ 	 sampradAyaH/28-Agama-sampradAyaH/AgamaH/achintya-vishva-sAd-Akhyam/1_kriyApAdaH/76/
७६ 	 sampradAyaH/28-Agama-sampradAyaH/AgamaH/aMshumat-kAshyapAgamaH/76/
७७ 	 sampradAyaH/28-Agama-sampradAyaH/AgamaH/28/vIrAgamaH/77/
७७ 	 sampradAyaH/28-Agama-sampradAyaH/AgamaH/achintya-vishva-sAd-Akhyam/1_kriyApAdaH/77/
७७ 	 sampradAyaH/28-Agama-sampradAyaH/AgamaH/aMshumat-kAshyapAgamaH/77/
७८ 	 sampradAyaH/28-Agama-sampradAyaH/AgamaH/28/vIrAgamaH/78/
७८ 	 sampradAyaH/28-Agama-sampradAyaH/AgamaH/achintya-vishva-sAd-Akhyam/1_kriyApAdaH/78/
७८ 	 sampradAyaH/28-Agama-sampradAyaH/AgamaH/aMshumat-kAshyapAgamaH/78/
७९ 	 sampradAyaH/28-Agama-sampradAyaH/AgamaH/28/vIrAgamaH/79/
७९ 	 sampradAyaH/28-Agama-sampradAyaH/AgamaH/achintya-vishva-sAd-Akhyam/1_kriyApAdaH/79/
७९ 	 sampradAyaH/28-Agama-sampradAyaH/AgamaH/aMshumat-kAshyapAgamaH/79/
८ 	 sampradAyaH/kaulaH_shAktaH/sampradAyaH/daxiNAmnAyaH_shrI-kulam/AgamaH/nityA-ShoDashikArNavaH/bhAskara-rAya-TIkA/8/
८ 	 sampradAyaH/kaulaH_shAktaH/sampradAyaH/pUrvAmnAyaH_trikam/tattvam/praty-abhijnA/utpala-devaH_Ishvara-pratyabhiJNA-kArikA/abhinava-gupta-vimarshinI/bhAskarakaNTha-TIkA/1_jnAnAdhikAraH/8/
८  	 sampradAyaH/kaulaH_shAktaH/sampradAyaH/pUrvAmnAyaH_trikam/tattvam/praty-abhijnA/utpala-devaH_Ishvara-pratyabhiJNA-kArikA/vRttiH/mUlam/1_jnAnAdhikAraH/8/
8 Reflections on the King of Ascetics (Yatirāja): Rāmānuja in the Devotional Poetry of Vedānta Deśika 	 meta/articles/shaivism_and_the_Tantric_Traditions/2_Exegetical_and_Philosophical_Traditions/8_Reflections_on_the_King_of_Ascetics_yatirAja_rAm/
८ अनुबन्धः 	 sampradAyaH/28-Agama-sampradAyaH/tattvam/jnAnaprakAshaH/pauShkara-vRttiH/8_anubandhaH/
८० 	 sampradAyaH/28-Agama-sampradAyaH/AgamaH/28/vIrAgamaH/80/
८० 	 sampradAyaH/28-Agama-sampradAyaH/AgamaH/achintya-vishva-sAd-Akhyam/1_kriyApAdaH/80/
८० 	 sampradAyaH/28-Agama-sampradAyaH/AgamaH/aMshumat-kAshyapAgamaH/80/
८१ 	 sampradAyaH/28-Agama-sampradAyaH/AgamaH/28/vIrAgamaH/81/
८१ 	 sampradAyaH/28-Agama-sampradAyaH/AgamaH/aMshumat-kAshyapAgamaH/81/
८२ 	 sampradAyaH/28-Agama-sampradAyaH/AgamaH/28/vIrAgamaH/82/
८२ 	 sampradAyaH/28-Agama-sampradAyaH/AgamaH/aMshumat-kAshyapAgamaH/82/
८३ 	 sampradAyaH/28-Agama-sampradAyaH/AgamaH/28/vIrAgamaH/83/
८३ 	 sampradAyaH/28-Agama-sampradAyaH/AgamaH/aMshumat-kAshyapAgamaH/83/
८३ 	 sampradAyaH/kaulaH_shAktaH/AgamaH/brahma-yAmala-tantram/daxiNAnubandhaH/83/
८४ 	 sampradAyaH/28-Agama-sampradAyaH/AgamaH/28/vIrAgamaH/84/
८४ 	 sampradAyaH/28-Agama-sampradAyaH/AgamaH/aMshumat-kAshyapAgamaH/84/
८५ 	 sampradAyaH/28-Agama-sampradAyaH/AgamaH/28/vIrAgamaH/85/
८५ 	 sampradAyaH/28-Agama-sampradAyaH/AgamaH/aMshumat-kAshyapAgamaH/85/
८६ 	 sampradAyaH/28-Agama-sampradAyaH/AgamaH/28/vIrAgamaH/86/
८६ 	 sampradAyaH/28-Agama-sampradAyaH/AgamaH/aMshumat-kAshyapAgamaH/86/
८७ 	 sampradAyaH/28-Agama-sampradAyaH/AgamaH/28/vIrAgamaH/87/
८७ 	 sampradAyaH/28-Agama-sampradAyaH/AgamaH/aMshumat-kAshyapAgamaH/87/
८८ 	 sampradAyaH/28-Agama-sampradAyaH/AgamaH/28/vIrAgamaH/88/
८८ 	 sampradAyaH/28-Agama-sampradAyaH/AgamaH/aMshumat-kAshyapAgamaH/88/
८९ 	 sampradAyaH/28-Agama-sampradAyaH/AgamaH/28/vIrAgamaH/89/
८९ 	 sampradAyaH/28-Agama-sampradAyaH/AgamaH/aMshumat-kAshyapAgamaH/89/
९० 	 sampradAyaH/28-Agama-sampradAyaH/AgamaH/28/vIrAgamaH/90/
९० 	 sampradAyaH/28-Agama-sampradAyaH/AgamaH/aMshumat-kAshyapAgamaH/90/
९१ 	 sampradAyaH/28-Agama-sampradAyaH/AgamaH/aMshumat-kAshyapAgamaH/91/
९२ 	 sampradAyaH/28-Agama-sampradAyaH/AgamaH/aMshumat-kAshyapAgamaH/92/
९३ 	 sampradAyaH/28-Agama-sampradAyaH/AgamaH/aMshumat-kAshyapAgamaH/93/
९४ 	 sampradAyaH/28-Agama-sampradAyaH/AgamaH/aMshumat-kAshyapAgamaH/94/
९५ 	 sampradAyaH/28-Agama-sampradAyaH/AgamaH/aMshumat-kAshyapAgamaH/95/
९६ 	 sampradAyaH/28-Agama-sampradAyaH/AgamaH/aMshumat-kAshyapAgamaH/96/
९७ 	 sampradAyaH/28-Agama-sampradAyaH/AgamaH/aMshumat-kAshyapAgamaH/97/
A Note on Alexis Sanderson and Indology 	 meta/articles/shaivism_and_the_Tantric_Traditions/0/A_Note_on_Alexis_Sanderson_and_Indology/
ABBREVIATIONS 	 sampradAyaH/kaulaH_shAktaH/sampradAyaH/pUrvAmnAyaH_trikam/tattvam/abhinava-gupta-mUlam/tantrAlokaH/meta/articles/rastogi-navajIvana-intro/0/ABBREVIATIONS/
About the Translator 	 sampradAyaH/kaulaH_shAktaH/sampradAyaH/pUrvAmnAyaH_trikam/tattvam/abhinava-gupta-mUlam/tantrAlokaH/tantra-sAraH/00/About_the_Translator/
Āgamagrantha 	 sampradAyaH/28-Agama-sampradAyaH/tattvam/sampradAyaH/aShTa-prakaraNa-shAkhA/mukta-bodha-mUlam/unknown/Agamagrantha__I00041/
alaknkAra limits 	 sampradAyaH/28-Agama-sampradAyaH/tattvam/sampradAyaH/aShTa-prakaraNa-shAkhA/parichaya-sanxepaH/GA/alankAra-limits/
Alingana-puShpAnjali 	 meta/articles/Alingana-puShpAnjali/
Aṃśumattantraśaṅkhābhiṣekam 	 sampradAyaH/28-Agama-sampradAyaH/tattvam/sampradAyaH/aShTa-prakaraNa-shAkhA/mukta-bodha-mUlam/unknown/aMshumattantrashankhAbhiShekam__I00046/
An early shaiva formula 	 meta/articles/MT/2006-05-12_an-early-shaiva-formula/
Ancient locii 	 sampradAyaH/kaulaH_shAktaH/articles/MT_lekhAH/ancient-locii/
Antyeṣṭi shrAddham 	 sampradAyaH/kaulaH_shAktaH/sampradAyaH/daxiNAmnAyaH_shrI-kulam/articles/antyeShTiH_shrAddham/
Antyeṣṭividhi 	 sampradAyaH/28-Agama-sampradAyaH/tattvam/sampradAyaH/aShTa-prakaraNa-shAkhA/mukta-bodha-mUlam/unknown/antyeShTividhi__I00049/
Anuttaraprakāśapañcāśikā 	 sampradAyaH/kaulaH_shAktaH/mukta-bodha-mUlam/AdinAtha/anuttaraprakAshapanchAshikA__M00517/
archaka-classes 	 meta/articles/GA/archaka-classes/
archaka-classes 	 sampradAyaH/28-Agama-sampradAyaH/kriyA/aShTa-prakaraNa-shAkhA/GA/archaka-classes/
ArkAdi drugs, rasa 	 meta/articles/MT/arkAdi-drugs_rasa/
Aṣṭādaśakriyā 	 mukta-bodha-mUlam/unknown/aShTAdashakriyA__I00060/
Aṣṭottaraśatakalaśasnāpanavidhi 	 sampradAyaH/28-Agama-sampradAyaH/tattvam/sampradAyaH/aShTa-prakaraNa-shAkhA/mukta-bodha-mUlam/unknown/aShTottarasatakalashasnApanavidhi__I00038/
Bhakti shAstra 	 sampradAyaH/28-Agama-sampradAyaH/kriyA/aShTa-prakaraNa-shAkhA/GA/bhakti-shAstra/
Bhaktotsava 	 sampradAyaH/28-Agama-sampradAyaH/tattvam/sampradAyaH/aShTa-prakaraNa-shAkhA/mukta-bodha-mUlam/unknown/bhaktotsava__I00044/
Bhiarava srotas link 	 sampradAyaH/kaulaH_shAktaH/sampradAyaH/shAmbhavaH/articles/MT/bhiarava-srotas-link/
Bhoja suppression 	 sampradAyaH/nIlAmbarAH_nIlapaTAH/articles/bhoja-suppression/
BhUta srotas misc 	 meta/articles/MT/bhUta-srotas_misc/
bhUta-shuddhiH 	 meta/articles/sthAneshvaraH/bhUta-shuddhiH/
bhuvanAdhvA 	 sampradAyaH/28-Agama-sampradAyaH/tattvam/sampradAyaH/aShTa-prakaraNa-shAkhA/parichaya-sanxepaH/GA/bhuvanAdhvA/
Bibliography 	 sampradAyaH/kaulaH_shAktaH/sampradAyaH/daxiNAmnAyaH_shrI-kulam/AgamaH/yoginI-hRdayam/padoux-jeanty/0/bibliography/
Bibliography 	 sampradAyaH/kaulaH_shAktaH/sampradAyaH/pUrvAmnAyaH_trikam/tattvam/abhinava-gupta-mUlam/tantrAlokaH/tantra-sAraH/Bibliography/
Book adoration 	 sampradAyaH/28-Agama-sampradAyaH/kriyA/aShTa-prakaraNa-shAkhA/GA/book-adoration/
Brahma yAmala srotas listing 	 meta/articles/MT/brahma-yAmala-srotas-listing/
Categories 	 categories/
ChAlukya syncretism 	 sampradAyaH/28-Agama-sampradAyaH/articles/MT/chAlukya-syncretism/
chIna daiva dice 	 meta/articles/MT/chIna-daiva-dice/
ChinchinI-mata 	 sampradAyaH/kaulaH_shAktaH/articles/MT_lekhAH/chinchinImata/
Chit shakti 	 sampradAyaH/28-Agama-sampradAyaH/tattvam/sampradAyaH/aShTa-prakaraNa-shAkhA/parichaya-sanxepaH/GA/chit-shakti/
Chumma 	 sampradAyaH/kaulaH_shAktaH/sampradAyaH/uttarAmnAyaH_kAlI-kulam_kramaH/articles/MT/chumma/
Cinmantramālinī 	 sampradAyaH/kaulaH_shAktaH/sampradAyaH/daxiNAmnAyaH_shrI-kulam/mukta-bodha-mUlam/prakAshAnanda/chinmantramAlinI__E00002/
Cinmayadīkṣāvidhāna 	 sampradAyaH/vIra-shaivaH/mukta-bodha-mUlam/unknown/chinmayadIxAvidhAna__E00004/
Coexistence 	 meta/articles/MT/coexistence/
Contents 	 meta/articles/shaivism_and_the_Tantric_Traditions/0/Contents/
Contents 	 sampradAyaH/kaulaH_shAktaH/sampradAyaH/daxiNAmnAyaH_shrI-kulam/AgamaH/yoginI-hRdayam/padoux-jeanty/0/contents/
Contents 	 sampradAyaH/kaulaH_shAktaH/sampradAyaH/pUrvAmnAyaH_trikam/tattvam/abhinava-gupta-mUlam/tantrAlokaH/tantra-sAraH/00/Contents/
CONTENTS 	 sampradAyaH/kaulaH_shAktaH/sampradAyaH/pUrvAmnAyaH_trikam/tattvam/abhinava-gupta-mUlam/tantrAlokaH/meta/articles/rastogi-navajIvana-intro/0/CONTENTS/
Counter dharma 	 AgamaH/pAshupataH/meta/counter-dharma/
Deity-centrality 	 sampradAyaH/28-Agama-sampradAyaH/tattvam/sampradAyaH/aShTa-prakaraNa-shAkhA/parichaya-sanxepaH/GA/deity-centrality/
Demiurge 	 sampradAyaH/28-Agama-sampradAyaH/tattvam/sampradAyaH/aShTa-prakaraNa-shAkhA/parichaya-sanxepaH/GA/demiurge/
Dharma corrosion 	 sampradAyaH/kaulaH_shAktaH/kriyA/dharma-corrosion/
Dhyānaśloka, Navatriṃśatkalaśakrama, Nītisāra 	 sampradAyaH/28-Agama-sampradAyaH/tattvam/sampradAyaH/aShTa-prakaraNa-shAkhA/mukta-bodha-mUlam/unknown/dhyAnashloka_navatriMshatkalashakrama_nItisAra__I00059/
Dīkṣāvidhi 	 sampradAyaH/28-Agama-sampradAyaH/tattvam/sampradAyaH/aShTa-prakaraNa-shAkhA/mukta-bodha-mUlam/unknown/dIxAvidhi__I00061/
dIxA 	 sampradAyaH/28-Agama-sampradAyaH/kriyA/aShTa-prakaraNa-shAkhA/GA/dIxA/
dIxA 	 sampradAyaH/kaulaH_shAktaH/articles/nandi-rAjarShiH/dIxA/
Document Outline 	 sampradAyaH/kaulaH_shAktaH/sampradAyaH/daxiNAmnAyaH_shrI-kulam/AgamaH/yoginI-hRdayam/padoux-jeanty/0/document_outline/
dvijas and non-dvijas in the shaiva cults 	 meta/articles/MT/2005-03-26_dvijas-and-non-dvijas-in-the-shaiva-cults/
dvivedi-vraja-vallabhaH 	 sampradAyaH/kaulaH_shAktaH/sampradAyaH/pUrvAmnAyaH_trikam/00_tantram/vijJNAna-bhairavaH/srotaH/dvivedi-vraja-vallabhaH/
Dyczkowski Horvatic interview 	 meta/articles/Dyczkowski/Dyczkowski_Hortavik_interview/
Early transmission 	 sampradAyaH/kaulaH_shAktaH/sampradAyaH/pashchimAmnAyaH_kubjikA/articles/MT/early-transmission/
End-goal 	 sampradAyaH/28-Agama-sampradAyaH/tattvam/sampradAyaH/aShTa-prakaraNa-shAkhA/parichaya-sanxepaH/GA/end-goal/
Eng 	 sampradAyaH/kaulaH_shAktaH/sampradAyaH/daxiNAmnAyaH_shrI-kulam/AgamaH/lalitA-sahasra-nAma-stotram/eng/
Evolution 	 sampradAyaH/kaulaH_shAktaH/sampradAyaH/daxiNAmnAyaH_shrI-kulam/articles/MT/evolution/
Evolution of dakShiNashaiva system 	 meta/articles/MT/2010-01-05_a-discursion-on-the-sanatkumariya-panchabrahma-siddha-shamkara-tantra-and-the-early-evolution-of-the-dakshinashaiva-system/
Experience levels 	 sampradAyaH/kaulaH_shAktaH/sampradAyaH/pUrvAmnAyaH_trikam/articles/sthAneshvaraH/experience-levels/
Foreword 	 sampradAyaH/kaulaH_shAktaH/sampradAyaH/pUrvAmnAyaH_trikam/tattvam/abhinava-gupta-mUlam/tantrAlokaH/tantra-sAraH/00/Foreword/
Frequency evolution 	 meta/articles/MT/frequency-evolution/
From the parAtrIshikhA section of the rudra yAmala 	 meta/articles/MT/2005-03-21_from-the-paratrishikha-section-of-the-rudra-yamala/
garbhanyAsaH 	 meta/articles/MT/garbhanyAsaH/
Geo-connection 	 sampradAyaH/28-Agama-sampradAyaH/kriyA/aShTa-prakaraNa-shAkhA/GA/geo-connection/
gharAmnAyaH 	 sampradAyaH/kaulaH_shAktaH/articles/MT_lekhAH/gharAmnAyaH/
Glossary 	 meta/articles/davis_on_ritual/Glossary/
Glossary 	 sampradAyaH/kaulaH_shAktaH/sampradAyaH/daxiNAmnAyaH_shrI-kulam/AgamaH/yoginI-hRdayam/padoux-jeanty/0/glossary/
Gochara names 	 sampradAyaH/28-Agama-sampradAyaH/kriyA/aShTa-prakaraNa-shAkhA/GA/gochara-names/
goraxa-sampradAya 	 meta/articles/MT/goraxa-sampradAya/
graha-pUjA 	 sampradAyaH/28-Agama-sampradAyaH/kriyA/aShTa-prakaraNa-shAkhA/GA/graha-pUjA/
GuhyakAlI 	 sampradAyaH/kaulaH_shAktaH/sampradAyaH/uttarAmnAyaH_kAlI-kulam_kramaH/articles/MT/guhyakAlI/
Guru limitations 	 sampradAyaH/28-Agama-sampradAyaH/kriyA/aShTa-prakaraNa-shAkhA/GA/guru-limitations/
Gurukalā 	 sampradAyaH/kaulaH_shAktaH/sampradAyaH/daxiNAmnAyaH_shrI-kulam/mukta-bodha-mUlam/bhAskararAya/gurukalA__M00682/
Hooykas - shaiva siddhAnta 	 sampradAyaH/bali-matam/articles/hooykas/hooykas_shaiva-siddhAnta/
IFP alt 	 sampradAyaH/28-Agama-sampradAyaH/tattvam/sampradAyaH/aShTa-prakaraNa-shAkhA/parichaya-sanxepaH/trilochana-shiva-siddhAnta-sArAvaliH/alt/
IFP_39691 	 sampradAyaH/28-Agama-sampradAyaH/AgamaH/yogajAgamaH/IFP-39691_mUlam/
Indic spread 	 sampradAyaH/28-Agama-sampradAyaH/articles/indic-spread/
Initiate naming 	 sampradAyaH/kaulaH_shAktaH/articles/MT_lekhAH/initiate-naming/
Intro 	 sampradAyaH/kaulaH_shAktaH/AgamaH/brahma-yAmala-tantram/daxiNAnubandhaH/MT/intro/
Intro 	 sampradAyaH/kaulaH_shAktaH/sampradAyaH/pUrvAmnAyaH_trikam/tattvam/abhinava-gupta-mUlam/tantrAlokaH/tantra-sAraH/00/Intro/
Introduction 	 meta/articles/shaivism_and_the_Tantric_Traditions/0/Introduction/
Introduction 	 sampradAyaH/kaulaH_shAktaH/sampradAyaH/daxiNAmnAyaH_shrI-kulam/AgamaH/yoginI-hRdayam/padoux-jeanty/0/introduction/
itihAsa in buddhitattva 	 sampradAyaH/28-Agama-sampradAyaH/tattvam/sampradAyaH/aShTa-prakaraNa-shAkhA/parichaya-sanxepaH/GA/itihAsa-purANa-in-buddhitattva/
jayadeva-siMhaH 	 sampradAyaH/kaulaH_shAktaH/sampradAyaH/pUrvAmnAyaH_trikam/00_tantram/vijJNAna-bhairavaH/srotaH/jayadeva-siMhaH/
Jayadrathayāmala Ṣaṭka 3 	 sampradAyaH/kaulaH_shAktaH/sampradAyaH/uttarAmnAyaH_kAlI-kulam_kramaH/mukta-bodha-mUlam/unknown/jayadrathayAmala_ShaTka_3__M00680/
Jayadrathayāmala Ṣaṭka 4 	 sampradAyaH/kaulaH_shAktaH/sampradAyaH/uttarAmnAyaH_kAlI-kulam_kramaH/mukta-bodha-mUlam/unknown/jayadrathayAmala_ShaTka_4__M00681/
Jñānadīkṣā 	 sampradAyaH/28-Agama-sampradAyaH/tattvam/sampradAyaH/aShTa-prakaraNa-shAkhA/mukta-bodha-mUlam/unknown/jnAnadIxA__E00005/
Jñānaratnāvalī 	 sampradAyaH/28-Agama-sampradAyaH/tattvam/sampradAyaH/aShTa-prakaraNa-shAkhA/mukta-bodha-mUlam/jnAnashiva/jnAnaratnAvalI__M00222/
Jñānasiddhyāgama 	 sampradAyaH/28-Agama-sampradAyaH/tattvam/sampradAyaH/aShTa-prakaraNa-shAkhA/mukta-bodha-mUlam/unknown/jnAnasiddhyAgama__E00006/
kAlAmukhas-II 	 kAlAmukhAH/articles/MT/2005-03-23_kalamukhas-ii/
Kālikāpurāṇam 	 sampradAyaH/kaulaH_shAktaH/mukta-bodha-mUlam/unknown/kAlikApurANam__M00405/
Kālikārahasya 	 sampradAyaH/kaulaH_shAktaH/sampradAyaH/uttarAmnAyaH_kAlI-kulam_kramaH/mukta-bodha-mUlam/unknown/kAlikArahasya__M00242/
KAmarUpa affiliation 	 sampradAyaH/kaulaH_shAktaH/sampradAyaH/pashchimAmnAyaH_kubjikA/articles/MT/kAmarUpa-affiliation/
kaNNappa 	 sampradAyaH/28-Agama-sampradAyaH/tattvam/sampradAyaH/aShTa-prakaraNa-shAkhA/parichaya-sanxepaH/GA/kaNNappa/
kAshmIr shaivism schools 	 sampradAyaH/kaulaH_shAktaH/sampradAyaH/pUrvAmnAyaH_trikam/articles/jU-laxmaNaH/kAshmIr-shaivism-schools/
krama-tAntricism v1 	 sampradAyaH/kaulaH_shAktaH/sampradAyaH/pUrvAmnAyaH_trikam/articles/rastogi-navajIvanaH/krama-tAntricism/
Kriyāsāra 	 sampradAyaH/vIra-shaivaH/mukta-bodha-mUlam/unknown/kriyAsAra__E00007/
Kuladīpikā 	 sampradAyaH/kaulaH_shAktaH/sampradAyaH/daxiNAmnAyaH_shrI-kulam/mukta-bodha-mUlam/tryambakabhaTTaraka/kuladIpikA__M00230/
KumAra-tantram 	 sampradAyaH/28-Agama-sampradAyaH/kriyA/aShTa-prakaraNa-shAkhA/GA/kumAra-tantram/
kuNDalinI 	 meta/articles/MT/kuNDalinI/
Kuṇḍasaṃskāravidhi 	 sampradAyaH/28-Agama-sampradAyaH/tattvam/sampradAyaH/aShTa-prakaraNa-shAkhA/mukta-bodha-mUlam/unknown/kuNDasaMskaravidhi__I00051/
Lawrence - scripture theory 	 sampradAyaH/kaulaH_shAktaH/sampradAyaH/pUrvAmnAyaH_trikam/tattvam/praty-abhijnA/utpala-devaH_Ishvara-pratyabhiJNA-kArikA/vRttiH/abhinava-gupta-vivRti-vimarshinI/meta/lawrence_scripture-theory/
Leidecker 	 sampradAyaH/kaulaH_shAktaH/sampradAyaH/pUrvAmnAyaH_trikam/tattvam/praty-abhijnA/xema-rAja-mUlam/pratyabhijJNA-hRdayam/srotaH/leidecker/
List of Figures and Tables 	 meta/articles/shaivism_and_the_Tantric_Traditions/0/List_of_Figures_and_Tables/
Mahāguhyakālīvidhāna 	 sampradAyaH/kaulaH_shAktaH/sampradAyaH/uttarAmnAyaH_kAlI-kulam_kramaH/mukta-bodha-mUlam/unknown/mahAguhyakAlIvidhAna__M00403/
Mahālakṣmīdīpadānavidhi 	 sampradAyaH/kaulaH_shAktaH/sampradAyaH/sarvAmnAyaH/mukta-bodha-mUlam/unknown/mahAlaxmIdIpadAnavidhi__M00404/
Mahārahasyasaṃpradāya 	 sampradAyaH/kaulaH_shAktaH/sampradAyaH/pashchimAmnAyaH_kubjikA/mukta-bodha-mUlam/vimala-prabodhaH/mahArahasyasaMpradAya__M00677/
MaheshvarAnandaH 	 sampradAyaH/kaulaH_shAktaH/sampradAyaH/uttarAmnAyaH_kAlI-kulam_kramaH/articles/MT/maheshvarAnandaH/
Māheśvaratantra 	 sampradAyaH/kaulaH_shAktaH/mukta-bodha-mUlam/unknown/mAheshvaratantra__M00225/
Manas and Jñānendriyas in Kashmir Śaivism 	 sampradAyaH/kaulaH_shAktaH/sampradAyaH/pUrvAmnAyaH_trikam/articles/rastogi-navajIvanaH/pramANa-chintana/Manas_and_JnAnendriyas_in_Kashmir_shaivism/
Mark Dyczkowski self intro 	 meta/articles/Dyczkowski/Mark_Dyczkowski_self_intro/
MaThas 	 sampradAyaH/28-Agama-sampradAyaH/articles/MT/maThas/
mAyA adhvans 	 sampradAyaH/28-Agama-sampradAyaH/tattvam/sampradAyaH/aShTa-prakaraNa-shAkhA/parichaya-sanxepaH/GA/mAyA_adhvans/
mikael-conversion - hindu 	 sampradAyaH/28-Agama-sampradAyaH/articles/mikael-conversion_hindu/
Mp maThas 	 sampradAyaH/28-Agama-sampradAyaH/articles/mp-maThas/
mRgayAtrA 	 meta/articles/MT/mRgayAtrA/
mRgendrAgama quote 	 sampradAyaH/28-Agama-sampradAyaH/tattvam/sampradAyaH/aShTa-prakaraNa-shAkhA/parichaya-sanxepaH/GA/mRgendrAgama-quote/
Mukta bodha intro 	 sampradAyaH/kaulaH_shAktaH/articles/mukta-bodha-intro/
Mukta bodha intro 	 sampradAyaH/kaulaH_shAktaH/sampradAyaH/pashchimAmnAyaH_kubjikA/articles/mukta-bodha-intro/
Mukta bodha intro 	 sampradAyaH/kaulaH_shAktaH/sampradAyaH/sarvAmnAyaH/articles/mukta-bodha-intro/
Mukta bodha intro 	 sampradAyaH/kaulaH_shAktaH/sampradAyaH/shAmbhavaH/articles/mukta-bodha-intro/
Mukta bodha intro 	 sampradAyaH/kaulaH_shAktaH/sampradAyaH/uttarAmnAyaH_kAlI-kulam_kramaH/articles/mukta-bodha-intro/
Mukta bodha intro 	 sampradAyaH/vIra-shaivaH/articles/mukta-bodha-intro/
Mukta bodha parichayaH 	 sampradAyaH/kaulaH_shAktaH/sampradAyaH/daxiNAmnAyaH_shrI-kulam/articles/mukta-bodha-parichayaH/
Mukta bodha parichayaH 	 sampradAyaH/kaulaH_shAktaH/sampradAyaH/pUrvAmnAyaH_trikam/articles/mukta-bodha-parichayaH/
Mukta individuality & negative will 	 sampradAyaH/28-Agama-sampradAyaH/tattvam/sampradAyaH/aShTa-prakaraNa-shAkhA/parichaya-sanxepaH/GA/mukta-individuality-negative-will/
muslmis among nAths 	 meta/articles/muslims-among-nAths/
naming of the initiates as per the classic siddhAnta tantras 	 sampradAyaH/28-Agama-sampradAyaH/articles/MT/2006-10-07_naming-of-the-initiates-as-per-the-classic-siddhanta-tantras/
nandanAr 	 sampradAyaH/28-Agama-sampradAyaH/articles/nandanAr/
nandanAr 	 sampradAyaH/28-Agama-sampradAyaH/tattvam/sampradAyaH/aShTa-prakaraNa-shAkhA/parichaya-sanxepaH/GA/nandanAr/
nAtha sampradAya and muslim texts 	 sampradAyaH/matsyendra-nAtha-sampradAyaH/articles/marrewa/nAtha-sampradAya-muslim-texts/
nAtha-s and mogols 	 sampradAyaH/matsyendra-nAtha-sampradAyaH/articles/marrewa/nAthas_and_mogols/
Navakuṇḍavidhi 	 sampradAyaH/28-Agama-sampradAyaH/tattvam/sampradAyaH/aShTa-prakaraNa-shAkhA/mukta-bodha-mUlam/unknown/navakuNDavidhi__I00036/
navarAtryutsavaH 	 sampradAyaH/28-Agama-sampradAyaH/kriyA/aShTa-prakaraNa-shAkhA/GA/navarAtryutsavaH/
navArNa-japaH 	 meta/articles/navArNa-japaH/
Nepal trika survival 	 sampradAyaH/kaulaH_shAktaH/sampradAyaH/pUrvAmnAyaH_trikam/paramparA/articles/nepal-trika-survival/
netra tantraM 	 meta/articles/MT/2006-06-24_some-words-on-the-netra-tantram/
NishvAsAgama 	 sampradAyaH/28-Agama-sampradAyaH/articles/MT/nishvAsAgama/
Nityādisaṅgraha 	 sampradAyaH/kaulaH_shAktaH/sampradAyaH/pUrvAmnAyaH_trikam/mukta-bodha-mUlam/taxakavarta/nityAdisangraha__M00673/
Non kAshmIr origin 	 sampradAyaH/kaulaH_shAktaH/sampradAyaH/pUrvAmnAyaH_trikam/paramparA/articles/non-kAshmIr-origin/
Non-tamil siddhAnta provenance 	 sampradAyaH/28-Agama-sampradAyaH/tattvam/sampradAyaH/aShTa-prakaraNa-shAkhA/parichaya-sanxepaH/GA/non-tamiL-siddhAnta-provenance/
Notes 	 meta/articles/davis_on_ritual/Notes/
Notes 	 sampradAyaH/kaulaH_shAktaH/sampradAyaH/pUrvAmnAyaH_trikam/tattvam/abhinava-gupta-mUlam/tantrAlokaH/tantra-sAraH/Notes/
Notes on Contributors 	 meta/articles/shaivism_and_the_Tantric_Traditions/0/Notes_on_Contributors/
OMkAraH 	 meta/articles/sthAneshvaraH/OMkAraH/
On jIvas 	 sampradAyaH/28-Agama-sampradAyaH/tattvam/sampradAyaH/aShTa-prakaraNa-shAkhA/parichaya-sanxepaH/GA/on_jIvas/
Padyavāhinī 	 sampradAyaH/kaulaH_shAktaH/sampradAyaH/shAmbhavaH/mukta-bodha-mUlam/shankara/padyavAhinI__M00676/
Par A tantrokti H 	 sampradAyaH/kaulaH_shAktaH/articles/MT_lekhAH/parA-tantroktiH/
Parākramapūjā 	 sampradAyaH/kaulaH_shAktaH/sampradAyaH/pUrvAmnAyaH_trikam/mukta-bodha-mUlam/unknown/parAkramapUjA__M00308/
Parārthapūjā 	 sampradAyaH/28-Agama-sampradAyaH/tattvam/sampradAyaH/aShTa-prakaraNa-shAkhA/mukta-bodha-mUlam/unknown/parArthapUjA__I00058/
Parātriṃśikāvivaraṇa 	 sampradAyaH/kaulaH_shAktaH/sampradAyaH/pUrvAmnAyaH_trikam/mukta-bodha-mUlam/abhinavagupta/parAtriMshikAvivaraNa__M00409/
pashubali 	 meta/articles/GA/pashubaliH/
pAshupata-tantra-vyomavyApI 	 AgamaH/pAshupataH/meta/MT/pAshupata-tantra-vyomavyApI/
Pāśupatagurukrama 	 mukta-bodha-mUlam/unknown/pAshupatagurukrama__M00679/
pati vs pashu shAstra 	 sampradAyaH/28-Agama-sampradAyaH/tattvam/sampradAyaH/aShTa-prakaraNa-shAkhA/parichaya-sanxepaH/GA/pati-vs-pashu-shAstra/
pITha nAtha emanation 	 sampradAyaH/kaulaH_shAktaH/sampradAyaH/pashchimAmnAyaH_kubjikA/articles/MT/pITha-nAtha-emanation/
Platonic formulation 	 sampradAyaH/28-Agama-sampradAyaH/kriyA/aShTa-prakaraNa-shAkhA/GA/platonic-formulation/
Popularity 	 sampradAyaH/nIlAmbarAH_nIlapaTAH/articles/popularity/
prakAshAmbA 2002 	 sampradAyaH/kaulaH_shAktaH/sampradAyaH/daxiNAmnAyaH_shrI-kulam/articles/prakAshAmbA_2002/
Prāsādaṣaṭślokīvyākhyā 	 sampradAyaH/28-Agama-sampradAyaH/tattvam/sampradAyaH/aShTa-prakaraNa-shAkhA/mukta-bodha-mUlam/unknown/prAsAdaShaTshlokIvyAkhyA__I00053/
Preface 	 meta/articles/shaivism_and_the_Tantric_Traditions/0/Preface/
Preface 	 sampradAyaH/kaulaH_shAktaH/sampradAyaH/daxiNAmnAyaH_shrI-kulam/AgamaH/yoginI-hRdayam/padoux-jeanty/0/preface/
Preface 	 sampradAyaH/kaulaH_shAktaH/sampradAyaH/pUrvAmnAyaH_trikam/tattvam/abhinava-gupta-mUlam/tantrAlokaH/tantra-sAraH/00/Preface/
PREFATORY NOTE 	 sampradAyaH/kaulaH_shAktaH/sampradAyaH/pUrvAmnAyaH_trikam/tattvam/abhinava-gupta-mUlam/tantrAlokaH/meta/articles/rastogi-navajIvana-intro/0/PREFATORY_NOTE/
Purpose 	 sampradAyaH/28-Agama-sampradAyaH/tattvam/sampradAyaH/aShTa-prakaraNa-shAkhA/parichaya-sanxepaH/articles/pinAka-senaH/purpose/
RAjasthAna sarvAdhikArI 	 sampradAyaH/kaulaH_shAktaH/articles/MT_lekhAH/rAjasthAna-sarvAdhikArI/
Reaccessing Abhinavagupta 	 sampradAyaH/kaulaH_shAktaH/sampradAyaH/pUrvAmnAyaH_trikam/articles/rastogi-navajIvanaH/Reaccessing_Abhinavagupta/
Retributive violence vs jains 	 sampradAyaH/vIra-shaivaH/articles/retributive-violence_vs_jains/
Royal kumAra worshippers 	 meta/articles/MT/2005-10-28_royal-kumara-worshippers/
rudra-gAyatrI 	 meta/articles/MT/rudra-gAyatrI/
rudrAxa-niyamaH 	 sampradAyaH/28-Agama-sampradAyaH/kriyA/aShTa-prakaraNa-shAkhA/GA/rudrAxa-niyamaH/
Rurujit shubhaMkArikA 	 sampradAyaH/kaulaH_shAktaH/articles/MT_lekhAH/rurujit-shubhaMkArikA/
Sad asat 	 sampradAyaH/28-Agama-sampradAyaH/kriyA/aShTa-prakaraNa-shAkhA/GA/sad_asat/
Sahasrāgama 	 sampradAyaH/28-Agama-sampradAyaH/tattvam/sampradAyaH/aShTa-prakaraNa-shAkhA/mukta-bodha-mUlam/unknown/sahasrAgama__I00042/
Śaivarahasyam 	 mukta-bodha-mUlam/unknown/shaivarahasyam__I00045/
Sakalāgamasārasaṅgraha 	 sampradAyaH/28-Agama-sampradAyaH/tattvam/sampradAyaH/aShTa-prakaraNa-shAkhA/mukta-bodha-mUlam/unknown/sakalAgamasArasangraha__I00039/
Śaktimaṇṭapapūjā 	 sampradAyaH/28-Agama-sampradAyaH/tattvam/sampradAyaH/aShTa-prakaraNa-shAkhA/mukta-bodha-mUlam/unknown/shaktimaNTapapUjA__I00037/
Śambhunirṇaya 	 sampradAyaH/kaulaH_shAktaH/sampradAyaH/shAmbhavaH/mukta-bodha-mUlam/unknown/shambhunirNaya__M00674/
SaMvartA-maNDala 	 sampradAyaH/kaulaH_shAktaH/sampradAyaH/pashchimAmnAyaH_kubjikA/articles/MT/saMvarta-maNDala/
sAnkhya dvaita 	 sampradAyaH/bali-matam/articles/sAnkhya-dvaita/
Sanskrit notes 	 sampradAyaH/kaulaH_shAktaH/sampradAyaH/daxiNAmnAyaH_shrI-kulam/AgamaH/yoginI-hRdayam/padoux-jeanty/0/sanskrit_notes/
Sardhatrisatikalottaragama 	 sampradAyaH/28-Agama-sampradAyaH/AgamaH/sArdha-tri-shati-kAlottarAgamaH/
sarvAgama-prAmANyam 	 sampradAyaH/28-Agama-sampradAyaH/tattvam/sampradAyaH/aShTa-prakaraNa-shAkhA/parichaya-sanxepaH/GA/sarvAgama-prAmANyam/
Saubh Agya sudhodaya H 	 sampradAyaH/kaulaH_shAktaH/sampradAyaH/daxiNAmnAyaH_shrI-kulam/amRtAnandaH/saubhAgya-sudhodayaH/
Saundaryalaharī 	 sampradAyaH/kaulaH_shAktaH/sampradAyaH/daxiNAmnAyaH_shrI-kulam/mukta-bodha-mUlam/shaMkarAchArya_attributed_to/saundaryalaharI__M00672/
Se asia survival 	 meta/articles/GA/se-asia-survival/
SELECT BIBLIOGRAPHY 	 sampradAyaH/kaulaH_shAktaH/sampradAyaH/pUrvAmnAyaH_trikam/tattvam/abhinava-gupta-mUlam/tantrAlokaH/meta/articles/rastogi-navajIvana-intro/0/SELECT_BIBLIOGRAPHY/
Selected Bibliography 	 meta/articles/davis_on_ritual/Selected_Bibliography/
shaiva-age 	 meta/articles/sanderson/shaiva-age/
Shankara-varma suppression 	 sampradAyaH/nIlAmbarAH_nIlapaTAH/articles/shankara-varma-suppression/
Shiva bodha vi Mshik A 	 sampradAyaH/kaulaH_shAktaH/kriyA/sthAneshvaraH/shiva-bodha-viMshikA/
ShivAchArya fortune 	 sampradAyaH/28-Agama-sampradAyaH/kriyA/aShTa-prakaraNa-shAkhA/GA/shivAchArya-fortune/
shivAlaya-dharmakartA 	 sampradAyaH/28-Agama-sampradAyaH/kriyA/aShTa-prakaraNa-shAkhA/GA/shivAlaya-dharmakartA/
shrIkaNTha-rudraH 	 sampradAyaH/28-Agama-sampradAyaH/tattvam/sampradAyaH/aShTa-prakaraNa-shAkhA/parichaya-sanxepaH/GA/shrIkaNTha-rudraH/
siddhAnta loss outside TN 	 sampradAyaH/28-Agama-sampradAyaH/tattvam/sampradAyaH/aShTa-prakaraNa-shAkhA/parichaya-sanxepaH/GA/siddhAnta-loss-outside-TN/
siddhAnta tantrics and mainstream 	 sampradAyaH/28-Agama-sampradAyaH/articles/MT/2006-06-23_siddhanta-tantrics-and-the-mainstream-brahminical-path/
Śivagaṇapatisubrahmaṇyapratiṣṭhā 	 sampradAyaH/28-Agama-sampradAyaH/tattvam/sampradAyaH/aShTa-prakaraNa-shAkhA/mukta-bodha-mUlam/unknown/shivagaNapatisubrahmaNyapratiShThA__I00043/
Śivotsavacaṇḍotsavabhaktotsavasahita 	 sampradAyaH/28-Agama-sampradAyaH/tattvam/sampradAyaH/aShTa-prakaraNa-shAkhA/mukta-bodha-mUlam/unknown/shivotsavachaNDotsavabhaktotsavasahita__I00047/
Some considerations on the tantric path 	 meta/articles/MT/2005-11-15_some-considerations-on-the-tantric-path/
South indian ekavIrI 	 sampradAyaH/kaulaH_shAktaH/AgamaH/brahma-yAmala-tantram/daxiNAnubandhaH/MT/south-indian-ekavIrI/
South-lineage 	 sampradAyaH/kaulaH_shAktaH/sampradAyaH/pUrvAmnAyaH_trikam/articles/MT/south-lineage/
sundaranAtha (tirumUlar)’s lineage 	 meta/articles/MT/2006-08-25_sundaranatha-tirumulars-lineage/
SUrya sevanam 	 sampradAyaH/bali-matam/articles/hooykas/sUrya-sevanam/
Tags 	 tags/
tamil-maTha-status 	 sampradAyaH/28-Agama-sampradAyaH/articles/tamil-maTha-status/
tAntric-traditions 	 meta/articles/sanderson/tAntric-traditions/
Tārārahasyavṛtti 2 	 sampradAyaH/kaulaH_shAktaH/mukta-bodha-mUlam/brahmAnanda/tArArahasyavRtti_2__M00323/
tattva-JNAna-lacuna 	 sampradAyaH/28-Agama-sampradAyaH/tattvam/sampradAyaH/aShTa-prakaraNa-shAkhA/parichaya-sanxepaH/GA/tattva-JNAna-lacuna/
tattvas-attainable 	 sampradAyaH/28-Agama-sampradAyaH/tattvam/sampradAyaH/aShTa-prakaraNa-shAkhA/parichaya-sanxepaH/GA/tattvas-attainable/
Teachers 	 sampradAyaH/kaulaH_shAktaH/articles/MT_lekhAH/teachers/
Temple making in kAmikAgama 	 sampradAyaH/28-Agama-sampradAyaH/kriyA/aShTa-prakaraNa-shAkhA/GA/temple-making-kAmikAgama/
The akShara puruSha maNDala of the pUrva srotas 	 meta/articles/MT/2006-07-14_the-akshara-purusha-mandala-of-the-purva-srotas/
The heart of the tantra 	 meta/articles/MT/2005-03-11_the-heart-of-the-tantra/
The kAlAmukhas-I 	 kAlAmukhAH/articles/MT/2005-02-23_the-kalamukhas-i/
The matta-mayUra vaMsha 	 meta/articles/MT/2006-12-10_the-matta-mayura-vamsha-of-mantra-marga-siddhantin-s/
The mythology of tirumUlar 	 meta/articles/MT/2006-08-25_the-mythology-of-tirumular/
The pa~ncha vaktra chakra of the pUrva srotas 	 meta/articles/MT/2006-07-13_the-pancha-vaktra-chakra-of-the-purva-srotas/
The primary tantras of rudra 	 meta/articles/MT/2005-03-26_the-primary-tantras-of-rudra/
The shaiva cult in the tamil country 	 sampradAyaH/28-Agama-sampradAyaH/articles/MT/2004-05-19_the-shaiva-cult-in-the-tamil-country/
The shaivas: the pAshupata-s 	 AgamaH/pAshupataH/meta/MT/2006-05-10_the-shaivas-the-pashupata-s/
The trayodashi rite of the kaTha dIkShita-s 	 meta/articles/MT/2006-08-15_the-trayodashi-rite-of-the-katha-dikshita-s/
The unmatta bhairava tantraM of the saMmohana tradition 	 meta/articles/MT/2006-11-11_the-unmatta-bhairava-tantram-of-the-sammohana-tradition/
Tibetan art harris 	 sampradAyaH/matsyendra-nAtha-sampradAyaH/articles/marrewa/tibetan-art_harris/
trika-siddhAnta-tension 	 meta/articles/MT/trika-siddhAnta-tension/
tripura-vadhAkhyAna 	 sampradAyaH/28-Agama-sampradAyaH/tattvam/sampradAyaH/aShTa-prakaraNa-shAkhA/parichaya-sanxepaH/GA/tripura-vadhAkhyAna/
Tripuraśekhara 	 sampradAyaH/kaulaH_shAktaH/sampradAyaH/daxiNAmnAyaH_shrI-kulam/articles/MT/tripura-shekharaH/
turIya 	 sampradAyaH/kaulaH_shAktaH/sampradAyaH/uttarAmnAyaH_kAlI-kulam_kramaH/articles/MT/turIya/
Ugra mUrtis 	 sampradAyaH/28-Agama-sampradAyaH/kriyA/aShTa-prakaraNa-shAkhA/GA/ugra-mUrtis/
upaniShat-antiquity 	 meta/articles/MT/upaniShat-antiquity/
Urdhva srotas synthesis 	 sampradAyaH/kaulaH_shAktaH/sampradAyaH/daxiNAmnAyaH_shrI-kulam/articles/MT/Urdhva-srotas-synthesis/
Vajra gahvara prastara H 	 sampradAyaH/kaulaH_shAktaH/sampradAyaH/pashchimAmnAyaH_kubjikA/articles/MT/vajra-gahvara-prastaraH/
vanadurgA-mantraH 	 sampradAyaH/kaulaH_shAktaH/articles/MT_lekhAH/vanadurgA-mantraH/
varNAshrama-dharmaH 	 sampradAyaH/28-Agama-sampradAyaH/kriyA/aShTa-prakaraNa-shAkhA/GA/varNAshrama-dharmaH/
Vāruṇapaddhativyākhyānam 	 sampradAyaH/28-Agama-sampradAyaH/tattvam/sampradAyaH/aShTa-prakaraNa-shAkhA/mukta-bodha-mUlam/unknown/vAruNapaddhativyAkhyAnam__M00241/
Vedic roots 	 sampradAyaH/kaulaH_shAktaH/sampradAyaH/pashchimAmnAyaH_kubjikA/articles/MT/vedic-roots/
VidyA-deha chatus saMskAra 	 sampradAyaH/28-Agama-sampradAyaH/kriyA/aShTa-prakaraNa-shAkhA/GA/vidyA-deha_chatus-saMskAra/
Vighneśvaramūlamantra 	 sampradAyaH/28-Agama-sampradAyaH/tattvam/sampradAyaH/aShTa-prakaraNa-shAkhA/mukta-bodha-mUlam/unknown/vighneshvaramUlamantra__I00040/
Vijayottaratantra 	 sampradAyaH/28-Agama-sampradAyaH/tattvam/sampradAyaH/aShTa-prakaraNa-shAkhA/mukta-bodha-mUlam/unknown/vijayottaratantra__E00010/
vimalA mAlI kucha 	 sampradAyaH/kaulaH_shAktaH/sampradAyaH/pUrvAmnAyaH_trikam/articles/MT/vimalA_mAlI_kucha/
vimarsha-initiation-notes 	 meta/articles/sthAneshvaraH/vimarsha-initiation-notes/
Vīraśaivācārakaustubha 	 sampradAyaH/vIra-shaivaH/mukta-bodha-mUlam/maunappa-paNDita/vIrashaivAchArakaustubha__M00683/
Viśeṣāntyeṣṭi 	 sampradAyaH/28-Agama-sampradAyaH/tattvam/sampradAyaH/aShTa-prakaraNa-shAkhA/mukta-bodha-mUlam/unknown/visheShAntyeShTi__I00048/
Wallis & sanderson - divisions 	 meta/articles/wallis-sanderson_divisions/
Wood 	 meta/articles/MT/wood/
Word Index 	 meta/articles/davis_on_ritual/word-Index/
Word Index 	 sampradAyaH/kaulaH_shAktaH/sampradAyaH/daxiNAmnAyaH_shrI-kulam/AgamaH/yoginI-hRdayam/padoux-jeanty/0/word-index/
Yatidharmabodhinīvyākhyā 	 sampradAyaH/28-Agama-sampradAyaH/tattvam/sampradAyaH/aShTa-prakaraNa-shAkhA/mukta-bodha-mUlam/unknown/yatidharmabodhinIvyAkhyA__I00054/
yavana shaiva 	 meta/articles/MT/yavana-shaiva/
अकुलवीरतन्त्र 	 sampradAyaH/kaulaH_shAktaH/mukta-bodha-mUlam/matsyendranAtha/akulavIratantra__M00003/
अग्निकार्यपद्धति 	 sampradAyaH/kaulaH_shAktaH/sampradAyaH/pUrvAmnAyaH_trikam/mukta-bodha-mUlam/unknown/agnikAryapaddhati__M00246/
अचिन्त्यविश्वसादाख्यम् 	 sampradAyaH/28-Agama-sampradAyaH/tattvam/sampradAyaH/aShTa-prakaraNa-shAkhA/mukta-bodha-mUlam/unknown/achintyavishvasAdAkhya__M00272/
अजडप्रमातृसिद्धिः 	 sampradAyaH/kaulaH_shAktaH/sampradAyaH/pUrvAmnAyaH_trikam/mukta-bodha-mUlam/utpaladeva/ajaDapramAtRsiddhi__M00658/
अजितागमः 	 sampradAyaH/28-Agama-sampradAyaH/AgamaH/ajitAgamaH/
अज्ञानध्वान्तदीपिका 	 sampradAyaH/kaulaH_shAktaH/sampradAyaH/pUrvAmnAyaH_trikam/mukta-bodha-mUlam/somanAtha/ajnAnadhvAntadIpikA__M00622/
अथर्व-शिर-उपनिषत् शैवी 	 upaniShat/atharva-shIra-upaniShat/
अनन्त-शम्भुः 	 sampradAyaH/28-Agama-sampradAyaH/tattvam/sampradAyaH/aShTa-prakaraNa-shAkhA/parichaya-sanxepaH/trilochana-shiva-siddhAnta-sArAvaliH/ananta-shambhuH/
अनादिवीरशैवसङ्ग्रह 	 sampradAyaH/vIra-shaivaH/mukta-bodha-mUlam/unknown/anAdivIrashaivasangraha__M00615/
अनुत्तरप्रकाशपञ्चाशिका 	 sampradAyaH/kaulaH_shAktaH/mukta-bodha-mUlam/AdyanAtha/anuttaraprakAshapanchAshikA__M00004/
अनुत्तराष्टिका 	 sampradAyaH/kaulaH_shAktaH/sampradAyaH/pUrvAmnAyaH_trikam/tattvam/abhinava-gupta-mUlam/anuttarAShTikA/
अप्पय्य-शिवार्चनचन्द्रिका 	 sampradAyaH/28-Agama-sampradAyaH/kriyA/appayya-shivArchana-chandrikA/
अमृतेशतन्त्र 	 sampradAyaH/kaulaH_shAktaH/mukta-bodha-mUlam/unknown/amRteshatantra__M00504/
अमृतेश्वरदिक्षाविधि 	 sampradAyaH/kaulaH_shAktaH/mukta-bodha-mUlam/unknown/amRteshvaradIxAvidhi__M00539/
अरुणाचलेश्वराष्टोत्तरनामावली 	 mantrAdi/aruNAchaleshvarAShTottaranAmAvalI/
अंशुमत्काश्यपागम 	 sampradAyaH/28-Agama-sampradAyaH/tattvam/sampradAyaH/aShTa-prakaraNa-shAkhA/mukta-bodha-mUlam/unknown/aMshumatkAshyapAgama__M00198/
अशेषकुलवल्लरी 	 sampradAyaH/kaulaH_shAktaH/sampradAyaH/daxiNAmnAyaH_shrI-kulam/mukta-bodha-mUlam/gaNananAthabhaTTa/asheShakulavallarI__M00311/
अष्टमातृकापूजा 	 sampradAyaH/kaulaH_shAktaH/sampradAyaH/pashchimAmnAyaH_kubjikA/mukta-bodha-mUlam/unknown/aShTamAtRkApUjA__M00540/
अष्टोत्तर-शत-नाम-स्तोत्रम् 	 sampradAyaH/kaulaH_shAktaH/AgamaH/nIla-sarasvatI-tantram/aShTottara-shata-nAma-stotram/
आगमवचनसङ्ग्रह 	 sampradAyaH/28-Agama-sampradAyaH/tattvam/sampradAyaH/aShTa-prakaraNa-shAkhA/mukta-bodha-mUlam/unknown/Agamavachanasangraha__I00024/
आगमवचनसङ्ग्रहः 	 sampradAyaH/28-Agama-sampradAyaH/tattvam/sampradAyaH/aShTa-prakaraNa-shAkhA/mukta-bodha-mUlam/unknown/Agamavachanasangraha__I00020/
आचारसारतन्त्र 	 sampradAyaH/kaulaH_shAktaH/mukta-bodha-mUlam/svAtmArAma_unknown_unknown/haThapradIpakA_AchArasAratantra_samayAchAra_etch.__M00501/
आजडप्रमातृसिद्धि 	 sampradAyaH/kaulaH_shAktaH/sampradAyaH/pUrvAmnAyaH_trikam/mukta-bodha-mUlam/utpaladeva/ajaDapramAtRsiddhi__M00502/
आत्म-नाशः 	 sampradAyaH/28-Agama-sampradAyaH/tattvam/sampradAyaH/aShTa-prakaraNa-shAkhA/parichaya-sanxepaH/GA/Atma-nAshaH/
आनन्दतन्त्र 	 sampradAyaH/kaulaH_shAktaH/sampradAyaH/daxiNAmnAyaH_shrI-kulam/mukta-bodha-mUlam/unknown/Anandatantra__M00066/
आनन्देश्वरपद्धतिः 	 sampradAyaH/kaulaH_shAktaH/sampradAyaH/pUrvAmnAyaH_trikam/mukta-bodha-mUlam/unknown/Anandeshvarapaddhati__M00624/
आशीर्वादपरम्परा, समुद्रस्नानविधि, कालप्रकाशिका, सुधिविलोचन 	 sampradAyaH/28-Agama-sampradAyaH/tattvam/sampradAyaH/aShTa-prakaraNa-shAkhA/mukta-bodha-mUlam/unknown/AshIrvAdaparamparA_samudrasnAnavidhi_kAlaprakAshikA_shuddhivilochana__I00005/
आशौच्यदिइपिकअ 	 sampradAyaH/28-Agama-sampradAyaH/tattvam/sampradAyaH/aShTa-prakaraNa-shAkhA/mukta-bodha-mUlam/vedajnAna/AshauchyadIpikA__M00237/
आश्चर्ययोगमाला 	 sampradAyaH/kaulaH_shAktaH/mukta-bodha-mUlam/nAgArjuna/AshcharyayogamAlA__M00286/
आष्टप्रकरण तत्त्वत्रयनिर्णय 	 sampradAyaH/28-Agama-sampradAyaH/tattvam/sampradAyaH/aShTa-prakaraNa-shAkhA/mukta-bodha-mUlam/sadyojyoti_aghorashiva/aShTaprakaraNa_tattvatrayanirNaya__M00012/
आष्टप्रकरण तत्त्वप्रकाश 	 sampradAyaH/28-Agama-sampradAyaH/tattvam/sampradAyaH/aShTa-prakaraNa-shAkhA/mukta-bodha-mUlam/bhojadeva_aghorashiva/aShTaprakaraNa_tattvaprakAsha__M00010/
आष्टप्रकरण तत्त्वसंग्रह 	 sampradAyaH/28-Agama-sampradAyaH/tattvam/sampradAyaH/aShTa-prakaraNa-shAkhA/mukta-bodha-mUlam/sadyojyoti_aghorashiva/aShTaprakaraNa_tattvasaMgraha__M00011/
आष्टप्रकरण नादकारिका 	 sampradAyaH/28-Agama-sampradAyaH/tattvam/sampradAyaH/aShTa-prakaraNa-shAkhA/mukta-bodha-mUlam/sadyojyoti_rAmakaNTha_ii/aShTaprakaraNa_nAdakArikA__M00007/
आष्टप्रकरण परमोक्षनिरासकारिका 	 sampradAyaH/28-Agama-sampradAyaH/tattvam/sampradAyaH/aShTa-prakaraNa-shAkhA/mukta-bodha-mUlam/sadyojyoti_rAmakaNTha_ii/aShTaprakaraNa_paramoxanirAsakArikA__M00008/
आष्टप्रकरण भोगकारिका 	 sampradAyaH/28-Agama-sampradAyaH/tattvam/sampradAyaH/aShTa-prakaraNa-shAkhA/mukta-bodha-mUlam/sadyojyoti_aghorashiva/aShTaprakaraNa_bhogakArikA__M00005/
आष्टप्रकरण मोक्षकारिका 	 sampradAyaH/28-Agama-sampradAyaH/tattvam/sampradAyaH/aShTa-prakaraNa-shAkhA/mukta-bodha-mUlam/sadyojyoti_rAmakaNTha_ii/aShTaprakaraNa_moxakArikA__M00006/
आष्टप्रकरण रत्नत्रयपरीक्षा 	 sampradAyaH/28-Agama-sampradAyaH/tattvam/sampradAyaH/aShTa-prakaraNa-shAkhA/mukta-bodha-mUlam/shrIkaNTha_aghorashiva/aShTaprakaraNa_ratnatrayaparIxA__M00009/
ईश्वरप्रत्यभिज्ञाकौमुदी 	 sampradAyaH/kaulaH_shAktaH/sampradAyaH/pUrvAmnAyaH_trikam/mukta-bodha-mUlam/bhaTTAraka_sundara/IshvarapratyabhijnAkaumudI__M00053/
ईश्वरप्रत्यभिज्ञाविमर्शिनी 	 sampradAyaH/kaulaH_shAktaH/sampradAyaH/pUrvAmnAyaH_trikam/mukta-bodha-mUlam/abhinavagupta/IshvarapratyabhijnAvimarshinI__M00019/
ईश्वरप्रत्यभिज्ञाविमर्शिनीव्याख्या 	 sampradAyaH/kaulaH_shAktaH/sampradAyaH/pUrvAmnAyaH_trikam/mukta-bodha-mUlam/unknown/IshvarapratyabhijnAvimarshinIvyAkhyA__M00197/
ईश्वरप्रत्यभिज्ञाविवृतिविमर्शिनी १ 	 sampradAyaH/kaulaH_shAktaH/sampradAyaH/pUrvAmnAyaH_trikam/mukta-bodha-mUlam/abhinavagupta/IshvarapratyabhijnAvivRtivimarshinI_volume_1__M00020/
ईश्वरप्रत्यभिज्ञाविवृतिविमर्शिनी २ 	 sampradAyaH/kaulaH_shAktaH/sampradAyaH/pUrvAmnAyaH_trikam/mukta-bodha-mUlam/abhinavagupta/IshvarapratyabhijnAvivRtivimarshinI_volume_2__M00021/
ईश्वरप्रत्यभिज्ञाविवृतिविमर्शिनी ३ 	 sampradAyaH/kaulaH_shAktaH/sampradAyaH/pUrvAmnAyaH_trikam/mukta-bodha-mUlam/abhinavagupta/IshvarapratyabhijnAvivRtivimarshinI_volume_3__M00022/
ईश्वरसिद्धि 	 sampradAyaH/kaulaH_shAktaH/sampradAyaH/pUrvAmnAyaH_trikam/mukta-bodha-mUlam/utpaladeva/Ishvarasiddhi__M00023/
ईश्वरसिद्धिः 	 sampradAyaH/kaulaH_shAktaH/sampradAyaH/pUrvAmnAyaH_trikam/mukta-bodha-mUlam/utpaladeva/IshvarasiddhiH__M00660/
उग्रचण्डपूजापद्धति 	 sampradAyaH/kaulaH_shAktaH/sampradAyaH/uttarAmnAyaH_kAlI-kulam_kramaH/mukta-bodha-mUlam/unknown/ugrachaNDapUjApaddhati__M00420/
उड्डामेश्वरतन्त्र 	 sampradAyaH/kaulaH_shAktaH/mukta-bodha-mUlam/unknown/uDDAmeshvaratantra__M00169/
उत्पल-भागवत—स्पन्द-प्रदीपिका 	 sampradAyaH/kaulaH_shAktaH/sampradAyaH/pUrvAmnAyaH_trikam/tattvam/spandaH/spanda-kArikA/utpala-bhAgavata-spanda-pradIpikA/
उन्मत्तभैरव 	 sampradAyaH/kaulaH_shAktaH/mukta-bodha-mUlam/unknown/unmattabhairava__M00275/
उमासंहिता 	 sampradAyaH/kaulaH_shAktaH/mukta-bodha-mUlam/unknown/umAsaMhitA__M00276/
उर्द्ध्वाम्नाय दमनारोहणपद्धति 	 sampradAyaH/kaulaH_shAktaH/sampradAyaH/uttarAmnAyaH_kAlI-kulam_kramaH/mukta-bodha-mUlam/unknown/UrddhvAmnAya_damanArohaNapaddhati__M00421/
उर्द्ध्वाम्नायपूजाविधि 	 sampradAyaH/kaulaH_shAktaH/sampradAyaH/uttarAmnAyaH_kAlI-kulam_kramaH/mukta-bodha-mUlam/unknown/UrddhvAmnAyapUjAvidhi__M00422/
उर्ध्वाम्नायपूजाविधि 	 sampradAyaH/kaulaH_shAktaH/kriyA/UrdhvAmnAya-pUjA-vidhiH/
ऊर्ध्वाम्नाय 	 sampradAyaH/kaulaH_shAktaH/mukta-bodha-mUlam/unknown/UrdhvAmnAya__M00640/
कङ्कालमालिनीतन्त्र 	 sampradAyaH/kaulaH_shAktaH/sampradAyaH/uttarAmnAyaH_kAlI-kulam_kramaH/mukta-bodha-mUlam/unknown/kankAlamAlinItantra__M00026/
कच्छपेश्वरः 	 sampradAyaH/28-Agama-sampradAyaH/kriyA/aShTa-prakaraNa-shAkhA/aghora-shivaH/kriyA-krama-dyotikA/kachChapeshvara-TIkA/
कमलानाम्नी त्रिपुरसुन्दरीपद्धति 	 sampradAyaH/kaulaH_shAktaH/sampradAyaH/daxiNAmnAyaH_shrI-kulam/mukta-bodha-mUlam/unknown/kamalAnAmnI_tripurasundarIpaddhati__M00523/
कमिकागम उत्तरभाग 	 sampradAyaH/28-Agama-sampradAyaH/tattvam/sampradAyaH/aShTa-prakaraNa-shAkhA/mukta-bodha-mUlam/unknown/kAmikAgama_uttarabhAga__M00125/
कमिकागम पूर्वभाग 	 sampradAyaH/28-Agama-sampradAyaH/tattvam/sampradAyaH/aShTa-prakaraNa-shAkhA/mukta-bodha-mUlam/unknown/kAmikAgama_pUrvabhAga__M00124/
करणागम 	 sampradAyaH/28-Agama-sampradAyaH/tattvam/sampradAyaH/aShTa-prakaraNa-shAkhA/mukta-bodha-mUlam/unknown/karaNAgama__M00208/
कर्पूरादिस्तोत्र 	 sampradAyaH/kaulaH_shAktaH/sampradAyaH/uttarAmnAyaH_kAlI-kulam_kramaH/mukta-bodha-mUlam/unknown/karpUrAdistotra__M00236/
कलशार्चनविधि 	 sampradAyaH/kaulaH_shAktaH/sampradAyaH/sarvAmnAyaH/mukta-bodha-mUlam/siddhalaxmIdevI/kalashArchanavidhi__M00511/
कलसंकर्षिनीमततन्त्रटिप्पणी 	 sampradAyaH/kaulaH_shAktaH/sampradAyaH/uttarAmnAyaH_kAlI-kulam_kramaH/mukta-bodha-mUlam/unknown/kalasaMkarShinImatatantraTippaNI__M00320/
कल्पवृक्ष 	 sampradAyaH/kaulaH_shAktaH/sampradAyaH/pUrvAmnAyaH_trikam/mukta-bodha-mUlam/sAhib_kaul/kalpavRxa__M00051/
कल्पसूत्रम् 	 kriyA/parashurAmaH/kalpa-sUtram/
कविराज जी का दृष्टिकोण 	 sampradAyaH/kaulaH_shAktaH/sampradAyaH/pUrvAmnAyaH_trikam/articles/rastogi-navajIvanaH/Gopinath_Kaviraj/
काकचण्डेश्वरीमत 	 sampradAyaH/kaulaH_shAktaH/mukta-bodha-mUlam/unknown/kAkachaNDeshvarImata__M00287/
कात्यायनीतन्त्रटीक 	 sampradAyaH/kaulaH_shAktaH/mukta-bodha-mUlam/nIlakaNTha/kAtyAyanItantraTIka__M00631/
कामकलाविलास 	 sampradAyaH/kaulaH_shAktaH/sampradAyaH/daxiNAmnAyaH_shrI-kulam/mukta-bodha-mUlam/puNyAnanda/kAmakalAvilAsa__M00025/
कामकलाविलास 	 sampradAyaH/kaulaH_shAktaH/sampradAyaH/daxiNAmnAyaH_shrI-kulam/mukta-bodha-mUlam/puNyAnanda/kAmakalAvilAsa__M00282/
कामकलाविलास 	 sampradAyaH/kaulaH_shAktaH/sampradAyaH/daxiNAmnAyaH_shrI-kulam/puNyAnandaH/kAma-kalA-vilAsaH/
कामधेनुतन्त्र 	 sampradAyaH/kaulaH_shAktaH/sampradAyaH/daxiNAmnAyaH_shrI-kulam/mukta-bodha-mUlam/unknown/kAmadhenutantra__M00133/
कामरत्नतन्त्र 	 sampradAyaH/kaulaH_shAktaH/sampradAyaH/daxiNAmnAyaH_shrI-kulam/mukta-bodha-mUlam/unknown/kAmaratnatantra__M00239/
कामाख्यातन्त्र 	 sampradAyaH/kaulaH_shAktaH/mukta-bodha-mUlam/unknown/kAmAkhyAtantra__M00132/
कामेश्वरीपूजा 	 sampradAyaH/kaulaH_shAktaH/sampradAyaH/daxiNAmnAyaH_shrI-kulam/mukta-bodha-mUlam/unknown/kAmeshvarIpUjA__M00546/
काम्यकर्मकमला 	 sampradAyaH/kaulaH_shAktaH/sampradAyaH/daxiNAmnAyaH_shrI-kulam/mukta-bodha-mUlam/prANamanjarI/kAmyakarmakamalA__M00400/
कालाग्नियज्ञविधि 	 sampradAyaH/kaulaH_shAktaH/sampradAyaH/sarvAmnAyaH/mukta-bodha-mUlam/unknown/kAlAgniyajnavidhi__M00410/
कालानलतन्त्र 	 sampradAyaH/kaulaH_shAktaH/sampradAyaH/pashchimAmnAyaH_kubjikA/mukta-bodha-mUlam/unknown/kAlAnalatantra__M00193/
कालीकल्पलता 	 sampradAyaH/kaulaH_shAktaH/sampradAyaH/uttarAmnAyaH_kAlI-kulam_kramaH/mukta-bodha-mUlam/vimarshAnandanAtha/kAlIkalpalatA__M00293/
कालोत्तर 	 sampradAyaH/28-Agama-sampradAyaH/tattvam/sampradAyaH/aShTa-prakaraNa-shAkhA/mukta-bodha-mUlam/unknown/kAlottara__M00248/
काल्लोतर 	 sampradAyaH/28-Agama-sampradAyaH/tattvam/sampradAyaH/aShTa-prakaraNa-shAkhA/mukta-bodha-mUlam/unknown/kAlottara__E00011/
काल्लोतर 	 sampradAyaH/28-Agama-sampradAyaH/tattvam/sampradAyaH/aShTa-prakaraNa-shAkhA/mukta-bodha-mUlam/unknown/kAlottara__E00012/
किञ्चिततन्त्र 	 sampradAyaH/kaulaH_shAktaH/sampradAyaH/uttarAmnAyaH_kAlI-kulam_kramaH/mukta-bodha-mUlam/unknown/kinchitatantra__M00199/
कुब्जिका-मत-तन्त्रम् 	 sampradAyaH/kaulaH_shAktaH/sampradAyaH/pashchimAmnAyaH_kubjikA/kubjikA-mata-tantram/
कुब्जिकागुरुमण्डलपूजा 	 sampradAyaH/kaulaH_shAktaH/sampradAyaH/pashchimAmnAyaH_kubjikA/mukta-bodha-mUlam/unknown/kubjikAgurumaNDalapUjA__M00548/
कुब्जिकागुह्येश्वरीपूजापद्धति 	 sampradAyaH/kaulaH_shAktaH/sampradAyaH/pashchimAmnAyaH_kubjikA/mukta-bodha-mUlam/unknown/kubjikAguhyeshvarIpUjApaddhati__M00547/
कुब्जिकातन्त्र 	 sampradAyaH/kaulaH_shAktaH/sampradAyaH/pashchimAmnAyaH_kubjikA/mukta-bodha-mUlam/unknown/kubjikAtantra__M00030/
कुब्जिकापूजा 	 sampradAyaH/kaulaH_shAktaH/sampradAyaH/pashchimAmnAyaH_kubjikA/mukta-bodha-mUlam/unknown/kubjikApUjA__M00549/
कुब्जिकाष्टाविंशतिकर्मार्चन 	 sampradAyaH/kaulaH_shAktaH/sampradAyaH/pashchimAmnAyaH_kubjikA/mukta-bodha-mUlam/unknown/kubjikAShTaviMshatikarmArchana__M00551/
कुब्जिकासमयनिर्वाणदीक्षाविधि 	 sampradAyaH/kaulaH_shAktaH/sampradAyaH/pashchimAmnAyaH_kubjikA/mukta-bodha-mUlam/unknown/kubjikAsamayanirvANadIxAvidhi__M00550/
कुल और क्रम-मत 	 sampradAyaH/kaulaH_shAktaH/sampradAyaH/pUrvAmnAyaH_trikam/articles/rastogi-navajIvanaH/kula-krama-mata/
कुलचूडामणि निगम 	 sampradAyaH/kaulaH_shAktaH/sampradAyaH/uttarAmnAyaH_kAlI-kulam_kramaH/mukta-bodha-mUlam/unknown/kulachUDAmaNi__M00402/
कुलप्रदीप 	 sampradAyaH/kaulaH_shAktaH/AgamaH/shivAnanda-kula-pradIpaH/
कुलप्रदीप 	 sampradAyaH/kaulaH_shAktaH/sampradAyaH/daxiNAmnAyaH_shrI-kulam/mukta-bodha-mUlam/shivAnanda_bhaTTa_gosvAmI/kulapradIpa__M00068/
कुलवृत्ति 	 sampradAyaH/kaulaH_shAktaH/sampradAyaH/daxiNAmnAyaH_shrI-kulam/mukta-bodha-mUlam/pUrNAnanda/kulavRtti__M00331/
कुलसार 	 sampradAyaH/kaulaH_shAktaH/mukta-bodha-mUlam/unknown/kulasAra__M00285/
कुलसार 	 sampradAyaH/kaulaH_shAktaH/mukta-bodha-mUlam/unknown/kulasAra__M00294/
कुलानन्द 	 sampradAyaH/kaulaH_shAktaH/mukta-bodha-mUlam/matsyendranAtha/kulAnanda__M00513/
कुलानन्दादि 	 sampradAyaH/kaulaH_shAktaH/mukta-bodha-mUlam/unknown/kulAnandAdi__M00284/
कुलार्णवतन्त्र 	 sampradAyaH/kaulaH_shAktaH/mukta-bodha-mUlam/unknown/kulArNavatantra__M00031/
कृष्णानन्द-बृहत्-तन्त्रसारः 	 kriyA/kRShNAnanda-bRhat-tantra-sAraH/
केदारकल्प 	 mukta-bodha-mUlam/unknown/kedArakalpa__M00671/
कैवल्यसार 	 sampradAyaH/vIra-shaivaH/mukta-bodha-mUlam/unknown/kaivalyasAra__M00602/
कैवल्योपनिषत् 	 upaniShat/kaivalyopaniShat/
कौमदी-मूलम् 	 sampradAyaH/kaulaH_shAktaH/sampradAyaH/pUrvAmnAyaH_trikam/00_tantram/vijJNAna-bhairavaH/srotaH/kaumadI-mUlam/
कौमारसंहिता 	 sampradAyaH/kaulaH_shAktaH/mukta-bodha-mUlam/unknown/kaumArasaMhitA__M00661/
कौलज्ञाननिर्णय 	 sampradAyaH/kaulaH_shAktaH/mukta-bodha-mUlam/matsyendranAtha/kaulajnAnanirNaya__M00027/
कौलरहस्य 	 sampradAyaH/kaulaH_shAktaH/mukta-bodha-mUlam/unknown/kaularahasya__M00326/
कौलार्चनदीपिका श्रीज्ञानतन्त्र 	 sampradAyaH/kaulaH_shAktaH/mukta-bodha-mUlam/tota_kaul/kaulArchanadIpikA_shrIjnAnatantra__M00633/
कौलावलीनिर्णय 	 sampradAyaH/kaulaH_shAktaH/mukta-bodha-mUlam/jnAnAnandaparamahaMsa/kaulAvalInirNaya__M00231/
कौलोपनिषद् 	 sampradAyaH/kaulaH_shAktaH/mukta-bodha-mUlam/unknown/kaulopaniShad__M00028/
क्रियक्रमद्योतिकव्याख्या 	 sampradAyaH/28-Agama-sampradAyaH/tattvam/sampradAyaH/aShTa-prakaraNa-shAkhA/mukta-bodha-mUlam/kachChapeshvarashivAchArya/kriyAkramadyotikAvyAkhyA__M00324/
क्रियाकालगुणोत्तर 	 sampradAyaH/kaulaH_shAktaH/mukta-bodha-mUlam/unknown/kriyAkAlaguNottara__M00278/
क्रियादीपिका 	 sampradAyaH/28-Agama-sampradAyaH/kriyA/shivAgrayogi-kriyA-dIpikA/
क्रियादीपिका 	 sampradAyaH/28-Agama-sampradAyaH/tattvam/sampradAyaH/aShTa-prakaraNa-shAkhA/mukta-bodha-mUlam/shivAgrayogin/kriyAdIpikA__I00001/
क्रियासार १ 	 sampradAyaH/vIra-shaivaH/mukta-bodha-mUlam/nIlakaNTha/kriyAsAra_volume_1__M00118/
क्रियासार २ 	 sampradAyaH/vIra-shaivaH/mukta-bodha-mUlam/nIlakaNTha/kriyAsAra_volume_2__M00050/
क्रियासारतत्त्वप्रकाशिनीव्याख्या 	 sampradAyaH/vIra-shaivaH/mukta-bodha-mUlam/nIlakaNTha_nArAyaNa/kriyAsAratattvaprakAshinIvyAkhyA__M00232/
क्रियोड्डीशमहातन्त्रराज 	 sampradAyaH/kaulaH_shAktaH/mukta-bodha-mUlam/unknown/kriyoDDIshamahAtantrarAja__M00512/
क्रीयक्रमाद्योतिका 	 sampradAyaH/28-Agama-sampradAyaH/tattvam/sampradAyaH/aShTa-prakaraNa-shAkhA/mukta-bodha-mUlam/aghorAshiva/krIyakramAdyotikA_inchomplete__M00126/
क्षेमराज-निर्णयः 	 sampradAyaH/kaulaH_shAktaH/sampradAyaH/pUrvAmnAyaH_trikam/tattvam/spandaH/spanda-kArikA/srotaH/xema-rAja-nirNayaH/
गणकारिका 	 mukta-bodha-mUlam/bhAsarvajna/gaNakArikA__M00508/
गन्धर्वतन्त्र 	 sampradAyaH/kaulaH_shAktaH/mukta-bodha-mUlam/unknown/gandharvatantra__M00646/
गुरुटू-नीलकण्ठः 	 sampradAyaH/kaulaH_shAktaH/sampradAyaH/pUrvAmnAyaH_trikam/00_tantram/parAtriMshikA/srotaH/guruTU-nIlakaNThaH/
गुरुटू-नीलकण्ठः 	 sampradAyaH/kaulaH_shAktaH/sampradAyaH/pUrvAmnAyaH_trikam/tattvam/praty-abhijnA/xema-rAja-mUlam/parA-praveshikA/guruTU-nIlakaNThaH/
गुरुटू-नीलकण्ठः 	 sampradAyaH/kaulaH_shAktaH/sampradAyaH/pUrvAmnAyaH_trikam/tattvam/spandaH/spanda-kArikA/srotaH/guruTU-nIlakaNThaH/
गुरुस्तुतिरत्नावली 	 sampradAyaH/kaulaH_shAktaH/sampradAyaH/pUrvAmnAyaH_trikam/mukta-bodha-mUlam/govindakaula/gurustutiratnAvalI__M00216/
गोरक्षगुटिका 	 sampradAyaH/kaulaH_shAktaH/mukta-bodha-mUlam/goraxanAtha/goraxaguTikA__M00291/
गोरक्षमुद्गर 	 sampradAyaH/kaulaH_shAktaH/mukta-bodha-mUlam/goraxanAtha/goraxamudgara__M00289/
गोरक्षयोगशास्त्रम् 	 sampradAyaH/kaulaH_shAktaH/mukta-bodha-mUlam/goraxanAtha_attributed_to/goraxayogashAstram__M00288/
गौतमो विभागे 	 sampradAyaH/vIra-shaivaH/articles/gautamo_vibhAge/
गौरीकाञ्चलिकातन्त्र 	 sampradAyaH/kaulaH_shAktaH/mukta-bodha-mUlam/mantramahAdeva/gaurIkAnchalikAtantra__M00509/
चतुर्वेदार्थतात्पर्यसंग्रह 	 mukta-bodha-mUlam/unknown/chaturvedArthatAtparyasaMgraha__M00601/
चन्द्रज्ञान नित्यार्छनविधिः मन्त्रवासम् 	 sampradAyaH/28-Agama-sampradAyaH/tattvam/sampradAyaH/aShTa-prakaraNa-shAkhA/mukta-bodha-mUlam/unknown/chandrajnAna_nityArchanavidhiH_mantravAsam_etch.__I00008/
चन्द्रज्ञानागम 	 sampradAyaH/28-Agama-sampradAyaH/tattvam/sampradAyaH/aShTa-prakaraNa-shAkhA/mukta-bodha-mUlam/unknown/chandrajnAnAgama__M00263/
चन्द्रज्ञानागम 	 sampradAyaH/28-Agama-sampradAyaH/tattvam/sampradAyaH/aShTa-prakaraNa-shAkhA/mukta-bodha-mUlam/unknown/chandrajnAnAgama__M00273/
चन्द्रज्ञानागम वीरशैव रेस्चेन्सिओन् 	 sampradAyaH/vIra-shaivaH/mukta-bodha-mUlam/unknown/chandrajnAnAgama_vIrashaiva_reschension__M00201/
चन्द्रावलोचकन 	 sampradAyaH/kaulaH_shAktaH/mukta-bodha-mUlam/unknown/chandrAvalokanam__M00506/
चर्चास्तव 	 sampradAyaH/kaulaH_shAktaH/sampradAyaH/daxiNAmnAyaH_shrI-kulam/mukta-bodha-mUlam/unknown_harabhaTTa/charchAstava__M00307/
चिदम्बर-दीक्षितेषु गणेशः 	 meta/articles/chidambara-dIxiteShu_gaNeshaH/
चिद्-विलास-स्तवः 	 sampradAyaH/kaulaH_shAktaH/sampradAyaH/daxiNAmnAyaH_shrI-kulam/amRtAnandaH/chid-vilAsa-stavaH/
चिद्-विलास-स्तवः 	 sampradAyaH/kaulaH_shAktaH/sampradAyaH/daxiNAmnAyaH_shrI-kulam/chid-vilAsa-stavaH/
चिद्गगनचन्द्रिका 	 sampradAyaH/kaulaH_shAktaH/sampradAyaH/uttarAmnAyaH_kAlI-kulam_kramaH/mukta-bodha-mUlam/shrIvatsa/chidgaganachandrikA__M00014/
चिन्त्यागम 	 sampradAyaH/28-Agama-sampradAyaH/AgamaH/28/cintyAgamaH/
जन्ममऋअनविचार 	 sampradAyaH/kaulaH_shAktaH/sampradAyaH/pUrvAmnAyaH_trikam/mukta-bodha-mUlam/vAmadeva/janmamaRanavichAra__M00155/
जयदेव-सिंहः 	 sampradAyaH/kaulaH_shAktaH/sampradAyaH/pUrvAmnAyaH_trikam/tattvam/praty-abhijnA/xema-rAja-mUlam/pratyabhijJNA-hRdayam/srotaH/jayadeva-siMhaH/
ज्ञान-कलिका-स्तोत्रम् 	 sampradAyaH/kaulaH_shAktaH/sampradAyaH/daxiNAmnAyaH_shrI-kulam/AgamaH/tripurA-rahasyam/jnAna-kalikA-stotram/
ज्ञान-दीप-विमर्शिनी 	 sampradAyaH/kaulaH_shAktaH/sampradAyaH/daxiNAmnAyaH_shrI-kulam/vidyAnandaH/jnAna-dIpa-vimarshinI/
ज्ञान-सिद्धिः 	 sampradAyaH/kaulaH_shAktaH/kriyA/jNAna-siddhiH/
ज्ञानकारिका 	 sampradAyaH/kaulaH_shAktaH/mukta-bodha-mUlam/matsyendranAtha/jnAnakArikA__M00024/
ज्ञानखण्डम् - श्रीनिवास-टीका 	 sampradAyaH/kaulaH_shAktaH/sampradAyaH/daxiNAmnAyaH_shrI-kulam/AgamaH/tripurA-rahasyam/jnAnakhaNDam_shrInivAsa-TIkA/
ज्ञानपूजाविधि फ़्रोम् थे वातुलागम 	 sampradAyaH/28-Agama-sampradAyaH/tattvam/sampradAyaH/aShTa-prakaraNa-shAkhA/mukta-bodha-mUlam/unknown/jnAnapUjAvidhi_from_the_vAtulAgama__I00031/
ज्ञानरत्नावली 	 sampradAyaH/28-Agama-sampradAyaH/kriyA/jnAna-ratnAvalI/
ज्ञानसङ्कलिनीतन्त्र 	 sampradAyaH/kaulaH_shAktaH/mukta-bodha-mUlam/unknown/jnAnasankalinItantra__M00191/
ज्ञानसिद्ध्यागम 	 sampradAyaH/28-Agama-sampradAyaH/AgamaH/jnAna-siddhy-AgamaH/
ज्ञानार्णवतन्त्र 	 sampradAyaH/kaulaH_shAktaH/sampradAyaH/daxiNAmnAyaH_shrI-kulam/mukta-bodha-mUlam/unknown/jnAnArNavatantra__M00069/
डाकिनीकल्प 	 sampradAyaH/kaulaH_shAktaH/mukta-bodha-mUlam/unknown/DAkinIkalpa__M00642/
तत्त्वचिन्तामणि छप्तेर्स् ०१ थ्रु ०५ 	 sampradAyaH/kaulaH_shAktaH/sampradAyaH/daxiNAmnAyaH_shrI-kulam/mukta-bodha-mUlam/pUrNAnanda/shrItattvachintAmaNi_Chapters_01_thru_05__M00085/
तत्त्वचिन्तामणि छप्तेर्स् ०६ थ्रु १० 	 sampradAyaH/kaulaH_shAktaH/sampradAyaH/daxiNAmnAyaH_shrI-kulam/mukta-bodha-mUlam/pUrNAnanda/shrItattvachintAmaNi_Chapters_06_thru_10__M00086/
तत्त्वचिन्तामणि छप्तेर्स् ११ थ्रु १५ 	 sampradAyaH/kaulaH_shAktaH/sampradAyaH/daxiNAmnAyaH_shrI-kulam/mukta-bodha-mUlam/pUrNAnanda/shrItattvachintAmaNi_Chapters_11_thru_15__M00087/
तत्त्वचिन्तामणि छप्तेर्स् १६ थ्रु एन्द् 	 sampradAyaH/kaulaH_shAktaH/sampradAyaH/daxiNAmnAyaH_shrI-kulam/mukta-bodha-mUlam/pUrNAnanda/shrItattvachintAmaNi_Chapters_16_thru_end__M00088/
तत्त्वत्रयनिर्णयः 	 sampradAyaH/28-Agama-sampradAyaH/tattvam/sampradAyaH/aShTa-prakaraNa-shAkhA/aShTa_prakaraNAni/sadyo-jyotiH/tattva-traya-nirNayaH/
तत्त्वरत्नावली 	 sampradAyaH/28-Agama-sampradAyaH/tattvam/sampradAyaH/aShTa-prakaraNa-shAkhA/mukta-bodha-mUlam/vimalashiva/tattvaratnAvalI__M00290/
तत्त्वसंग्रहः 	 sampradAyaH/28-Agama-sampradAyaH/tattvam/sampradAyaH/aShTa-prakaraNa-shAkhA/aShTa_prakaraNAni/sadyo-jyotiH/tattva-saMgrahaH/
तत्त्वानि 	 sampradAyaH/28-Agama-sampradAyaH/tattvam/sampradAyaH/aShTa-prakaraNa-shAkhA/parichaya-sanxepaH/vishvAsaH/tattvAni/
तत्वशोधनम् 	 sampradAyaH/kaulaH_shAktaH/sampradAyaH/daxiNAmnAyaH_shrI-kulam/mukta-bodha-mUlam/unknown/tatvashodhanam__M00655/
तन्त्रराजतन्त्र 	 sampradAyaH/kaulaH_shAktaH/sampradAyaH/daxiNAmnAyaH_shrI-kulam/mukta-bodha-mUlam/unknown/tantrarAjatantra_with_manoramATIkA__M00122/
तन्त्रसार 	 sampradAyaH/kaulaH_shAktaH/sampradAyaH/pUrvAmnAyaH_trikam/mukta-bodha-mUlam/abhinavagupta/tantrasAra__M00153/
तन्त्रालोक छप्तेर्स् १ थ्रु १४ 	 sampradAyaH/kaulaH_shAktaH/sampradAyaH/pUrvAmnAyaH_trikam/mukta-bodha-mUlam/abhinavagupta_jayaratha/tantrAloka_Chapters_1_thru_14_with_viveka__M00092/
तन्त्रालोक छप्तेर्स् १५ थ्रु ३८ 	 sampradAyaH/kaulaH_shAktaH/sampradAyaH/pUrvAmnAyaH_trikam/mukta-bodha-mUlam/abhinavagupta_jayaratha/tantrAloka_Chapters_15_thru_38_with_viveka__M00093/
तारतन्त्र 	 sampradAyaH/kaulaH_shAktaH/mukta-bodha-mUlam/unknown/tAratantra__M00094/
ताराभक्तितरङ्गिणी 	 sampradAyaH/kaulaH_shAktaH/mukta-bodha-mUlam/vimalAnanda/tArAbhaktitarangiNI__M00636/
ताराभक्तिसुधार्णव 	 sampradAyaH/kaulaH_shAktaH/mukta-bodha-mUlam/narasiMha_Thakkura/tArAbhaktisudhArNava__M00055/
तारारहस्य 	 sampradAyaH/kaulaH_shAktaH/mukta-bodha-mUlam/brahmAnanda/tArArahasya__M00095/
तारारहस्यवृत्तिका 	 sampradAyaH/kaulaH_shAktaH/mukta-bodha-mUlam/gauDIyashankara/tArArahasyavRttikA__M00096/
तारासहस्रनामव्याख्याभिधार्थचिन्तामणि 	 sampradAyaH/kaulaH_shAktaH/mukta-bodha-mUlam/vishveshvara_mahAprAjna/tArAsahasranAmavyAkhyAbhidhArthachintAmaNi__M00638/
तिमिरोध्घाटतन्त्र 	 sampradAyaH/kaulaH_shAktaH/mukta-bodha-mUlam/unknown/timirodghATatantra__M00258/
तिरोधानानुग्रहौ 	 sampradAyaH/28-Agama-sampradAyaH/tattvam/sampradAyaH/aShTa-prakaraNa-shAkhA/parichaya-sanxepaH/GA/tirodhAnAnugrahau/
त्यागराजः - परार्थपूजाविधिः 	 sampradAyaH/28-Agama-sampradAyaH/kriyA/tyAgarAjaH_parArtha-pUjA-vidhiH/
त्रिदशडामरतन्त्रे सिद्धिकअलीस्तोत्र 	 sampradAyaH/kaulaH_shAktaH/sampradAyaH/uttarAmnAyaH_kAlI-kulam_kramaH/mukta-bodha-mUlam/unknown/tridashaDAmaratantre_siddhikaalIstotra__M00203/
त्रिदशडामराप्रत्यङ्गिराविशयकनानातन्त्र 	 sampradAyaH/kaulaH_shAktaH/sampradAyaH/uttarAmnAyaH_kAlI-kulam_kramaH/mukta-bodha-mUlam/unknown/tridashaDAmarapratyangirAvishayakanAnAtantra__M00204/
त्रिपुरभैरवीपञ्चाङ्ग 	 sampradAyaH/kaulaH_shAktaH/sampradAyaH/daxiNAmnAyaH_shrI-kulam/mukta-bodha-mUlam/unknown/tripurabhairavIpanchAnga__M00637/
त्रिपुरसुन्दरीसहस्रनामस्तोत्र 	 sampradAyaH/kaulaH_shAktaH/sampradAyaH/daxiNAmnAyaH_shrI-kulam/mukta-bodha-mUlam/unknown/tripurasundarIsahasranAmastotra__M00639/
त्रिपुरारहस्य ज्ञानखण्ड 	 sampradAyaH/kaulaH_shAktaH/sampradAyaH/daxiNAmnAyaH_shrI-kulam/mukta-bodha-mUlam/hAritAyana_shrInivAsa/tripurArahasya_jnAnakhaNDa_with_tAtparyadIpikAvyAkhyA__M00344/
त्रिपुरारहस्य माहत्म्यकण्ढम् 	 sampradAyaH/kaulaH_shAktaH/sampradAyaH/daxiNAmnAyaH_shrI-kulam/AgamaH/tripurA-rahasyam/mAhatmya-kaNDham/
त्रिपुरारहस्य माहत्म्यकण्ढम् 	 sampradAyaH/kaulaH_shAktaH/sampradAyaH/daxiNAmnAyaH_shrI-kulam/mukta-bodha-mUlam/haritAyana/tripurArahasya_mAhatmyakaNDa__M00221/
त्रिपुरासारसमुच्चय 	 sampradAyaH/kaulaH_shAktaH/sampradAyaH/daxiNAmnAyaH_shrI-kulam/mukta-bodha-mUlam/nAgabhaTTa/tripurAsArasamuchchaya__M00669/
त्रोटलातन्त्र 	 sampradAyaH/kaulaH_shAktaH/mukta-bodha-mUlam/unknown/troTalAtantra__M00313/
त्रोटलोत्तर 	 sampradAyaH/kaulaH_shAktaH/mukta-bodha-mUlam/unknown/troTalottara__M00534/
दक्षिणकालीपूजापद्धति 	 sampradAyaH/kaulaH_shAktaH/kriyA/daxiNa-kAlI-pUjA-paddhatiH/
दक्षिणकालीपूजापद्धति 	 sampradAyaH/kaulaH_shAktaH/mukta-bodha-mUlam/unknown/daxiNakAlIpUjApaddhati__M00541/
दक्षिणामूर्तिसंहिता 	 sampradAyaH/kaulaH_shAktaH/kriyA/daxiNA-mUrti-saMhitA/
दक्षिणामूर्तिसंहिता 	 sampradAyaH/kaulaH_shAktaH/sampradAyaH/daxiNAmnAyaH_shrI-kulam/mukta-bodha-mUlam/unknown/daxiNAmUrtisaMhitA__M00625/
दत्तात्रेयतन्त्र 	 sampradAyaH/kaulaH_shAktaH/mukta-bodha-mUlam/unknown/dattAtreyatantra__M00632/
दीक्षा-क्रमः 	 sampradAyaH/kaulaH_shAktaH/kriyA/sthAneshvaraH/dIxA-kramaH/
दीक्षादर्श 	 sampradAyaH/28-Agama-sampradAyaH/tattvam/sampradAyaH/aShTa-prakaraNa-shAkhA/mukta-bodha-mUlam/vedajnAna/dIxAdarsha__M00234/
दीक्षापद्धति 	 sampradAyaH/kaulaH_shAktaH/sampradAyaH/pUrvAmnAyaH_trikam/mukta-bodha-mUlam/unknown/dIxApaddhati__M00245/
दीक्षाविधि 	 mukta-bodha-mUlam/unknown/dIxAvidhi__M00543/
दीक्षोत्तर 	 sampradAyaH/28-Agama-sampradAyaH/tattvam/sampradAyaH/aShTa-prakaraNa-shAkhA/mukta-bodha-mUlam/unknown/dIxottara__M00279/
दीपकनाथः 	 sampradAyaH/kaulaH_shAktaH/sampradAyaH/daxiNAmnAyaH_shrI-kulam/articles/MT/dIpakanAthaH/
दीपयादविधि 	 sampradAyaH/kaulaH_shAktaH/sampradAyaH/sarvAmnAyaH/mukta-bodha-mUlam/unknown_unknown_unknown_unknown_jagadAnanda/dIpajAgavidhi_gurustava_pratyAraMbhavidhi_tripurAsundarI_stotra_of_jagadAnanda__M00544/
दुर्गानित्यार्चनक्रम 	 sampradAyaH/kaulaH_shAktaH/mukta-bodha-mUlam/unknown/durgAnityArchanakrama__M00545/
दुर्गानित्यार्चनक्रमः 	 sampradAyaH/kaulaH_shAktaH/kriyA/durgAnityArchanakramaH/
दुर्गार्चनषृति 	 sampradAyaH/kaulaH_shAktaH/mukta-bodha-mUlam/laxmInArAyaNa_gosvAmI/durgArchanaShRti__M00340/
देवीनामविलास 	 sampradAyaH/kaulaH_shAktaH/sampradAyaH/pUrvAmnAyaH_trikam/mukta-bodha-mUlam/kaul_sahib/devInAmavilAsa__M00166/
देवीपूजा 	 sampradAyaH/kaulaH_shAktaH/mukta-bodha-mUlam/unknown/devIpUjA__M00507/
देवीरहस्य 	 sampradAyaH/kaulaH_shAktaH/sampradAyaH/pUrvAmnAyaH_trikam/mukta-bodha-mUlam/unknown/devIrahasya__M00310/
द्विशति-कालोत्तरम् 	 sampradAyaH/28-Agama-sampradAyaH/AgamaH/dvi-shati-kAlottaram/
द्विशतिकालोत्तर 	 sampradAyaH/28-Agama-sampradAyaH/tattvam/sampradAyaH/aShTa-prakaraNa-shAkhA/mukta-bodha-mUlam/unknown/dvishatikAlottara__M00200/
ध्वजारोहणवर्षवर्द्धनविधि 	 sampradAyaH/kaulaH_shAktaH/sampradAyaH/sarvAmnAyaH/mukta-bodha-mUlam/unknown/dhvajArohaNavarShavarddhanavidhi__M00542/
नरेश्वरपरीक्षा 	 sampradAyaH/28-Agama-sampradAyaH/tattvam/sampradAyaH/aShTa-prakaraNa-shAkhA/mukta-bodha-mUlam/sadyojyoti_rAmakaNTha_ii/nareshvaraparIxA__M00039/
नवग्रहध्यानम् 	 sampradAyaH/28-Agama-sampradAyaH/tattvam/sampradAyaH/aShTa-prakaraNa-shAkhA/mukta-bodha-mUlam/unknown/navagrahadhyAna__I00026/
नवपीठाष्टमातृकाराधनविधि 	 sampradAyaH/kaulaH_shAktaH/sampradAyaH/pashchimAmnAyaH_kubjikA/mukta-bodha-mUlam/unknown/navapIThAShTamAtRkArAdhanavidhi__M00555/
नवर्णचण्डीपञ्चङ्ग 	 sampradAyaH/kaulaH_shAktaH/mukta-bodha-mUlam/unknown/navarNachaNDIpanchanga__M00670/
नवार्णवचण्डिपञ्जाङ्ग 	 sampradAyaH/kaulaH_shAktaH/mukta-bodha-mUlam/unknown/navArNavachaNDipanjAnga__M00628/
निगमज्ञानः 	 sampradAyaH/28-Agama-sampradAyaH/kriyA/aShTa-prakaraNa-shAkhA/vAruNa-paddhatiH/nigamAnjanaH/
नितार्चनविधि वासनार्चनविधि फ़्रोम् वातुलतन्त्र 	 sampradAyaH/28-Agama-sampradAyaH/tattvam/sampradAyaH/aShTa-prakaraNa-shAkhA/mukta-bodha-mUlam/unknown/nityArchanavidhi_vAsanArchanavidhi_from_vAtulatantra__I00023/
नित्याकौलतन्त्र 	 sampradAyaH/kaulaH_shAktaH/sampradAyaH/daxiNAmnAyaH_shrI-kulam/mukta-bodha-mUlam/unknown/nityAkaulatantra__M00316/
नित्याषोडशिकार्णवतन्त्र थे चल्लेद् सेतुबन्ध 	 sampradAyaH/kaulaH_shAktaH/sampradAyaH/daxiNAmnAyaH_shrI-kulam/mukta-bodha-mUlam/bhAskararAya/nityAShoDashikArNavatantra_with_the_chommentary_challed_setubandha__M00052/
नित्योत्सवः 	 kriyA/parashurAmaH/umAnandanAthaH/nityotsavaH/
निरुत्तरवाद 	 sampradAyaH/kaulaH_shAktaH/mukta-bodha-mUlam/unknown/niruttaravAda__M00266/
निर्मल-मणि-स्फुटार्थ-प्रकाशिका 	 sampradAyaH/28-Agama-sampradAyaH/kriyA/aShTa-prakaraNa-shAkhA/aghora-shivaH/kriyA-krama-dyotikA/nirmala-maNi-sphuTArtha-prakAshikA/
निर्वणतन्त्र 	 sampradAyaH/kaulaH_shAktaH/mukta-bodha-mUlam/unknown/nirvANatantra__M00127/
निर्वाणगुह्यकालीपूजा 	 sampradAyaH/kaulaH_shAktaH/sampradAyaH/uttarAmnAyaH_kAlI-kulam_kramaH/mukta-bodha-mUlam/unknown/nirvANaguhyakAlIpUjA__M00557/
निश्वासकारिका 	 sampradAyaH/28-Agama-sampradAyaH/tattvam/sampradAyaH/aShTa-prakaraNa-shAkhA/mukta-bodha-mUlam/unknown/nishvAsakArikA__M00251/
निस्वासकारिका 	 sampradAyaH/28-Agama-sampradAyaH/tattvam/sampradAyaH/aShTa-prakaraNa-shAkhA/mukta-bodha-mUlam/unknown/nisvAsakArikA__M00280/
नीलकण्ठषट्कर्मप्रयोग 	 sampradAyaH/28-Agama-sampradAyaH/tattvam/sampradAyaH/aShTa-prakaraNa-shAkhA/mukta-bodha-mUlam/unknown/nIlakaNThaShaTkarmaprayoga__I00014/
पञ्चरत्नव्याख्या 	 sampradAyaH/vIra-shaivaH/mukta-bodha-mUlam/unknown/pancharatnavyAkhyA__M00603/
परब्रह्मस्तोत्रम् 	 sampradAyaH/kaulaH_shAktaH/AgamaH/nIla-sarasvatI-tantram/parabrahmastotram/
परमहंसिनी-कवचम् 	 sampradAyaH/kaulaH_shAktaH/AgamaH/nIla-sarasvatI-tantram/paramahaMsinI-kavacham/
परमार्थसार 	 sampradAyaH/kaulaH_shAktaH/sampradAyaH/pUrvAmnAyaH_trikam/mukta-bodha-mUlam/abhinavagupta/paramArthasAra__M00041/
परमार्थसारः 	 sampradAyaH/kaulaH_shAktaH/sampradAyaH/pUrvAmnAyaH_trikam/tattvam/abhinava-gupta-mUlam/paramArthasAraH/
परमेश्वरीमततन्त्र 	 sampradAyaH/kaulaH_shAktaH/sampradAyaH/pashchimAmnAyaH_kubjikA/mukta-bodha-mUlam/unknown/parameshvarImatatantra__M00218/
परमोक्ष-निरास-कारिका 	 sampradAyaH/28-Agama-sampradAyaH/tattvam/sampradAyaH/aShTa-prakaraNa-shAkhA/aShTa_prakaraNAni/sadyo-jyotiH/para-moxa-nirAsa-kArikA/
परशम्भुमहिम्नस्तव 	 sampradAyaH/kaulaH_shAktaH/sampradAyaH/pashchimAmnAyaH_kubjikA/mukta-bodha-mUlam/durvAsa_alias_krodhabhaTTAraka/parashambhumahimnastava__M00358/
परशुरामकल्पसूत्र 	 sampradAyaH/kaulaH_shAktaH/sampradAyaH/daxiNAmnAyaH_shrI-kulam/mukta-bodha-mUlam/unknown_rAmeshvara/parashurAmakalpasUtra_with_saubhAgyodaya__M00214/
परातन्त्र 	 sampradAyaH/kaulaH_shAktaH/sampradAyaH/sarvAmnAyaH/mukta-bodha-mUlam/unknown/parAtantra__M00062/
परात्रिशिकातात्पर्यदीपिका अन्द् शाक्तविज्ञान 	 sampradAyaH/kaulaH_shAktaH/sampradAyaH/pUrvAmnAyaH_trikam/mukta-bodha-mUlam/somAnanda_ii/parAtrishikAtAtparyadIpikA_and_shAktavijnAna__M00043/
परात्रिशिकाविवृति 	 sampradAyaH/kaulaH_shAktaH/sampradAyaH/pUrvAmnAyaH_trikam/mukta-bodha-mUlam/rAjAnaka_laxmIrAma/parAtrishikAvivRti__M00044/
परात्रिशिकाविवृति 	 sampradAyaH/kaulaH_shAktaH/sampradAyaH/pUrvAmnAyaH_trikam/mukta-bodha-mUlam/rAjanaka_laxmIrAma/parAtrishikAvivRti__M00215/
परात्रिशिकाविवृती 	 sampradAyaH/kaulaH_shAktaH/sampradAyaH/pUrvAmnAyaH_trikam/mukta-bodha-mUlam/abhinavagupta/parAtrishikAvivRtI__M00154/
परात्रीशिकालघुवृत्ति 	 sampradAyaH/kaulaH_shAktaH/sampradAyaH/pUrvAmnAyaH_trikam/mukta-bodha-mUlam/abhinavagupta_attributed_to/parAtrishikAlaghuvRtti__M00042/
परानन्दसूत्र 	 sampradAyaH/kaulaH_shAktaH/mukta-bodha-mUlam/parAnanda_muni/parAnandasUtra__M00357/
पराप्रावेशिका 	 sampradAyaH/kaulaH_shAktaH/sampradAyaH/pUrvAmnAyaH_trikam/mukta-bodha-mUlam/xemarAja/parAprAveshikA__M00048/
पराम्बार्चनचन्द्रिका 	 sampradAyaH/kaulaH_shAktaH/kriyA/parAmbArchana-chandrikA/
पराम्बार्चनचन्द्रिका 	 sampradAyaH/kaulaH_shAktaH/sampradAyaH/daxiNAmnAyaH_shrI-kulam/mukta-bodha-mUlam/unknown/parAmbArchanachandrikA__M00629/
परार्थपूजाविधि 	 sampradAyaH/28-Agama-sampradAyaH/tattvam/sampradAyaH/aShTa-prakaraNa-shAkhA/mukta-bodha-mUlam/tyAgarAyaguru/parArthapUjAvidhi__I00003/
परिशिष्ट 	 sampradAyaH/kaulaH_shAktaH/sampradAyaH/pUrvAmnAyaH_trikam/tattvam/abhinava-gupta-mUlam/tantrAlokaH/pariShkAryam/chaturvedi-rAdheshyAmaH/p5_21-37/parishiShTa/
पश्चिमज्येष्ठाम्नायकर्मार्चनपद्धति 	 sampradAyaH/kaulaH_shAktaH/sampradAyaH/pashchimAmnAyaH_kubjikA/mukta-bodha-mUlam/unknown/pashchimajyeShThAmnAyakarmArchanapaddhati__M00566/
पश्चिमाम्नायसमयदीक्षाविधि 	 sampradAyaH/kaulaH_shAktaH/sampradAyaH/pashchimAmnAyaH_kubjikA/mukta-bodha-mUlam/unknown/pashchimAmnAyasamayadIxAvidhi__M00560/
पश्चिमाम्नायाष्टाविंशतिक्रमार्चन 	 sampradAyaH/kaulaH_shAktaH/sampradAyaH/pashchimAmnAyaH_kubjikA/mukta-bodha-mUlam/unknown/pashchimAmnAyAShTAviMshatikramArchana__M00558/
पश्चिमार्चन-पद्धतिः 	 sampradAyaH/kaulaH_shAktaH/sampradAyaH/shAmbhavaH/mukta-bodha-mUlam/vimalaprabodha/pashchimArchana-paddhatiH/
पाताल-रुद्राः 	 meta/articles/MT/pAtAla-rudrAH/
पाशुपतशास्त्रसूत्रं पञ्चार्थभाष्यम् 	 AgamaH/pAshupataH/sUtram/panchArthabhAShyam/
पाशुपतसूत्रम् 	 AgamaH/pAshupataH/sUtram/pAshupatasUtram/
पीठ-पादाः 	 sampradAyaH/28-Agama-sampradAyaH/kriyA/aShTa-prakaraNa-shAkhA/GA/pITha-pAdAH/
पीठपूजाविधि 	 sampradAyaH/kaulaH_shAktaH/sampradAyaH/pashchimAmnAyaH_kubjikA/mukta-bodha-mUlam/unknown/pIThapUjAvidhi__M00559/
पुरुष-सूक्त-व्याख्या 	 meta/articles/GA/puruSha-sUkta-vyAkhyA/
पूर्वाम्नायनित्यदेवार्चनविधि 	 sampradAyaH/kaulaH_shAktaH/sampradAyaH/sarvAmnAyaH/mukta-bodha-mUlam/unknown/pUrvAmnAyanityadevArchanavidhi__M00562/
पौष्करवृत्ति 	 sampradAyaH/28-Agama-sampradAyaH/tattvam/sampradAyaH/aShTa-prakaraNa-shAkhA/mukta-bodha-mUlam/jnAnaprakAshAchArya/pauShkaravRtti__M00196/
प्रकरादि-अष्टोत्तर-शत-नामानि 	 sampradAyaH/kaulaH_shAktaH/AgamaH/nIla-sarasvatI-tantram/prakarAdi-aShTottara-shata-nAmAni/
प्रत्यंगिरापूजाविधि 	 sampradAyaH/kaulaH_shAktaH/mukta-bodha-mUlam/unknown/pratyangirApUjAvidhi__M00561/
प्रत्यभिज्ञहृदय तेxत् वेर्सिओन् 	 sampradAyaH/kaulaH_shAktaH/sampradAyaH/pUrvAmnAyaH_trikam/mukta-bodha-mUlam/xemarAja/pratyabhijnahRdaya__M00350/
प्रभुलिङ्गलिल 	 sampradAyaH/vIra-shaivaH/mukta-bodha-mUlam/unknown/prabhulingalIlA__M00621/
प्रायश्चित्तसमुच्चय 	 sampradAyaH/28-Agama-sampradAyaH/tattvam/sampradAyaH/aShTa-prakaraNa-shAkhA/mukta-bodha-mUlam/hRdayashiva/prAyashchittasamuchchaya__M00303/
प्रासादचन्द्रिका 	 sampradAyaH/28-Agama-sampradAyaH/tattvam/jnAnaprakAshaH/prAsAda-chandrikA/
प्रोद्गीतागम 	 sampradAyaH/28-Agama-sampradAyaH/tattvam/sampradAyaH/aShTa-prakaraNa-shAkhA/mukta-bodha-mUlam/unknown/prodgItAgama__M00256/
प्रोद्गीतागमः 	 sampradAyaH/28-Agama-sampradAyaH/AgamaH/28/prodgItAgamaH/
फेटकप्रतिष्ठाचण्डिकाग्निविधि 	 sampradAyaH/kaulaH_shAktaH/sampradAyaH/uttarAmnAyaH_kAlI-kulam_kramaH/mukta-bodha-mUlam/unknown/pheTakapratiShThAchaNDikAgnividhi__M00414/
फेत्कारिणीतन्त्र 	 sampradAyaH/kaulaH_shAktaH/mukta-bodha-mUlam/unknown/phetkAriNItantra__M00190/
बगलामुखीपञ्चाङ्गम् 	 sampradAyaH/kaulaH_shAktaH/mukta-bodha-mUlam/unknown/bagalAmukhIpanchAngam__M00623/
बन्ध-मोक्षादि 	 sampradAyaH/kaulaH_shAktaH/sampradAyaH/pUrvAmnAyaH_trikam/tattvam/vishvAsaH/bandha-moxAdi/
बसवपुराण 	 sampradAyaH/vIra-shaivaH/mukta-bodha-mUlam/unknown/basavapurANa__M00520/
बृहत्तालविधि 	 sampradAyaH/28-Agama-sampradAyaH/tattvam/sampradAyaH/aShTa-prakaraNa-shAkhA/mukta-bodha-mUlam/unknown/bRhattAlavidhi__I00030/
बृहन्नीलतन्त्र 	 sampradAyaH/kaulaH_shAktaH/mukta-bodha-mUlam/unknown/bRhannIlatantra__M00116/
बोधपञ्चदशिका 	 sampradAyaH/kaulaH_shAktaH/sampradAyaH/pUrvAmnAyaH_trikam/mukta-bodha-mUlam/abhinavagupta/bodhapanchadashikA__M00173/
ब्रह्मयामल 	 sampradAyaH/kaulaH_shAktaH/mukta-bodha-mUlam/unknown/brahmayAmala__M00319/
ब्रह्मसन्धान 	 sampradAyaH/kaulaH_shAktaH/mukta-bodha-mUlam/unknown/brahmasandhAna__M00262/
ब्र्हत्तन्त्रसार 	 sampradAyaH/kaulaH_shAktaH/mukta-bodha-mUlam/kRShNAnanda_AgamavAgIsha/bRhattantrasAra__M00013/
भक्तविलास 	 sampradAyaH/28-Agama-sampradAyaH/tattvam/sampradAyaH/aShTa-prakaraNa-shAkhA/mukta-bodha-mUlam/unknown/bhaktavilAsa__I00013/
भगवद्गीता 	 sampradAyaH/kaulaH_shAktaH/sampradAyaH/pUrvAmnAyaH_trikam/mukta-bodha-mUlam/unknown_abhinavagupta/bhagavadgItA_and_gItArthasaMgraha__M00244/
भगवद्गीता 	 sampradAyaH/kaulaH_shAktaH/sampradAyaH/pUrvAmnAyaH_trikam/mukta-bodha-mUlam/unknown_rAmakaNTha/bhagavadgItA_and_sarvatobhadravivaraNa__M00167/
भगवद्गीता 	 sampradAyaH/vIra-shaivaH/mukta-bodha-mUlam/siddappArAdhya/bhagavadgItA__M00330/
भद्रकालिप्रतिष्ठाविधि यामलतन्त्र 	 sampradAyaH/kaulaH_shAktaH/mukta-bodha-mUlam/unknown/bhadrakAlipratiShThAvidhi_yAmalatantra__I00011/
भुवनेश्वरी पञ्चाङ्गम् रुद्रयामले 	 sampradAyaH/kaulaH_shAktaH/mukta-bodha-mUlam/unknown/bhuvaneshvarI_panchAngam_rudrayAmale__M00630/
भुवनेश्वरीमहास्तोत्र 	 sampradAyaH/kaulaH_shAktaH/sampradAyaH/daxiNAmnAyaH_shrI-kulam/mukta-bodha-mUlam/pRthvIdharAchArya/bhuvaneshvarImahAstotra__M00309/
भूतशुद्धितन्त्र 	 sampradAyaH/kaulaH_shAktaH/mukta-bodha-mUlam/unknown/bhUtashuddhitantra__M00130/
भेरिताडन, चूर्णिका देवतावाहन, सन्ध्यावाहन, एक्काम्रनाथालय 	 sampradAyaH/28-Agama-sampradAyaH/tattvam/sampradAyaH/aShTa-prakaraNa-shAkhA/mukta-bodha-mUlam/unknown/bheritADana_chUrNikA_devatAvAhana_sandhyAvAhana_ekAmranAthAlaya__I00009/
भैरवस्तव 	 sampradAyaH/kaulaH_shAktaH/sampradAyaH/pUrvAmnAyaH_trikam/mukta-bodha-mUlam/abhinavagupta/bhairavastava__M00505/
भोगकारिका 	 sampradAyaH/28-Agama-sampradAyaH/tattvam/sampradAyaH/aShTa-prakaraNa-shAkhA/aShTa_prakaraNAni/sadyo-jyotiH/bhoga-kArikA/
मकुटागम 	 sampradAyaH/28-Agama-sampradAyaH/tattvam/sampradAyaH/aShTa-prakaraNa-shAkhA/mukta-bodha-mUlam/unknown/makuTAgama__M00036/
मकुटागम वीरशैव रेस्चेन्सिओन् 	 sampradAyaH/vIra-shaivaH/mukta-bodha-mUlam/unknown/makuTAgama_vIrashaiva_reschension__M00202/
मकुटोत्तररहस्य 	 sampradAyaH/28-Agama-sampradAyaH/tattvam/sampradAyaH/aShTa-prakaraNa-shAkhA/mukta-bodha-mUlam/unknown/makuTottararahasya__M00525/
मदुरै-पाठः 	 sampradAyaH/28-Agama-sampradAyaH/AgamaH/yogajAgamaH/madurai-pAThaH/
मध्यपीठपूजाविधि 	 sampradAyaH/kaulaH_shAktaH/sampradAyaH/pashchimAmnAyaH_kubjikA/mukta-bodha-mUlam/unknown/madhyapIThapUjAvidhi__M00515/
मन्त्रराजस्तोत्रम् 	 sampradAyaH/kaulaH_shAktaH/AgamaH/nIla-sarasvatI-tantram/mantra-rAja-stotram/
मन्त्राः 	 sampradAyaH/kaulaH_shAktaH/sampradAyaH/daxiNAmnAyaH_shrI-kulam/mantrAH/
मन्दिर-सेवा 	 meta/mandira-sevA/
मन्नाथश्यमलाप्रतिष्ठाविधि अन्द् चामुण्डापूजाविधि 	 sampradAyaH/28-Agama-sampradAyaH/tattvam/sampradAyaH/aShTa-prakaraNa-shAkhA/mukta-bodha-mUlam/unknown/mannAthashyAmalApratiShThAvidhi_and_chAmuNDApUjAvidhi__I00034/
महागुह्यकालीविधान 	 sampradAyaH/kaulaH_shAktaH/sampradAyaH/uttarAmnAyaH_kAlI-kulam_kramaH/mukta-bodha-mUlam/unknown/mahAguhyakAlIvidhAna__M00516/
महानयप्रकाश 	 sampradAyaH/kaulaH_shAktaH/sampradAyaH/uttarAmnAyaH_kAlI-kulam_kramaH/mukta-bodha-mUlam/shitikaNTha/mahAnayaprakAsha__M00033/
महानयप्रकाश 	 sampradAyaH/kaulaH_shAktaH/sampradAyaH/uttarAmnAyaH_kAlI-kulam_kramaH/mukta-bodha-mUlam/unknown_see_chatalog_rechord_notes/mahAnayaprakAsha_ii__M00034/
महानयप्रकाशः कौरल-प्रकाशनम् 	 sampradAyaH/kaulaH_shAktaH/sampradAyaH/uttarAmnAyaH_kAlI-kulam_kramaH/mahAnayaprakAshaH_kairala-prakAshanam/
महानयप्रकाशः शितिकण्ठ-कृतः 	 sampradAyaH/kaulaH_shAktaH/sampradAyaH/uttarAmnAyaH_kAlI-kulam_kramaH/mahAnayaprakAshaH_shitikaNTha-kRtaH/
महानिर्वानतन्त्र 	 sampradAyaH/kaulaH_shAktaH/mukta-bodha-mUlam/unknown/mahAnirvAnatantra__M00049/
महाभैरवपूजा 	 sampradAyaH/kaulaH_shAktaH/mukta-bodha-mUlam/unknown/mahAbhairavapUjA__M00524/
महायागक्रम 	 sampradAyaH/kaulaH_shAktaH/sampradAyaH/daxiNAmnAyaH_shrI-kulam/mukta-bodha-mUlam/bhAskararAya/mahAyAgakrama__M00205/
महायागक्रमः 	 sampradAyaH/kaulaH_shAktaH/sampradAyaH/daxiNAmnAyaH_shrI-kulam/bhAskara-rAyaH/mahA-yAga-kramaH/
महार्थमञ्जरी 	 sampradAyaH/kaulaH_shAktaH/sampradAyaH/uttarAmnAyaH_kAlI-kulam_kramaH/mukta-bodha-mUlam/maheshvarAnanda/mahArthamanjarI_with_parimala__M00035/
महालक्ष्मीपूजाविधिः 	 sampradAyaH/kaulaH_shAktaH/sampradAyaH/sarvAmnAyaH/mukta-bodha-mUlam/unknown/mahAlaxmIpUjAvidhi__M00407/
महेश्वरानन्द-महार्थमञ्जरी 	 sampradAyaH/kaulaH_shAktaH/sampradAyaH/uttarAmnAyaH_kAlI-kulam_kramaH/maheshvarAnanda-mahArthamanjarI/
महोत्सवविधिः 	 sampradAyaH/28-Agama-sampradAyaH/kriyA/aShTa-prakaraNa-shAkhA/aghora-shivaH/kriyA-krama-dyotikA/mahotsavavidhiH/
महोत्सवविधि क्रियाक्रमद्योतिका 	 sampradAyaH/28-Agama-sampradAyaH/tattvam/sampradAyaH/aShTa-prakaraNa-shAkhA/mukta-bodha-mUlam/aghorashiva/mahotsavavidhi_kriyAkramadyotikA__I00004/
महोत्सवविधिक्रम 	 sampradAyaH/28-Agama-sampradAyaH/tattvam/sampradAyaH/aShTa-prakaraNa-shAkhA/mukta-bodha-mUlam/aghorashiva/mahotsavavidhikrama__M00131/
महोत्सवविधिक्रमः 	 sampradAyaH/28-Agama-sampradAyaH/kriyA/aShTa-prakaraNa-shAkhA/aghora-shivaH/kriyA-krama-dyotikA/mahotsava-vidhi-kramaH/
मातृकाचक्रविवेक 	 sampradAyaH/kaulaH_shAktaH/sampradAyaH/daxiNAmnAyaH_shrI-kulam/mukta-bodha-mUlam/svatantrAnandanAtha/mAtRkAchakraviveka__M00341/
मातृकातन्त्र 	 sampradAyaH/kaulaH_shAktaH/mukta-bodha-mUlam/unknown/mAtRkAtantra__M00634/
मातृकाभेदतन्त्र 	 sampradAyaH/kaulaH_shAktaH/mukta-bodha-mUlam/unknown/mAtRkAbhedatantra__M00662/
मातृकार्णनिघण्टु 	 sampradAyaH/kaulaH_shAktaH/mukta-bodha-mUlam/bhAnudIxita/mAtRkArNanighaNTu__M00626/
मालिनीविजयवार्तिक 	 sampradAyaH/kaulaH_shAktaH/sampradAyaH/pUrvAmnAyaH_trikam/mukta-bodha-mUlam/abhinavagupta/mAlinIvijayavArttika__M00158/
मालिनीविजयोत्तर-पाठसारः 	 sampradAyaH/kaulaH_shAktaH/sampradAyaH/pUrvAmnAyaH_trikam/articles/sthAneshvaraH/mAlinI-vijayottara-pATha-sAraH/
मालिनीविजयोत्तरतन्त्र 	 sampradAyaH/kaulaH_shAktaH/sampradAyaH/pUrvAmnAyaH_trikam/mukta-bodha-mUlam/unknown/mAlinIvijayottaratantra__M00160/
मुकुटागम 	 sampradAyaH/28-Agama-sampradAyaH/tattvam/sampradAyaH/aShTa-prakaraNa-shAkhA/mukta-bodha-mUlam/unknown/mukuTAgama__M00424/
मुण्डमालातन्त्रम् १ 	 sampradAyaH/kaulaH_shAktaH/mukta-bodha-mUlam/unknown/muNDamAlAtantra_volume_1__M00537/
मुण्डमालातन्त्रम् २ 	 sampradAyaH/kaulaH_shAktaH/mukta-bodha-mUlam/unknown/muNDamAlAtantra_volume_2__M00538/
मुद्राप्रकाश 	 sampradAyaH/kaulaH_shAktaH/mukta-bodha-mUlam/unknown/mudrAprakAsha__M00627/
मूलं सटीकम् 	 sampradAyaH/kaulaH_shAktaH/sampradAyaH/pUrvAmnAyaH_trikam/tattvam/praty-abhijnA/xema-rAja-mUlam/pratyabhijJNA-hRdayam/srotaH/mUlam/
मूलम् 	 sampradAyaH/28-Agama-sampradAyaH/kriyA/aShTa-prakaraNa-shAkhA/vAruNa-paddhatiH/mUlam/
मूलम् 	 sampradAyaH/28-Agama-sampradAyaH/tattvam/umA-pati-shivAchArya-shata-ratna-sangrahaH/mUlam/
मूलम् 	 sampradAyaH/kaulaH_shAktaH/sampradAyaH/pUrvAmnAyaH_trikam/00_tantram/parAtriMshikA/srotaH/mUlam/
मूलम् 	 sampradAyaH/kaulaH_shAktaH/sampradAyaH/pUrvAmnAyaH_trikam/tattvam/praty-abhijnA/utpala-devaH_Ishvara-pratyabhiJNA-kArikA/abhinava-gupta-vimarshinI/mUlam/
मृगेन्द्र-पद्धति-टीका 	 sampradAyaH/28-Agama-sampradAyaH/kriyA/aShTa-prakaraNa-shAkhA/aghora-shivaH/mRgendra-paddhati-TIkA/
मृगेन्द्रपद्धतिटीका 	 sampradAyaH/28-Agama-sampradAyaH/tattvam/sampradAyaH/aShTa-prakaraNa-shAkhA/mukta-bodha-mUlam/aghorashiva_vaktrashambhu/mRgendrapaddhati_with_TIkA__M00212/
मृगेन्द्रवृत्ति 	 sampradAyaH/28-Agama-sampradAyaH/tattvam/sampradAyaH/aShTa-prakaraNa-shAkhA/mukta-bodha-mUlam/bhaTTanArAyaNakaNTha/mRgendravRtti__M00663/
मृगेन्द्रवृत्तिदीपिका 	 sampradAyaH/28-Agama-sampradAyaH/kriyA/aShTa-prakaraNa-shAkhA/aghora-shivaH/mRgendra-vRtti-dIpikA/
मृगेन्द्रवृत्तिदीपिका 	 sampradAyaH/28-Agama-sampradAyaH/tattvam/sampradAyaH/aShTa-prakaraNa-shAkhA/mukta-bodha-mUlam/aghorashivAchArya/mRgendravRttidIpikA__M00255/
मृगेन्द्रागम 	 sampradAyaH/28-Agama-sampradAyaH/tattvam/sampradAyaH/aShTa-prakaraNa-shAkhA/mukta-bodha-mUlam/unknown/mRgendrAgama__M00037/
मृतितत्वानुसन्धान्दर्शनम् 	 sampradAyaH/kaulaH_shAktaH/sampradAyaH/pUrvAmnAyaH_trikam/mukta-bodha-mUlam/unknown/mRtitattvAnusmaraNa_in_bhRngIshasaMhitA__M00644/
मृत्युञ्जयकल्प 	 sampradAyaH/kaulaH_shAktaH/mukta-bodha-mUlam/unknown/mRtyunjayakalpa__M00413/
मृत्युण्जयनित्यार्चनविधि 	 sampradAyaH/kaulaH_shAktaH/mukta-bodha-mUlam/unknown/mRtyunjayanityArchanavidhi__M00553/
मृत्युण्जयपूजापद्धति 	 sampradAyaH/kaulaH_shAktaH/mukta-bodha-mUlam/unknown/mRtyunjayapUjApaddhati__M00554/
मृत्युण्जयपूजापद्धतिः 	 kriyA/mRtyuNjaya-pUjA-paddhatiH/
मेरुतन्त्र 	 sampradAyaH/kaulaH_shAktaH/sampradAyaH/daxiNAmnAyaH_shrI-kulam/mukta-bodha-mUlam/unknown/merutantra__M00195/
मोक्षकारिका 	 sampradAyaH/28-Agama-sampradAyaH/tattvam/sampradAyaH/aShTa-prakaraNa-shAkhA/aShTa_prakaraNAni/sadyo-jyotiH/moxakArikA/
मोक्षसोपान 	 sampradAyaH/kaulaH_shAktaH/sampradAyaH/pashchimAmnAyaH_kubjikA/mukta-bodha-mUlam/kANDadvayAtItayogI/moxasopAna__M00315/
मोहचूडोत्तर 	 sampradAyaH/28-Agama-sampradAyaH/tattvam/sampradAyaH/aShTa-prakaraNa-shAkhA/mukta-bodha-mUlam/unknown/mohachUDottara__M00304/
योगजागम 	 sampradAyaH/28-Agama-sampradAyaH/tattvam/sampradAyaH/aShTa-prakaraNa-shAkhA/mukta-bodha-mUlam/unknown/yogajAgama__I00015/
योगजागम 	 sampradAyaH/28-Agama-sampradAyaH/tattvam/sampradAyaH/aShTa-prakaraNa-shAkhA/mukta-bodha-mUlam/unknown/yogajAgama__M00250/
योगजागमः 	 sampradAyaH/28-Agama-sampradAyaH/AgamaH/yogajAgamaH/alt/
योगपीठक्रमोदय 	 sampradAyaH/kaulaH_shAktaH/mukta-bodha-mUlam/unknown/yogapIThakramodaya__M00281/
योगविषय 	 sampradAyaH/kaulaH_shAktaH/mukta-bodha-mUlam/matsyendranAtha/yogaviShaya__M00121/
योगसारसंग्रह 	 sampradAyaH/kaulaH_shAktaH/mukta-bodha-mUlam/unknown/yogasArasaMgraha__M00213/
योगसारसमुच्चय 	 sampradAyaH/kaulaH_shAktaH/mukta-bodha-mUlam/unknown/yogasArasamuchchaya__M00503/
योगिनिइतन्त्र 	 sampradAyaH/kaulaH_shAktaH/mukta-bodha-mUlam/unknown/yoginItantra__M00064/
योगिनीहृदय 	 sampradAyaH/kaulaH_shAktaH/sampradAyaH/daxiNAmnAyaH_shrI-kulam/mukta-bodha-mUlam/amRtAnanda/yoginIhRdaya_with_dIpikA__M00115/
राजारामजशङ्कर-प्रस्तुतिः 	 sampradAyaH/kaulaH_shAktaH/sampradAyaH/pUrvAmnAyaH_trikam/articles/rAjArAmaja-shankara-prastutiH/
रामकण्ठ-नादकारिका 	 sampradAyaH/28-Agama-sampradAyaH/tattvam/sampradAyaH/aShTa-prakaraNa-shAkhA/aShTa_prakaraNAni/rAmakaNTha-nAda-kArikA/
रुद्रयमलतन्त्र उत्तरकाण्ड 	 sampradAyaH/kaulaH_shAktaH/mukta-bodha-mUlam/unknown/rudrayamalatantra_uttarakANDa__M00074/
रेवन्तपूजा 	 sampradAyaH/kaulaH_shAktaH/sampradAyaH/sarvAmnAyaH/mukta-bodha-mUlam/unknown/revantapUjA__M00563/
लघुस्तव 	 sampradAyaH/kaulaH_shAktaH/sampradAyaH/daxiNAmnAyaH_shrI-kulam/mukta-bodha-mUlam/unknown_harabhaTTa/laghustava__M00306/
लघुस्तुति रागवानन्द 	 sampradAyaH/kaulaH_shAktaH/sampradAyaH/daxiNAmnAyaH_shrI-kulam/mukta-bodha-mUlam/laghubhaTTAraka/laghustuti_with_vRtti__M00355/
ललितअसहस्रनअम 	 sampradAyaH/kaulaH_shAktaH/sampradAyaH/daxiNAmnAyaH_shrI-kulam/AgamaH/lalitA-sahasra-nAma-stotram/sarva-prastutiH/
ललितअसहस्रनअम 	 sampradAyaH/kaulaH_shAktaH/sampradAyaH/daxiNAmnAyaH_shrI-kulam/mukta-bodha-mUlam/jnAnaprakAsha_shAlivATipuranivAsi/lalitaasahasranaama__M00057/
ललितागम 	 sampradAyaH/28-Agama-sampradAyaH/tattvam/sampradAyaH/aShTa-prakaraNa-shAkhA/mukta-bodha-mUlam/unknown/lalitAgama__M00252/
लल्लेश्वरीवाक्यानि 	 sampradAyaH/kaulaH_shAktaH/sampradAyaH/pUrvAmnAyaH_trikam/mukta-bodha-mUlam/_lal_ded_bhAskara/lalleshvarIvAkyAni_with_the_chommentary_of_bhAskara__M00032/
लिङ्गधारणचन्द्रिका 	 sampradAyaH/vIra-shaivaH/mukta-bodha-mUlam/nandikeshvara/lingadhAraNachandrikA__M00333/
लिङ्गलक्षणम् 	 sampradAyaH/28-Agama-sampradAyaH/tattvam/sampradAyaH/aShTa-prakaraNa-shAkhA/mukta-bodha-mUlam/unknown/lingalaxaNa__I00032/
लिङ्गार्चनतन्त्र 	 mukta-bodha-mUlam/unknown/lingArchanatantra__M00514/
वतुल्लोतरागम 	 sampradAyaH/vIra-shaivaH/mukta-bodha-mUlam/unknown/vAtullotarAgama__M00219/
वतुल्लोतरागमः 	 sampradAyaH/28-Agama-sampradAyaH/AgamaH/vAtulottaraH/
वरिवस्यारहस्य 	 sampradAyaH/kaulaH_shAktaH/sampradAyaH/daxiNAmnAyaH_shrI-kulam/mukta-bodha-mUlam/bhAskararAya/varivasyArahasya__M00098/
वरिवस्यारहस्यम् 	 sampradAyaH/kaulaH_shAktaH/sampradAyaH/daxiNAmnAyaH_shrI-kulam/bhAskara-rAyaH/varivasyA-rahasyam/
वरुणपद्धति 	 sampradAyaH/28-Agama-sampradAyaH/tattvam/sampradAyaH/aShTa-prakaraNa-shAkhA/mukta-bodha-mUlam/varuNashiva_alias_nigamajnAnadeva/vAruNapaddhati__I00002/
वरुण्पद्धतिव्याख्या 	 sampradAyaH/28-Agama-sampradAyaH/tattvam/sampradAyaH/aShTa-prakaraNa-shAkhA/mukta-bodha-mUlam/varuNashiva_bhaTTa_shivottoma/varuNpaddhativyAkhyA__M00240/
वल्मीक-लिङ्गार्चनम् 	 kriyA/valmIkalingArchanam/
वाञ्छाकल्पलता 	 sampradAyaH/kaulaH_shAktaH/sampradAyaH/daxiNAmnAyaH_shrI-kulam/mukta-bodha-mUlam/unknown/vAnChAkalpalatA__M00641/
वातुलागम 	 sampradAyaH/28-Agama-sampradAyaH/AgamaH/28/vAtulAgamaH/
वातुलागम 	 sampradAyaH/28-Agama-sampradAyaH/tattvam/sampradAyaH/aShTa-prakaraNa-shAkhA/mukta-bodha-mUlam/unknown/vAtulAgama__I00012/
वातूलनाथसूत्र 	 sampradAyaH/kaulaH_shAktaH/sampradAyaH/uttarAmnAyaH_kAlI-kulam_kramaH/mukta-bodha-mUlam/vAtUlanAtha/vAtUlanAthasUtra__M00099/
वामकेश्वरीमत 	 sampradAyaH/kaulaH_shAktaH/sampradAyaH/daxiNAmnAyaH_shrI-kulam/mukta-bodha-mUlam/unknown_jayaratha/vAmakeshvarImata_with_vivaraNa__M00097/
वाराहीतन्त्र 	 sampradAyaH/kaulaH_shAktaH/sampradAyaH/daxiNAmnAyaH_shrI-kulam/mukta-bodha-mUlam/unknown/vArAhItantra__M00317/
वारुणपद्धति 	 sampradAyaH/28-Agama-sampradAyaH/tattvam/sampradAyaH/aShTa-prakaraNa-shAkhA/mukta-bodha-mUlam/varuNashiva/vAruNapaddhati__M00223/
विजयोत्तरतन्त्र 	 sampradAyaH/28-Agama-sampradAyaH/AgamaH/vijayottara-tantram/
विज्ञानभैरव 	 sampradAyaH/kaulaH_shAktaH/sampradAyaH/pUrvAmnAyaH_trikam/mukta-bodha-mUlam/unknown/vijnAnabhairava__M00271/
विज्ञानभैरव कौमदि 	 sampradAyaH/kaulaH_shAktaH/sampradAyaH/pUrvAmnAyaH_trikam/mukta-bodha-mUlam/unknown_AnandabhaTTa/vijnAnabhairava_with_chommentary_kaumudI__M00347/
विमलावतीतन्त्र 	 sampradAyaH/28-Agama-sampradAyaH/tattvam/sampradAyaH/aShTa-prakaraNa-shAkhA/mukta-bodha-mUlam/vimalashiva/vimalAvatItantra__M00295/
विरूपाक्षपञ्चाशिका 	 sampradAyaH/kaulaH_shAktaH/sampradAyaH/pUrvAmnAyaH_trikam/virUpAxa-paNchAshikA/
विरूपाक्षपण्चशिका 	 sampradAyaH/kaulaH_shAktaH/sampradAyaH/pUrvAmnAyaH_trikam/mukta-bodha-mUlam/virUpaxa/virUpAxapanchashikA__M00535/
विवेकचिन्तामणि 	 sampradAyaH/vIra-shaivaH/mukta-bodha-mUlam/unknown/vivekachintAmaNi__M00620/
विशेषार्थप्रकाशिका 	 sampradAyaH/vIra-shaivaH/mukta-bodha-mUlam/unknown/visheShArthaprakAshikA__M00614/
विष्णुः 	 sampradAyaH/28-Agama-sampradAyaH/tattvam/sampradAyaH/aShTa-prakaraNa-shAkhA/parichaya-sanxepaH/GA/viShNuH/
विस्वसारतन्त्र 	 sampradAyaH/kaulaH_shAktaH/mukta-bodha-mUlam/unknown/vishvasAratantra__M00101/
वीणाशिखतन्त्रम् 	 AgamaH/vINA-shikhA-tantram/
वीरचूडामणि 	 sampradAyaH/vIra-shaivaH/mukta-bodha-mUlam/unknown/vIrachUDAmaNi__M00656/
वीरतन्त्र 	 sampradAyaH/vIra-shaivaH/mukta-bodha-mUlam/unknown/vIratantra__M00613/
वीरशैव-सिद्धान्तोत्तर-कौमुदी 	 sampradAyaH/vIra-shaivaH/kriyA/vIrashaiva-siddhAntottara-kaumudI/
वीरशैवसिद्धान्तोत्तरकौमुदी 	 sampradAyaH/vIra-shaivaH/mukta-bodha-mUlam/unknown/vIrashaivasiddhAntottarakaumudI__M00604/
वीरशैवसिद्धान्तोत्तरकौमुदी 	 sampradAyaH/vIra-shaivaH/mukta-bodha-mUlam/unknown/vIrashaivasiddhAntottarakaumudI__M00605/
वीरशैवागम 	 sampradAyaH/vIra-shaivaH/mukta-bodha-mUlam/unknown/vIrashaivAgama__M00610/
वीरशैवाचारप्रदीपिका 	 sampradAyaH/vIra-shaivaH/mukta-bodha-mUlam/unknown/vIrashaivAchArapradIpikA__M00609/
वीरशैवानन्दचन्द्रिका 	 sampradAyaH/vIra-shaivaH/mukta-bodha-mUlam/maritoNTadArya/vIrashaivAnandachandrikA__M00611/
वीरशैवोत्कर्षप्रदीपिका 	 sampradAyaH/vIra-shaivaH/mukta-bodha-mUlam/chennabasaveshvara_attributed_to/vIrashaivotkarShapradIpikA__M00612/
वीरागम 	 sampradAyaH/28-Agama-sampradAyaH/tattvam/sampradAyaH/aShTa-prakaraNa-shAkhA/mukta-bodha-mUlam/unknown/vIrAgama__M00253/
वीरागम 	 sampradAyaH/28-Agama-sampradAyaH/tattvam/sampradAyaH/aShTa-prakaraNa-shAkhA/mukta-bodha-mUlam/unknown/vIrAgama__M00608/
वेदान्त-तिरस्कारः 	 sampradAyaH/28-Agama-sampradAyaH/tattvam/sampradAyaH/aShTa-prakaraNa-shAkhA/parichaya-sanxepaH/vishvAsaH/vedAnta-tiraskAraH/
वेदान्तसारवीरशैवचिन्तामणि 	 sampradAyaH/vIra-shaivaH/mukta-bodha-mUlam/unknown/vedAntasAravIrashaivachintAmaNi__M00618/
व्योमव्यापिस्तव 	 sampradAyaH/28-Agama-sampradAyaH/tattvam/sampradAyaH/aShTa-prakaraNa-shAkhA/mukta-bodha-mUlam/rAmakaNTha_ii/vyomavyApistava__M00059/
शक्तिपातः अनुग्रहः 	 sampradAyaH/28-Agama-sampradAyaH/tattvam/sampradAyaH/aShTa-prakaraNa-shAkhA/parichaya-sanxepaH/GA/shaktipAtaH_anugrahaH/
शक्तिसंगमतन्त्र कालीखन्द 	 sampradAyaH/kaulaH_shAktaH/mukta-bodha-mUlam/unknown/shaktisaMgamatantra_kAlIkhaNDa__M00128/
शक्तिसंगमतन्त्र ताराखन्द 	 sampradAyaH/kaulaH_shAktaH/mukta-bodha-mUlam/unknown/shaktisaMgamatantra_tArAkhanda__M00119/
शक्तिसंगमतन्त्र सुन्दरीखन्द 	 sampradAyaH/kaulaH_shAktaH/mukta-bodha-mUlam/unknown/shaktisaMgamatantra_sundarIkhaNDa__M00129/
शक्तिसूत्र 	 sampradAyaH/kaulaH_shAktaH/sampradAyaH/pashchimAmnAyaH_kubjikA/mukta-bodha-mUlam/unknown/shaktisUtra__M00322/
शतरत्नसंग्रह 	 sampradAyaH/28-Agama-sampradAyaH/tattvam/sampradAyaH/aShTa-prakaraNa-shAkhA/mukta-bodha-mUlam/umApatishivAchArya/shataratnasaMgraha__M00078/
शब्दानुक्रमणिका 	 sampradAyaH/kaulaH_shAktaH/sampradAyaH/pUrvAmnAyaH_trikam/articles/rastogi-navajIvanaH/pramANa-chintana/shabdAnukramaNikA/
शम्भु-निर्णय-दीपिका 	 sampradAyaH/kaulaH_shAktaH/sampradAyaH/shAmbhavaH/mukta-bodha-mUlam/shivAnandanAtha/shambhu-nirNaya-dIpakA/
शाक्तानन्दतरङ्गिणी 	 sampradAyaH/kaulaH_shAktaH/mukta-bodha-mUlam/brahmAnandagiri/shAktAnandatarangiNI__M00134/
शिव-शङ्करः 	 sampradAyaH/kaulaH_shAktaH/sampradAyaH/pUrvAmnAyaH_trikam/tattvam/praty-abhijnA/xema-rAja-mUlam/pratyabhijJNA-hRdayam/srotaH/shiva-shankaraH/
शिवजीवदशकम् 	 sampradAyaH/kaulaH_shAktaH/sampradAyaH/pUrvAmnAyaH_trikam/mukta-bodha-mUlam/sahib_kaul/shivajIvadashakam__M00650/
शिवज्ञानसिद्धि 	 sampradAyaH/28-Agama-sampradAyaH/tattvam/sampradAyaH/aShTa-prakaraNa-shAkhA/mukta-bodha-mUlam/unknown/shivajnAnasiddhi__M00226/
शिवज्ञानसिद्धिः 	 sampradAyaH/28-Agama-sampradAyaH/tattvam/vedajNAna-shivaH_shiva-jnAna-siddhiH/
शिवज्ञानसिद्धि-टीकांशः 	 sampradAyaH/28-Agama-sampradAyaH/tattvam/shiva-jnAna-siddhi-TIkAMshaH/
शिवज्ञानसिद्धिस्वपक्षदृष्टान्तसङ्ग्रह, सप्तलक्षन समानसन्धिव्याख्यादि 	 sampradAyaH/28-Agama-sampradAyaH/tattvam/sampradAyaH/aShTa-prakaraNa-shAkhA/mukta-bodha-mUlam/unknown/shivajnAnasiddhisvapaxadRShTAntasangraha_saptalaxana_samAnasandhivyAkhyAdi__I00010/
शिवदृष्टि 	 sampradAyaH/kaulaH_shAktaH/sampradAyaH/pUrvAmnAyaH_trikam/mukta-bodha-mUlam/somAnanda/shivadRShTi__M00081/
शिवनिर्वाण 	 sampradAyaH/kaulaH_shAktaH/sampradAyaH/pUrvAmnAyaH_trikam/mukta-bodha-mUlam/unknown/nirvANapaddhati__M00651/
शिवरहस्य पर्त् १ 	 mukta-bodha-mUlam/unknown/shivarahasya_part_1__M00666/
शिवसहस्रनामस्तोत्र, उत्तरपिठिआ आदित्यपुराण 	 mukta-bodha-mUlam/unknown/shivasahasranAmastotra_AdityapurANa_aShTottarasahasraka__I00007/
शिवसिद्धान्तचन्द्रिका 	 sampradAyaH/vIra-shaivaH/mukta-bodha-mUlam/unknown/shivasiddhAntachandrikA__M00617/
शिवसूत्रवार्त्तिक 	 sampradAyaH/kaulaH_shAktaH/sampradAyaH/pUrvAmnAyaH_trikam/mukta-bodha-mUlam/vasugupta_bhAskara/shivasUtravArttika__M00083/
शिवसूत्रविमर्शिनी वेर्सिओन् 	 sampradAyaH/kaulaH_shAktaH/sampradAyaH/pUrvAmnAyaH_trikam/mukta-bodha-mUlam/vasugupta_xemarAja/shivasUtravimarshinI_text_version__M00349/
शिवसूत्रवृत्ति 	 sampradAyaH/kaulaH_shAktaH/sampradAyaH/pUrvAmnAyaH_trikam/mukta-bodha-mUlam/sahib_kaul/shivasUtravRtti__M00667/
शिवस्तोत्रवली 	 sampradAyaH/kaulaH_shAktaH/sampradAyaH/pUrvAmnAyaH_trikam/mukta-bodha-mUlam/utpaladeva_xemarAja/shivastotrAvalI_with_vivRti__M00348/
शिवागमादिमाहात्म्य 	 sampradAyaH/28-Agama-sampradAyaH/tattvam/sampradAyaH/aShTa-prakaraNa-shAkhA/mukta-bodha-mUlam/jnAnaprakAsha_shAlivATipuranivAsi/shivAgamAdimAhAtmya__M00058/
शिवाद्वैतदर्पण 	 sampradAyaH/vIra-shaivaH/mukta-bodha-mUlam/unknown/shivAdvaitadarpaNa__M00606/
शिवाद्वैतिमञ्जरी 	 sampradAyaH/vIra-shaivaH/mukta-bodha-mUlam/unknown/shivAdvaitamanjarI__M00607/
शिवोत्तमः 	 sampradAyaH/28-Agama-sampradAyaH/kriyA/aShTa-prakaraNa-shAkhA/vAruNa-paddhatiH/shivottamaH/
शिवोत्सवविधि 	 sampradAyaH/28-Agama-sampradAyaH/tattvam/sampradAyaH/aShTa-prakaraNa-shAkhA/mukta-bodha-mUlam/unknown/shivotsavavidhi__I00021/
शिष्टम् 	 sampradAyaH/kaulaH_shAktaH/sampradAyaH/pUrvAmnAyaH_trikam/tattvam/abhinava-gupta-mUlam/tantrAlokaH/pariShkAryam/paramahaMsa-mishraH/p1_01-03/shiShTam/
शिष्टम् 	 sampradAyaH/kaulaH_shAktaH/sampradAyaH/pUrvAmnAyaH_trikam/tattvam/abhinava-gupta-mUlam/tantrAlokaH/pariShkAryam/paramahaMsa-mishraH/p2_04-07/shiShTam/
शिष्टम् 	 sampradAyaH/kaulaH_shAktaH/sampradAyaH/pUrvAmnAyaH_trikam/tattvam/abhinava-gupta-mUlam/tantrAlokaH/pariShkAryam/paramahaMsa-mishraH/p3_08-09/shiShTam/
शिष्टम् 	 sampradAyaH/kaulaH_shAktaH/sampradAyaH/pUrvAmnAyaH_trikam/tattvam/abhinava-gupta-mUlam/tantrAlokaH/pariShkAryam/paramahaMsa-mishraH/p4_10-13/shiShTam/
शिष्टम् 	 sampradAyaH/kaulaH_shAktaH/sampradAyaH/pUrvAmnAyaH_trikam/tattvam/abhinava-gupta-mUlam/tantrAlokaH/pariShkAryam/paramahaMsa-mishraH/p5_14-15/shiShTam/
शिष्टम् 	 sampradAyaH/kaulaH_shAktaH/sampradAyaH/pUrvAmnAyaH_trikam/tattvam/abhinava-gupta-mUlam/tantrAlokaH/pariShkAryam/paramahaMsa-mishraH/p6_16-27/shiShTam/
शिष्टम् 	 sampradAyaH/kaulaH_shAktaH/sampradAyaH/pUrvAmnAyaH_trikam/tattvam/abhinava-gupta-mUlam/tantrAlokaH/pariShkAryam/paramahaMsa-mishraH/p7_28-29/shiShTam/
शिष्टम् 	 sampradAyaH/kaulaH_shAktaH/sampradAyaH/pUrvAmnAyaH_trikam/tattvam/abhinava-gupta-mUlam/tantrAlokaH/pariShkAryam/paramahaMsa-mishraH/p8_30-37_pariShiShTAni/shiShTam/
शैवभुषणम् 	 sampradAyaH/28-Agama-sampradAyaH/tattvam/sampradAyaH/aShTa-prakaraNa-shAkhA/mukta-bodha-mUlam/unknown/shaivabhUShaNa_with_tamiLLi_chommentary__I00033/
शैवसिद्धान्तपरिभाषा 	 sampradAyaH/28-Agama-sampradAyaH/tattvam/sampradAyaH/aShTa-prakaraNa-shAkhA/mukta-bodha-mUlam/shivAgrayogin/shaivasiddhAntaparibhAShA__M00075/
शैवसिद्धान्तपरिभाषामञ्जरी 	 sampradAyaH/28-Agama-sampradAyaH/tattvam/sampradAyaH/aShTa-prakaraNa-shAkhA/mukta-bodha-mUlam/vedajnAna/shaivasiddhAntaparibhAShAmanjarI__M00254/
शैवागमादिमाहात्म्य 	 sampradAyaH/28-Agama-sampradAyaH/tattvam/sampradAyaH/aShTa-prakaraNa-shAkhA/mukta-bodha-mUlam/jnAnaprakAsha/shaivAgamAdimAhAtmya__M00228/
शैवागमादिमाहात्म्यम् 	 sampradAyaH/28-Agama-sampradAyaH/tattvam/jnAnaprakAshaH/shaivAgamAdi-mAhAtmyam/
श्राधकारिका 	 sampradAyaH/28-Agama-sampradAyaH/tattvam/sampradAyaH/aShTa-prakaraNa-shAkhA/mukta-bodha-mUlam/unknown/shrAddhakArikA__I00006/
श्री-विद्योपासन-परम्पराः 	 sampradAyaH/kaulaH_shAktaH/sampradAyaH/daxiNAmnAyaH_shrI-kulam/articles/shrI-vidyopAsanA-paramparAH/
श्रीकण्ठ-रत्न-त्रय-परीक्षा 	 sampradAyaH/28-Agama-sampradAyaH/tattvam/sampradAyaH/aShTa-prakaraNa-shAkhA/aShTa_prakaraNAni/shrIkaNTha-ratna-traya-parIxA/
श्रीकरभास्य 	 sampradAyaH/vIra-shaivaH/mukta-bodha-mUlam/shrIpati/shrIkarabhAShya__M00346/
श्रीगुरुस्तुतिरत्नावली 	 sampradAyaH/kaulaH_shAktaH/sampradAyaH/pUrvAmnAyaH_trikam/mukta-bodha-mUlam/govinda_kaul/shrIgurustutiratnAvalI__M00653/
श्रीचक्रनवावरणपूजा 	 sampradAyaH/kaulaH_shAktaH/sampradAyaH/daxiNAmnAyaH_shrI-kulam/mukta-bodha-mUlam/unknown/shrIchakranavAvaraNapUjA__I00025/
श्रीचक्रसाधनम् 	 sampradAyaH/kaulaH_shAktaH/sampradAyaH/daxiNAmnAyaH_shrI-kulam/mukta-bodha-mUlam/unknown/shrIchakrasAdhanam__M00652/
श्रीजिका-खड्ग-माला 	 sampradAyaH/kaulaH_shAktaH/mantrAdi/shrIjikA-khaDgamAlA/
श्रीविद्या-सपर्या-पद्धतिः 	 sampradAyaH/kaulaH_shAktaH/sampradAyaH/daxiNAmnAyaH_shrI-kulam/subrahmaNyAryaH_chidAnandanAthaH/shrI-vidyA-saparyA-paddhatiH/
श्रीविद्या-सपर्या-वासना En 	 sampradAyaH/kaulaH_shAktaH/sampradAyaH/daxiNAmnAyaH_shrI-kulam/subrahmaNyAryaH_chidAnandanAthaH/shrI-vidyA-saparyA-vAsanA_en/
श्रीविद्यानित्यपद्धति 	 sampradAyaH/kaulaH_shAktaH/sampradAyaH/pUrvAmnAyaH_trikam/mukta-bodha-mUlam/sahib_kaul/shrIvidyAnityapaddhati__M00654/
श्रीविद्यापूजाक्रमः अन्द् देवीध्यानम् 	 sampradAyaH/kaulaH_shAktaH/sampradAyaH/daxiNAmnAyaH_shrI-kulam/mukta-bodha-mUlam/unknown/shrIvidyApUjAkrama_and_devIdhyAna__I00027/
श्रीविद्यार्णवतन्त्र 	 sampradAyaH/kaulaH_shAktaH/sampradAyaH/daxiNAmnAyaH_shrI-kulam/mukta-bodha-mUlam/shrIvidyAraNyayati/shrIvidyArNavatantra__M00217/
षट्चक्रनिर्णय 	 sampradAyaH/kaulaH_shAktaH/sampradAyaH/pashchimAmnAyaH_kubjikA/mukta-bodha-mUlam/unknown/ShaTchakranirNaya__M00261/
षट्त्रिंशात्तत्त्वसन्दोह 	 sampradAyaH/kaulaH_shAktaH/sampradAyaH/pUrvAmnAyaH_trikam/mukta-bodha-mUlam/unknown/ShaTtriMshattattvasandoha_with_chommentary__M00151/
षट्सहस्रकालोत्तरागम 	 sampradAyaH/28-Agama-sampradAyaH/AgamaH/ShaTsahasrakAlottarAgamaH/
षडाम्नायपूजाविधि 	 kriyA/ShaDAmnAya-pUjA-vidhiH/
षडाम्नायपूजाविधि 	 sampradAyaH/kaulaH_shAktaH/sampradAyaH/sarvAmnAyaH/mukta-bodha-mUlam/unknown/ShaDAmnAyapUjAvidhi__M00556/
षत्षहस्रकालोत्तरागम 	 sampradAyaH/28-Agama-sampradAyaH/tattvam/sampradAyaH/aShTa-prakaraNa-shAkhA/mukta-bodha-mUlam/unknown/ShaTsahasrakAlottarAgama__M00249/
षोडशसुभ्रह्मन्यध्यानम् 	 sampradAyaH/28-Agama-sampradAyaH/tattvam/sampradAyaH/aShTa-prakaraNa-shAkhA/mukta-bodha-mUlam/unknown/ShoDashasubrahmaNyadhyAna__I00035/
सकलागमसारसङ्ग्रह 	 sampradAyaH/28-Agama-sampradAyaH/kriyA/sakalAgama-sAra-sangrahaH/
सन्दर्भ-ग्रन्थ 	 sampradAyaH/kaulaH_shAktaH/sampradAyaH/pUrvAmnAyaH_trikam/articles/rastogi-navajIvanaH/pramANa-chintana/sandarbha-grantha/
समयदीक्षाधिवासनविधि 	 sampradAyaH/28-Agama-sampradAyaH/tattvam/sampradAyaH/aShTa-prakaraNa-shAkhA/mukta-bodha-mUlam/unknown/samayadIxAdhivAsanavidhi__M00564/
समाप्तिः 	 sampradAyaH/kaulaH_shAktaH/sampradAyaH/pUrvAmnAyaH_trikam/00_tantram/netra-tantram/samAptiH/
समाप्तिः 	 sampradAyaH/kaulaH_shAktaH/sampradAyaH/pUrvAmnAyaH_trikam/tattvam/abhinava-gupta-mUlam/tantrAlokaH/tantra-sAraH/mUlam/samAptiH/
सम्प्रोक्षणविधिः 	 sampradAyaH/28-Agama-sampradAyaH/AgamaH/28/lalitAgamaH/samproxaNa-vidhiH/
सम्बन्धसिद्धि 	 sampradAyaH/kaulaH_shAktaH/sampradAyaH/pUrvAmnAyaH_trikam/mukta-bodha-mUlam/utpaladeva/sambandhasiddhi__M00080/
सरवतीस्तोत्रम् मन्त्रभास्यम् अष्टादशजातिनिर्णय 	 sampradAyaH/kaulaH_shAktaH/sampradAyaH/pUrvAmnAyaH_trikam/mukta-bodha-mUlam/unknown/sarasvatIstotram_mantrabhAShyam_aShTAdashajAtinirNaya__M00576/
सर्व-प्रस्तुतिः 	 sampradAyaH/28-Agama-sampradAyaH/tattvam/umA-pati-shivAchArya-shata-ratna-sangrahaH/sarva-prastutiH/
सर्व-प्रस्तुतिः 	 sampradAyaH/kaulaH_shAktaH/sampradAyaH/pUrvAmnAyaH_trikam/tattvam/praty-abhijnA/xema-rAja-mUlam/pratyabhijJNA-hRdayam/sarva-prastutiH/
सर्व-सिद्धान्त-विवेकः 	 sarva-siddhAnta-vivekaH/
सर्वज्ञानोत्तर 	 sampradAyaH/28-Agama-sampradAyaH/tattvam/sampradAyaH/aShTa-prakaraNa-shAkhA/mukta-bodha-mUlam/unknown/sarvajnAnottara__M00327/
सर्वज्ञानोत्तरवृत्तिः 	 sampradAyaH/28-Agama-sampradAyaH/kriyA/aShTa-prakaraNa-shAkhA/aghora-shivaH/sarvajnAnottaravRttiH/
सर्वज्ञानोत्तरवृत्तिः 	 sampradAyaH/28-Agama-sampradAyaH/tattvam/sampradAyaH/aShTa-prakaraNa-shAkhA/mukta-bodha-mUlam/aghorashiva/sarvajnAnottaravRtti__M00227/
सर्वप्रस्तुतिः 	 sampradAyaH/kaulaH_shAktaH/sampradAyaH/pUrvAmnAyaH_trikam/00_tantram/vijJNAna-bhairavaH/sarva-prastutiH/
सर्वात्म-शम्भु-सिद्धान्त-प्रकाशीका 	 sampradAyaH/28-Agama-sampradAyaH/tattvam/sampradAyaH/aShTa-prakaraNa-shAkhA/parichaya-sanxepaH/sarvAtma-shambhu-siddhAnta-prakAshikA/
सर्वोल्लसतन्त्र 	 sampradAyaH/kaulaH_shAktaH/mukta-bodha-mUlam/sarvAnanda/sarvollAsatantra__M00120/
संवर्त-स्तवः 	 sampradAyaH/kaulaH_shAktaH/sampradAyaH/pUrvAmnAyaH_trikam/articles/sthAneshvaraH/saMvarta-stavaH/
साम्बपञ्चाशिका 	 sampradAyaH/kaulaH_shAktaH/sampradAyaH/pUrvAmnAyaH_trikam/mukta-bodha-mUlam/sAmba_xemarAja/sAmbapanchAshikA_with_TIkA__M00076/
सावरतन्त्रमन्त्रसंग्रह 	 sampradAyaH/kaulaH_shAktaH/mukta-bodha-mUlam/unknown/shAbaratantramantrasaMgraha__M00643/
सिद्धलक्ष्मीपूजापद्धति 	 sampradAyaH/kaulaH_shAktaH/sampradAyaH/sarvAmnAyaH/mukta-bodha-mUlam/unknown/siddhalaxmIpUjApaddhati__M00257/
सिद्धान्तशिखामणि 	 sampradAyaH/vIra-shaivaH/mukta-bodha-mUlam/shivayogi_alias_shivayogishivAchArya/siddhAntashikhAmaNi__M00207/
सिद्धान्तसारपद्धति 	 sampradAyaH/28-Agama-sampradAyaH/tattvam/sampradAyaH/aShTa-prakaraNa-shAkhA/mukta-bodha-mUlam/bhojadeva/siddhAntasArapaddhati__M00531/
सिद्धान्तार्थ-समुच्चयः 	 sampradAyaH/28-Agama-sampradAyaH/tattvam/siddhAntArtha-samuchchayaH/
सिद्धान्तार्थसमुच्चय 	 sampradAyaH/28-Agama-sampradAyaH/tattvam/sampradAyaH/aShTa-prakaraNa-shAkhA/mukta-bodha-mUlam/trilochana_/siddhAntArthasamuchchaya__M00328/
सिद्धिलक्ष्मी आरामिक 	 sampradAyaH/kaulaH_shAktaH/sampradAyaH/sarvAmnAyaH/mukta-bodha-mUlam/unknown/siddhilaxmI_ArAmika__M00415/
सिद्धिलक्ष्मीकवच 	 sampradAyaH/kaulaH_shAktaH/sampradAyaH/sarvAmnAyaH/mukta-bodha-mUlam/unknown/siddhilaxmIkavacha__M00567/
सिद्धिलक्ष्मीकोट्याहुतिदिनकृत्य 	 sampradAyaH/kaulaH_shAktaH/sampradAyaH/sarvAmnAyaH/mukta-bodha-mUlam/unknown/siddhilaxmIkoTyAhutidinakRtya__M00417/
सिद्धिलक्ष्मीक्युताक्षरमालामन्त्र 	 sampradAyaH/kaulaH_shAktaH/sampradAyaH/sarvAmnAyaH/mukta-bodha-mUlam/unknown/siddhilaxmIkyutAxaramAlAmantra__M00418/
सिद्धिलक्ष्मीक्रमस्थण्डिलार्चनविधि 	 sampradAyaH/kaulaH_shAktaH/sampradAyaH/sarvAmnAyaH/mukta-bodha-mUlam/unknown/siddhilaxmIkramasthaNDilArchanavidhi__M00569/
सिद्धिलक्ष्मीक्रमार्चना 	 sampradAyaH/kaulaH_shAktaH/sampradAyaH/sarvAmnAyaH/mukta-bodha-mUlam/unknown/siddhilaxmIkramArchanA__M00568/
सिद्धिलक्ष्मीदेव्यार्चन 	 sampradAyaH/kaulaH_shAktaH/sampradAyaH/sarvAmnAyaH/mukta-bodha-mUlam/unknown/siddhilaxmIdevyArchana__M00416/
सिद्धिलक्ष्मीनित्यपूजापद्धति 	 sampradAyaH/kaulaH_shAktaH/kriyA/siddhilaxmI-nitya-pUjA-paddhatiH/
सिद्धिलक्ष्मीनित्यपूजापद्धति 	 sampradAyaH/kaulaH_shAktaH/sampradAyaH/sarvAmnAyaH/mukta-bodha-mUlam/unknown/siddhilaxmInityapUjApaddhati__M00571/
सिद्धिलक्ष्मीमन्त्रोद्धर 	 sampradAyaH/kaulaH_shAktaH/sampradAyaH/sarvAmnAyaH/mukta-bodha-mUlam/unknown/siddhilaxmImantroddhAra__M00570/
सिद्धिलक्ष्मीविधान 	 sampradAyaH/kaulaH_shAktaH/sampradAyaH/sarvAmnAyaH/mukta-bodha-mUlam/unknown/siddhilaxmIvidhAna__M00572/
सिद्धिलक्ष्म्यधिवासनस्थण्डिलार्चनविधि 	 sampradAyaH/kaulaH_shAktaH/sampradAyaH/sarvAmnAyaH/mukta-bodha-mUlam/unknown/siddhilaxmyadhivAsanasthaNDilArchanavidhi__M00565/
सिद्धिलक्ष्म्ययुताक्षरी 	 sampradAyaH/kaulaH_shAktaH/sampradAyaH/sarvAmnAyaH/mukta-bodha-mUlam/unknown/siddhilaxmyayutAxarI__M00573/
सुप्रभेदागम 	 sampradAyaH/28-Agama-sampradAyaH/tattvam/sampradAyaH/aShTa-prakaraNa-shAkhA/mukta-bodha-mUlam/unknown/suprabhedAgama__M00090/
सुबोधमञ्जरी 	 sampradAyaH/kaulaH_shAktaH/sampradAyaH/uttarAmnAyaH_kAlI-kulam_kramaH/mukta-bodha-mUlam/unknown/subodhamanjarI__M00269/
सूक्ष्मागम 	 sampradAyaH/28-Agama-sampradAyaH/tattvam/sampradAyaH/aShTa-prakaraNa-shAkhA/mukta-bodha-mUlam/unknown/sUxmAgama__M00329/
सोम-शम्भु-पद्धति-व्याख्या 	 sampradAyaH/28-Agama-sampradAyaH/kriyA/aShTa-prakaraNa-shAkhA/soma-shambhu-paddhatiH/vyAkhyA/
सोमशम्भुपद्धतिव्याख्या 	 sampradAyaH/28-Agama-sampradAyaH/tattvam/sampradAyaH/aShTa-prakaraNa-shAkhA/mukta-bodha-mUlam/somashambhu_tryambakashambhu/somashambhupaddhativyAkhyA__M00220/
सौन्दर्यलहरी 	 sampradAyaH/kaulaH_shAktaH/sampradAyaH/daxiNAmnAyaH_shrI-kulam/AgamaH/saundarya-laharI/
सौभाग्य-रत्नाकर 	 kriyA/saubhAgya-ratnAkaraH/
सौभाग्य-हृदय-स्तोत्रम् 	 sampradAyaH/kaulaH_shAktaH/sampradAyaH/daxiNAmnAyaH_shrI-kulam/amRtAnandaH/saubhagya-hRdaya-stotram/
सौभाग्यकल्पद्रूम 	 sampradAyaH/kaulaH_shAktaH/sampradAyaH/daxiNAmnAyaH_shrI-kulam/mukta-bodha-mUlam/unknown/saubhAgyakalpadruma__M00648/
सौभाग्यतन्त्र 	 sampradAyaH/kaulaH_shAktaH/sampradAyaH/daxiNAmnAyaH_shrI-kulam/mukta-bodha-mUlam/unknown/saubhAgyatantra__M00649/
सौभाग्यतरङ्गिणी 	 sampradAyaH/kaulaH_shAktaH/sampradAyaH/daxiNAmnAyaH_shrI-kulam/mukta-bodha-mUlam/mukunda/saubhAgyatarangiNI__M00312/
सौभाग्यरत्नाकर 	 sampradAyaH/kaulaH_shAktaH/sampradAyaH/daxiNAmnAyaH_shrI-kulam/mukta-bodha-mUlam/unknown/saubhAgyaratnAkara__M00577/
स्तवचिन्तामणि 	 sampradAyaH/kaulaH_shAktaH/sampradAyaH/pUrvAmnAyaH_trikam/mukta-bodha-mUlam/bhaTTanArAyaNa/stavachintAmaNi__M00089/
स्तुतिकुसुमाञ्जलि 	 sampradAyaH/kaulaH_shAktaH/sampradAyaH/pUrvAmnAyaH_trikam/mukta-bodha-mUlam/jagaddhara_bhaTTa/stutikusumAnjali__M00260/
स्पन्दकारिका 	 sampradAyaH/kaulaH_shAktaH/sampradAyaH/pUrvAmnAyaH_trikam/mukta-bodha-mUlam/unknown_kallaTa_bhaTTa_rAmakaNTha/spandakArikA_with_vRtti_and_vivRti__M00067/
स्पन्दकारिका विवृत्ति रामकण्ठ 	 sampradAyaH/kaulaH_shAktaH/sampradAyaH/pUrvAmnAyaH_trikam/mukta-bodha-mUlam/unknown_rAmakaNTha/spandakArikA_with_vivRti__M00352/
स्पन्दनिर्णय 	 sampradAyaH/kaulaH_shAktaH/sampradAyaH/pUrvAmnAyaH_trikam/mukta-bodha-mUlam/unknown_xemarAja/spandanirNaya__M00163/
स्पन्दप्रदीपिका 	 sampradAyaH/kaulaH_shAktaH/sampradAyaH/pUrvAmnAyaH_trikam/mukta-bodha-mUlam/bhagavad_utpala/spandapradIpikA__M00532/
स्पन्दसन्दोह 	 sampradAyaH/kaulaH_shAktaH/sampradAyaH/pUrvAmnAyaH_trikam/mukta-bodha-mUlam/unknown_xemarAja/spandasandoha__M00084/
स्वच्छन्दतन्त्र 	 sampradAyaH/kaulaH_shAktaH/mukta-bodha-mUlam/unknown_xemarAja/svachChandatantra_with_uddyota__M00091/
स्वच्छन्दपद्धति 	 sampradAyaH/kaulaH_shAktaH/sampradAyaH/daxiNAmnAyaH_shrI-kulam/mukta-bodha-mUlam/chidAnandanAtha/svachChandapaddhati__M00194/
स्वातन्त्रयदीपिका 	 sampradAyaH/kaulaH_shAktaH/sampradAyaH/pUrvAmnAyaH_trikam/mukta-bodha-mUlam/mAnasarAma/svAtantryadIpikA__M00533/
स्वातन्त्र्यदीपिका 	 sampradAyaH/kaulaH_shAktaH/sampradAyaH/pUrvAmnAyaH_trikam/mukta-bodha-mUlam/mansArAm_mongA/svAtantryadIpikA__M00668/
स्वात्मोपलब्धि-शतकम् 	 sampradAyaH/kaulaH_shAktaH/sampradAyaH/pUrvAmnAyaH_trikam/tattvam/abhinava-gupta-mUlam/millana-svAtmopalabdhi-shatakam/
हरिहर-दिनचरी 	 sampradAyaH/kaulaH_shAktaH/sampradAyaH/daxiNAmnAyaH_shrI-kulam/articles/harihara-dinacharI/
हरिहरतारतम्य 	 mukta-bodha-mUlam/haradatta_attributed_to/hariharatAratamya__M00616/
हंससार 	 sampradAyaH/kaulaH_shAktaH/mukta-bodha-mUlam/unknown/haMsasAra__M00264/
हाहारावतन्त्र 	 sampradAyaH/kaulaH_shAktaH/sampradAyaH/uttarAmnAyaH_kAlI-kulam_kramaH/mukta-bodha-mUlam/unknown/hAhArAvatantra__M00283/
🥽🔦 	 search/
